ac_number,candidate,party,votes,turnout,party_std,constituency,district,region,reserved
1,S.VIJAYAKUMAR,TVK,94320,92.58,TVK,Gummidipundi,Tiruvallur,Chennai Metro,GEN
1,SUDHAKAR.V,AIADMK,66375,92.58,AIADMK,Gummidipundi,Tiruvallur,Chennai Metro,GEN
1,T.J.GOVINDARAJAN,DMK,62492,92.58,DMK,Gummidipundi,Tiruvallur,Chennai Metro,GEN
1,"R.SRIDAR. B.L.,",NTK,4756,92.58,NTK,Gummidipundi,Tiruvallur,Chennai Metro,GEN
1,NOTA,NOTA,937,92.58,NOTA,Gummidipundi,Tiruvallur,Chennai Metro,GEN
1,M.JAGADEESAN,Bahujan Samaj Party,697,92.58,BSP,Gummidipundi,Tiruvallur,Chennai Metro,GEN
1,SDK SANKAR,Aanaithinthiya Jananayaka Pathukappu Kazhagam,599,92.58,Aanaithinthiya Jananayaka Pathukappu Kazhagam,Gummidipundi,Tiruvallur,Chennai Metro,GEN
1,G.RANJITH B.SC.L.L.B,IND,503,92.58,IND,Gummidipundi,Tiruvallur,Chennai Metro,GEN
1,K. CHANDRA SEKAR,Veerath Thiyagi Viswanathadoss Thozhilalarkal Katchi,336,92.58,Veerath Thiyagi Viswanathadoss Thozhilalarkal Katchi,Gummidipundi,Tiruvallur,Chennai Metro,GEN
1,D.SUDHAKAR,IND,321,92.58,IND,Gummidipundi,Tiruvallur,Chennai Metro,GEN
1,M.KUMARAN,IND,260,92.58,IND,Gummidipundi,Tiruvallur,Chennai Metro,GEN
1,D.DINESH,IND,222,92.58,IND,Gummidipundi,Tiruvallur,Chennai Metro,GEN
1,V.SUDHAKAR,IND,217,92.58,IND,Gummidipundi,Tiruvallur,Chennai Metro,GEN
1,T.GOVINDAN,IND,206,92.58,IND,Gummidipundi,Tiruvallur,Chennai Metro,GEN
1,GOPAL.K,IND,177,92.58,IND,Gummidipundi,Tiruvallur,Chennai Metro,GEN
1,A.H. SIVA GANESH,IND,104,92.58,IND,Gummidipundi,Tiruvallur,Chennai Metro,GEN
2,DR.RAVI.M.S,TVK,110439,89.63,TVK,Ponneri,Tiruvallur,Chennai Metro,SC
2,DURAI CHANDRASEKAR,INC,54671,89.63,INC,Ponneri,Tiruvallur,Chennai Metro,SC
2,BALARAMAN.P,AIADMK,51468,89.63,AIADMK,Ponneri,Tiruvallur,Chennai Metro,SC
2,RAJATHI.M,NTK,6676,89.63,NTK,Ponneri,Tiruvallur,Chennai Metro,SC
2,NOTA,NOTA,865,89.63,NOTA,Ponneri,Tiruvallur,Chennai Metro,SC
2,SANTHOSHKUMAR.J,Bahujan Samaj Party,615,89.63,BSP,Ponneri,Tiruvallur,Chennai Metro,SC
2,MALATHI.S,Tamizhaga Murpokku Makkal Katchi,371,89.63,Tamizhaga Murpokku Makkal Katchi,Ponneri,Tiruvallur,Chennai Metro,SC
2,ASHOK PRIYADARSHAN,Desiya Makkal Sakthi Katchi,366,89.63,Desiya Makkal Sakthi Katchi,Ponneri,Tiruvallur,Chennai Metro,SC
2,RAJA.S,Vanchit Bahujan Aaghadi,299,89.63,Vanchit Bahujan Aaghadi,Ponneri,Tiruvallur,Chennai Metro,SC
2,RAJASEKAR.J,IND,289,89.63,IND,Ponneri,Tiruvallur,Chennai Metro,SC
2,NAGAIYAN.G,IND,232,89.63,IND,Ponneri,Tiruvallur,Chennai Metro,SC
2,VENKATESAN.S,IND,203,89.63,IND,Ponneri,Tiruvallur,Chennai Metro,SC
2,KOTTEESWARAN. K,Tamizhaga Vaazhvurimai Katchi,166,89.63,Tamizhaga Vaazhvurimai Katchi,Ponneri,Tiruvallur,Chennai Metro,SC
2,BARATHIRAJA.K,IND,159,89.63,IND,Ponneri,Tiruvallur,Chennai Metro,SC
3,G.HARI,AIADMK,89169,93.5,AIADMK,Tiruttani,Tiruvallur,Chennai Metro,GEN
3,M.SATHYA KUMAR,TVK,83376,93.5,TVK,Tiruttani,Tiruvallur,Chennai Metro,GEN
3,D.KRISHNAMURTHY,DMDK,54863,93.5,DMDK,Tiruttani,Tiruvallur,Chennai Metro,GEN
3,CHANDRAN .S.S,NTK,6704,93.5,NTK,Tiruttani,Tiruvallur,Chennai Metro,GEN
3,NOTA,NOTA,1210,93.5,NOTA,Tiruttani,Tiruvallur,Chennai Metro,GEN
3,KRISHNAMOORTHY.M,IND,946,93.5,IND,Tiruttani,Tiruvallur,Chennai Metro,GEN
3,JAMBU.B,IND,628,93.5,IND,Tiruttani,Tiruvallur,Chennai Metro,GEN
3,MUTHURAJ.G,Bahujan Samaj Party,470,93.5,BSP,Tiruttani,Tiruvallur,Chennai Metro,GEN
3,KRISHNAMOORTHY.D,IND,467,93.5,IND,Tiruttani,Tiruvallur,Chennai Metro,GEN
3,BALAJI.A,Thakkam Katchi,272,93.5,Thakkam Katchi,Tiruttani,Tiruvallur,Chennai Metro,GEN
3,KRISHNAMOORTHY.K,IND,210,93.5,IND,Tiruttani,Tiruvallur,Chennai Metro,GEN
3,DR.A.V.NARENDRAN,IND,198,93.5,IND,Tiruttani,Tiruvallur,Chennai Metro,GEN
3,SHETTU.S,IND,153,93.5,IND,Tiruttani,Tiruvallur,Chennai Metro,GEN
3,PAVENDHAN.Y.R,Tamizhaga Vaazhvurimai Katchi,132,93.5,Tamizhaga Vaazhvurimai Katchi,Tiruttani,Tiruvallur,Chennai Metro,GEN
4,DR. T. ARUNKUMAR,TVK,92190,89.34,TVK,Thiruvallur,Tiruvallur,Chennai Metro,GEN
4,V.G. RAAJENDRAN,DMK,67430,89.34,DMK,Thiruvallur,Tiruvallur,Chennai Metro,GEN
4,BE  VEE RAMANAH,AIADMK,56562,89.34,AIADMK,Thiruvallur,Tiruvallur,Chennai Metro,GEN
4,K. SENTHILKUMAR,NTK,5513,89.34,NTK,Thiruvallur,Tiruvallur,Chennai Metro,GEN
4,NOTA,NOTA,1132,89.34,NOTA,Thiruvallur,Tiruvallur,Chennai Metro,GEN
4,S. RAJENDRAN,IND,868,89.34,IND,Thiruvallur,Tiruvallur,Chennai Metro,GEN
4,B. RAJESH KUMAR,Bahujan Samaj Party,674,89.34,BSP,Thiruvallur,Tiruvallur,Chennai Metro,GEN
4,E. MANI,Republican Party of India (Athawale),653,89.34,Republican Party of India (Athawale),Thiruvallur,Tiruvallur,Chennai Metro,GEN
4,N. VENKATESAN,Aanaithinthiya Jananayaka Pathukappu Kazhagam,354,89.34,Aanaithinthiya Jananayaka Pathukappu Kazhagam,Thiruvallur,Tiruvallur,Chennai Metro,GEN
4,G. RAJENDIRAN,IND,227,89.34,IND,Thiruvallur,Tiruvallur,Chennai Metro,GEN
4,E.KOTHANDAN,IND,203,89.34,IND,Thiruvallur,Tiruvallur,Chennai Metro,GEN
4,N. BALAKRISHNAN,IND,186,89.34,IND,Thiruvallur,Tiruvallur,Chennai Metro,GEN
4,N. NAGENDRABABU,IND,184,89.34,IND,Thiruvallur,Tiruvallur,Chennai Metro,GEN
4,E. RAJARATHINAM,Tamizhaga Vaazhvurimai Katchi,134,89.34,Tamizhaga Vaazhvurimai Katchi,Thiruvallur,Tiruvallur,Chennai Metro,GEN
4,R. RAMANAN,IND,118,89.34,IND,Thiruvallur,Tiruvallur,Chennai Metro,GEN
5,PRAKASAM.R,TVK,161309,85.71,TVK,Poonamallee,Tiruvallur,Chennai Metro,SC
5,KRISHNASWAMY.A,DMK,88569,85.71,DMK,Poonamallee,Tiruvallur,Chennai Metro,SC
5,ELUMALAI.T.A,AMMK,43280,85.71,AMMK,Poonamallee,Tiruvallur,Chennai Metro,SC
5,MEKALA.J,NTK,11697,85.71,NTK,Poonamallee,Tiruvallur,Chennai Metro,SC
5,NOTA,NOTA,1571,85.71,NOTA,Poonamallee,Tiruvallur,Chennai Metro,SC
5,RAJASEKARAN.K,Bahujan Samaj Party,860,85.71,BSP,Poonamallee,Tiruvallur,Chennai Metro,SC
5,RAVIKUMAR.M,IND,355,85.71,IND,Poonamallee,Tiruvallur,Chennai Metro,SC
5,DR.JAYANTHI.R,IND,304,85.71,IND,Poonamallee,Tiruvallur,Chennai Metro,SC
5,SIVAKUMAR.S,IND,297,85.71,IND,Poonamallee,Tiruvallur,Chennai Metro,SC
5,VELU.S,IND,264,85.71,IND,Poonamallee,Tiruvallur,Chennai Metro,SC
5,PURUSHOTHAMAN.B,IND,255,85.71,IND,Poonamallee,Tiruvallur,Chennai Metro,SC
5,DHASARATHAN.R,IND,133,85.71,IND,Poonamallee,Tiruvallur,Chennai Metro,SC
6,R.RAMESH KUMAR,TVK,180384,78.96,TVK,Avadi,Tiruvallur,Chennai Metro,GEN
6,S.M.NASAR,DMK,104073,78.96,DMK,Avadi,Tiruvallur,Chennai Metro,GEN
6,RAJASIMHA MAHENDRA,BJP,39605,78.96,BJP,Avadi,Tiruvallur,Chennai Metro,GEN
6,PUNITHA SHANMUGAM,NTK,16335,78.96,NTK,Avadi,Tiruvallur,Chennai Metro,GEN
6,NOTA,NOTA,1533,78.96,NOTA,Avadi,Tiruvallur,Chennai Metro,GEN
6,S. CHARLES,Bahujan Samaj Party,761,78.96,BSP,Avadi,Tiruvallur,Chennai Metro,GEN
6,R. BAKTHAVATCHALAM,All India Puratchi Thalaivar Makkal Munnettra Kazhagam,627,78.96,All India Puratchi Thalaivar Makkal Munnettra Kazhagam,Avadi,Tiruvallur,Chennai Metro,GEN
6,R.Edmund Jayendren,Tamizhaga Vaazhvurimai Katchi,478,78.96,Tamizhaga Vaazhvurimai Katchi,Avadi,Tiruvallur,Chennai Metro,GEN
6,R. KUMAR,IND,308,78.96,IND,Avadi,Tiruvallur,Chennai Metro,GEN
6,P. CHELLAPANDIAN,IND,255,78.96,IND,Avadi,Tiruvallur,Chennai Metro,GEN
6,C.S. Karnan,Anti Corruption Dynamic Party,224,78.96,Anti Corruption Dynamic Party,Avadi,Tiruvallur,Chennai Metro,GEN
6,G.D. ARUNKUMAR,IND,205,78.96,IND,Avadi,Tiruvallur,Chennai Metro,GEN
6,R. MANIKANDAN,IND,195,78.96,IND,Avadi,Tiruvallur,Chennai Metro,GEN
6,P.JAYAKUMAR,Samaniya Makkal Nala Katchi,177,78.96,Samaniya Makkal Nala Katchi,Avadi,Tiruvallur,Chennai Metro,GEN
6,S. SENTHILKUMAR,IND,167,78.96,IND,Avadi,Tiruvallur,Chennai Metro,GEN
6,SENTHILKUMAR. S,Anna Puratchi Thalaivar Amma Dravida Munnetra Kazhagam,156,78.96,Anna Puratchi Thalaivar Amma Dravida Munnetra Kazhagam,Avadi,Tiruvallur,Chennai Metro,GEN
6,K. BALAKRISHNAN,IND,141,78.96,IND,Avadi,Tiruvallur,Chennai Metro,GEN
6,M. ERAJASIMMAN,IND,105,78.96,IND,Avadi,Tiruvallur,Chennai Metro,GEN
6,RAJASEKAR. R,IND,105,78.96,IND,Avadi,Tiruvallur,Chennai Metro,GEN
6,UNIESH RAJ. M,IND,94,78.96,IND,Avadi,Tiruvallur,Chennai Metro,GEN
6,K. ANNAMALAI,IND,77,78.96,IND,Avadi,Tiruvallur,Chennai Metro,GEN
7,RHEVANTH CHARAN,TVK,141725,74.9,TVK,Maduravoyal,Tiruvallur,Chennai Metro,GEN
7,GANAPATHY. K,DMK,80216,74.9,DMK,Maduravoyal,Tiruvallur,Chennai Metro,GEN
7,P. BENJAMIN,AIADMK,54705,74.9,AIADMK,Maduravoyal,Tiruvallur,Chennai Metro,GEN
7,REVATHI L,NTK,13024,74.9,NTK,Maduravoyal,Tiruvallur,Chennai Metro,GEN
7,NOTA,NOTA,1462,74.9,NOTA,Maduravoyal,Tiruvallur,Chennai Metro,GEN
7,R. SIVA,IND,322,74.9,IND,Maduravoyal,Tiruvallur,Chennai Metro,GEN
7,MURALI. S,Naam Indiar Party,300,74.9,Naam Indiar Party,Maduravoyal,Tiruvallur,Chennai Metro,GEN
7,AGNI SELVARAJU. J,Naadaalum Makkal Katchi,266,74.9,Naadaalum Makkal Katchi,Maduravoyal,Tiruvallur,Chennai Metro,GEN
7,J. VENKATESAN,All India Puratchi Thalaivar Makkal Munnettra Kazhagam,233,74.9,All India Puratchi Thalaivar Makkal Munnettra Kazhagam,Maduravoyal,Tiruvallur,Chennai Metro,GEN
7,S. BENJAMIN MOSES,IND,207,74.9,IND,Maduravoyal,Tiruvallur,Chennai Metro,GEN
7,PONMUTHU RAMESH,IND,202,74.9,IND,Maduravoyal,Tiruvallur,Chennai Metro,GEN
7,K. VENKATESAN,Veerath Thiyagi Viswanathadoss Thozhilalarkal Katchi,171,74.9,Veerath Thiyagi Viswanathadoss Thozhilalarkal Katchi,Maduravoyal,Tiruvallur,Chennai Metro,GEN
7,N.A. MANI,IND,157,74.9,IND,Maduravoyal,Tiruvallur,Chennai Metro,GEN
7,V. KAMALA KANNAN,IND,119,74.9,IND,Maduravoyal,Tiruvallur,Chennai Metro,GEN
7,K. GANAPATHY,IND,99,74.9,IND,Maduravoyal,Tiruvallur,Chennai Metro,GEN
7,R. YUVARAJ,IND,84,74.9,IND,Maduravoyal,Tiruvallur,Chennai Metro,GEN
7,VIGNESH NANDAGOPAL,IND,83,74.9,IND,Maduravoyal,Tiruvallur,Chennai Metro,GEN
7,SARAVANAN KUMAR,IND,78,74.9,IND,Maduravoyal,Tiruvallur,Chennai Metro,GEN
7,MUTHURAMAN. S,Anna MGR Dravida Makkal Kalgam,71,74.9,Anna MGR Dravida Makkal Kalgam,Maduravoyal,Tiruvallur,Chennai Metro,GEN
7,D. ANANDAN,IND,67,74.9,IND,Maduravoyal,Tiruvallur,Chennai Metro,GEN
7,M. BALASUBRAMANIAN,IND,67,74.9,IND,Maduravoyal,Tiruvallur,Chennai Metro,GEN
7,M. JAMES,IND,34,74.9,IND,Maduravoyal,Tiruvallur,Chennai Metro,GEN
8,BALAMURUGAN.G,TVK,133339,74.21,TVK,Ambattur,Tiruvallur,Chennai Metro,GEN
8,DR A.P. POORNIMA,DMK,74558,74.21,DMK,Ambattur,Tiruvallur,Chennai Metro,GEN
8,K.N. SEKAR,PMK,35997,74.21,PMK,Ambattur,Tiruvallur,Chennai Metro,GEN
8,SILAMBARASAN,NTK,11088,74.21,NTK,Ambattur,Tiruvallur,Chennai Metro,GEN
8,NOTA,NOTA,1490,74.21,NOTA,Ambattur,Tiruvallur,Chennai Metro,GEN
8,A.KALYANASUNDARAM,Nationalist Janshakti Party,588,74.21,Nationalist Janshakti Party,Ambattur,Tiruvallur,Chennai Metro,GEN
8,R.BALAMURUGAN,IND,493,74.21,IND,Ambattur,Tiruvallur,Chennai Metro,GEN
8,DR. J.SAILAS,Bahujan Samaj Party,443,74.21,BSP,Ambattur,Tiruvallur,Chennai Metro,GEN
8,DR. S.PRAVEEN,IND,308,74.21,IND,Ambattur,Tiruvallur,Chennai Metro,GEN
8,V. RAMKUMAR,India Suyarajya Party,224,74.21,India Suyarajya Party,Ambattur,Tiruvallur,Chennai Metro,GEN
8,S. MADHAVAN,IND,179,74.21,IND,Ambattur,Tiruvallur,Chennai Metro,GEN
8,M.S. ARUMUGAM,IND,135,74.21,IND,Ambattur,Tiruvallur,Chennai Metro,GEN
8,RAJKUMAR,Tamizhaga Vaazhvurimai Katchi,127,74.21,Tamizhaga Vaazhvurimai Katchi,Ambattur,Tiruvallur,Chennai Metro,GEN
8,K. SEKAR,IND,127,74.21,IND,Ambattur,Tiruvallur,Chennai Metro,GEN
8,S. JANARTHANAN,IND,126,74.21,IND,Ambattur,Tiruvallur,Chennai Metro,GEN
8,G.P. SEKAR,IND,103,74.21,IND,Ambattur,Tiruvallur,Chennai Metro,GEN
8,PALANI,IND,103,74.21,IND,Ambattur,Tiruvallur,Chennai Metro,GEN
8,D.K.MESHACK KIRUBAKARAN,IND,102,74.21,IND,Ambattur,Tiruvallur,Chennai Metro,GEN
8,JOTHI.M,IND,89,74.21,IND,Ambattur,Tiruvallur,Chennai Metro,GEN
8,VINAYAGAMOORTHY.R,IND,83,74.21,IND,Ambattur,Tiruvallur,Chennai Metro,GEN
8,P. ARUMUGAM,IND,77,74.21,IND,Ambattur,Tiruvallur,Chennai Metro,GEN
8,G. SAMPATH,IND,72,74.21,IND,Ambattur,Tiruvallur,Chennai Metro,GEN
8,D. PUSHPA,IND,68,74.21,IND,Ambattur,Tiruvallur,Chennai Metro,GEN
8,D. JEYAGANESH,Naam Indiar Party,67,74.21,Naam Indiar Party,Ambattur,Tiruvallur,Chennai Metro,GEN
9,M.L.VIJAYPRABHU,TVK,190462,78.43,TVK,Madavaram,Tiruvallur,Chennai Metro,GEN
9,S.SUDHARSANAM,DMK,95477,78.43,DMK,Madavaram,Tiruvallur,Chennai Metro,GEN
9,MADHAVARAM V.MOORTHY,AIADMK,59290,78.43,AIADMK,Madavaram,Tiruvallur,Chennai Metro,GEN
9,E.KRITHIKA,NTK,12637,78.43,NTK,Madavaram,Tiruvallur,Chennai Metro,GEN
9,NOTA,NOTA,1394,78.43,NOTA,Madavaram,Tiruvallur,Chennai Metro,GEN
9,I.RAFFIK,Naadaalum Makkal Katchi,676,78.43,Naadaalum Makkal Katchi,Madavaram,Tiruvallur,Chennai Metro,GEN
9,N.JANAKIRAMAN,Bahujan Samaj Party,537,78.43,BSP,Madavaram,Tiruvallur,Chennai Metro,GEN
9,R.KARTHIKEYAN,Tamizhaga Vaazhvurimai Katchi,232,78.43,Tamizhaga Vaazhvurimai Katchi,Madavaram,Tiruvallur,Chennai Metro,GEN
9,S.SIVAKUMAR,IND,198,78.43,IND,Madavaram,Tiruvallur,Chennai Metro,GEN
9,G.PRABU,IND,191,78.43,IND,Madavaram,Tiruvallur,Chennai Metro,GEN
9,V.MURTHY,IND,188,78.43,IND,Madavaram,Tiruvallur,Chennai Metro,GEN
9,A.NAGARAJAN,IND,177,78.43,IND,Madavaram,Tiruvallur,Chennai Metro,GEN
9,SUDARSANAM,IND,157,78.43,IND,Madavaram,Tiruvallur,Chennai Metro,GEN
9,C.MOORTHY,IND,154,78.43,IND,Madavaram,Tiruvallur,Chennai Metro,GEN
9,A.PONNALAGAN,IND,129,78.43,IND,Madavaram,Tiruvallur,Chennai Metro,GEN
9,R.S.BALAJI,IND,99,78.43,IND,Madavaram,Tiruvallur,Chennai Metro,GEN
10,SENTHIL KUMAR. N,TVK,110067,79.21,TVK,Thiruvottiyur,Tiruvallur,Chennai Metro,GEN
10,SUNDARARAJ. L,CPI(M),56503,79.21,CPIM,Thiruvottiyur,Tiruvallur,Chennai Metro,GEN
10,KUPPAN. K,AIADMK,28320,79.21,AIADMK,Thiruvottiyur,Tiruvallur,Chennai Metro,GEN
10,SATHYA. B,NTK,8413,79.21,NTK,Thiruvottiyur,Tiruvallur,Chennai Metro,GEN
10,MICHAELRAJ. M. A,IND,838,79.21,IND,Thiruvottiyur,Tiruvallur,Chennai Metro,GEN
10,NOTA,NOTA,805,79.21,NOTA,Thiruvottiyur,Tiruvallur,Chennai Metro,GEN
10,MAHENDRA KUMAR. D,Bahujan Samaj Party,458,79.21,BSP,Thiruvottiyur,Tiruvallur,Chennai Metro,GEN
10,VIJAY. A,IND,316,79.21,IND,Thiruvottiyur,Tiruvallur,Chennai Metro,GEN
10,BALARUBAN,IND,307,79.21,IND,Thiruvottiyur,Tiruvallur,Chennai Metro,GEN
10,SASIREKHA. M,Veerath Thiyagi Viswanathadoss Thozhilalarkal Katchi,271,79.21,Veerath Thiyagi Viswanathadoss Thozhilalarkal Katchi,Thiruvottiyur,Tiruvallur,Chennai Metro,GEN
10,DILLI KUMAR. R,Democratic National Allegiance,198,79.21,Democratic National Allegiance,Thiruvottiyur,Tiruvallur,Chennai Metro,GEN
10,VENKATARAMANAN. J,Tamizhaga Vaazhvurimai Katchi,149,79.21,Tamizhaga Vaazhvurimai Katchi,Thiruvottiyur,Tiruvallur,Chennai Metro,GEN
10,THANIKASALAM. B,IND,139,79.21,IND,Thiruvottiyur,Tiruvallur,Chennai Metro,GEN
10,GOPI. K,IND,117,79.21,IND,Thiruvottiyur,Tiruvallur,Chennai Metro,GEN
10,JANAGARAJ,IND,110,79.21,IND,Thiruvottiyur,Tiruvallur,Chennai Metro,GEN
10,ARAVIND. R,IND,77,79.21,IND,Thiruvottiyur,Tiruvallur,Chennai Metro,GEN
11,N. MARIE WILSON,TVK,97800,85.66,TVK,Dr. Radhakrishnan Nagar,Chennai,Chennai Metro,GEN
11,J. JOHN EBENEZER,DMK,48132,85.66,DMK,Dr. Radhakrishnan Nagar,Chennai,Chennai Metro,GEN
11,R.S.RAAJESH,AIADMK,26892,85.66,AIADMK,Dr. Radhakrishnan Nagar,Chennai,Chennai Metro,GEN
11,VENNILA.T,NTK,5364,85.66,NTK,Dr. Radhakrishnan Nagar,Chennai,Chennai Metro,GEN
11,NOTA,NOTA,561,85.66,NOTA,Dr. Radhakrishnan Nagar,Chennai,Chennai Metro,GEN
11,B.NAVIN,Tamizhaga Vaazhvurimai Katchi,338,85.66,Tamizhaga Vaazhvurimai Katchi,Dr. Radhakrishnan Nagar,Chennai,Chennai Metro,GEN
11,E. RAAMADASAN,Makkal Nalvaazhvuk Katchi,236,85.66,Makkal Nalvaazhvuk Katchi,Dr. Radhakrishnan Nagar,Chennai,Chennai Metro,GEN
11,D.PRABHU,IND,211,85.66,IND,Dr. Radhakrishnan Nagar,Chennai,Chennai Metro,GEN
11,A.MOHANRAJ,Socialist Unity Centre Of India (COMMUNIST),179,85.66,Socialist Unity Centre Of India (COMMUNIST),Dr. Radhakrishnan Nagar,Chennai,Chennai Metro,GEN
11,J.SARAVANAKUMAR,IND,149,85.66,IND,Dr. Radhakrishnan Nagar,Chennai,Chennai Metro,GEN
11,M. SATHISH,IND,112,85.66,IND,Dr. Radhakrishnan Nagar,Chennai,Chennai Metro,GEN
11,K. MURALI,IND,91,85.66,IND,Dr. Radhakrishnan Nagar,Chennai,Chennai Metro,GEN
11,V.SUDHAKAR,IND,86,85.66,IND,Dr. Radhakrishnan Nagar,Chennai,Chennai Metro,GEN
11,A.VIJAY,IND,71,85.66,IND,Dr. Radhakrishnan Nagar,Chennai,Chennai Metro,GEN
11,C. RAJAMANICKAM,IND,65,85.66,IND,Dr. Radhakrishnan Nagar,Chennai,Chennai Metro,GEN
11,G. VIJAY,IND,58,85.66,IND,Dr. Radhakrishnan Nagar,Chennai,Chennai Metro,GEN
11,L.SARAVANAN,IND,54,85.66,IND,Dr. Radhakrishnan Nagar,Chennai,Chennai Metro,GEN
11,G. BOTHI RAJAN,IND,54,85.66,IND,Dr. Radhakrishnan Nagar,Chennai,Chennai Metro,GEN
11,CHANDRASEKAR,Tamizhaga Murpokku Makkal Katchi,47,85.66,Tamizhaga Murpokku Makkal Katchi,Dr. Radhakrishnan Nagar,Chennai,Chennai Metro,GEN
11,MANIKANDAN.H,IND,47,85.66,IND,Dr. Radhakrishnan Nagar,Chennai,Chennai Metro,GEN
11,J.MURALI KRISHNAN,IND,47,85.66,IND,Dr. Radhakrishnan Nagar,Chennai,Chennai Metro,GEN
11,D.KARTHIKEYAN,Samata Party,44,85.66,Samata Party,Dr. Radhakrishnan Nagar,Chennai,Chennai Metro,GEN
11,R.ETHIRAJ,IND,44,85.66,IND,Dr. Radhakrishnan Nagar,Chennai,Chennai Metro,GEN
11,C.JANARTHANAN,IND,42,85.66,IND,Dr. Radhakrishnan Nagar,Chennai,Chennai Metro,GEN
11,A. USHA,IND,41,85.66,IND,Dr. Radhakrishnan Nagar,Chennai,Chennai Metro,GEN
11,V.SHANKAR,IND,40,85.66,IND,Dr. Radhakrishnan Nagar,Chennai,Chennai Metro,GEN
11,R.DEVAKUMAR,IND,40,85.66,IND,Dr. Radhakrishnan Nagar,Chennai,Chennai Metro,GEN
11,R. MUTHU CHELLA BHARATHI,IND,39,85.66,IND,Dr. Radhakrishnan Nagar,Chennai,Chennai Metro,GEN
11,D. JANARTHANAN,IND,37,85.66,IND,Dr. Radhakrishnan Nagar,Chennai,Chennai Metro,GEN
11,R.TAMILARASAN,IND,36,85.66,IND,Dr. Radhakrishnan Nagar,Chennai,Chennai Metro,GEN
11,V. MADHAN MOHAN,IND,35,85.66,IND,Dr. Radhakrishnan Nagar,Chennai,Chennai Metro,GEN
11,P. MARIMUTHU,IND,35,85.66,IND,Dr. Radhakrishnan Nagar,Chennai,Chennai Metro,GEN
11,D. AJITH KUMAR,IND,32,85.66,IND,Dr. Radhakrishnan Nagar,Chennai,Chennai Metro,GEN
11,AMUDHA.N,IND,30,85.66,IND,Dr. Radhakrishnan Nagar,Chennai,Chennai Metro,GEN
11,J.VIJAYAN,IND,26,85.66,IND,Dr. Radhakrishnan Nagar,Chennai,Chennai Metro,GEN
11,K. SUJITH,IND,25,85.66,IND,Dr. Radhakrishnan Nagar,Chennai,Chennai Metro,GEN
11,TAMILSELVAN,IND,25,85.66,IND,Dr. Radhakrishnan Nagar,Chennai,Chennai Metro,GEN
11,S.EMMANUVEL,IND,24,85.66,IND,Dr. Radhakrishnan Nagar,Chennai,Chennai Metro,GEN
11,G. MADHAN KUMAR,IND,17,85.66,IND,Dr. Radhakrishnan Nagar,Chennai,Chennai Metro,GEN
12,C. JOSEPH VIJAY,TVK,120365,75.77,TVK,Perambur,Chennai,Chennai Metro,GEN
12,R.D. SHEKAR,DMK,66650,75.77,DMK,Perambur,Chennai,Chennai Metro,GEN
12,M. THILAGABAMA,PMK,8561,75.77,PMK,Perambur,Chennai,Chennai Metro,GEN
12,S. VETRI THAMIZHAN,NTK,5114,75.77,NTK,Perambur,Chennai,Chennai Metro,GEN
12,NOTA,NOTA,601,75.77,NOTA,Perambur,Chennai,Chennai Metro,GEN
12,A. RAJARAM,Republican Party of India (Athawale),256,75.77,Republican Party of India (Athawale),Perambur,Chennai,Chennai Metro,GEN
12,G. RUTHRA KUMAR,IND,238,75.77,IND,Perambur,Chennai,Chennai Metro,GEN
12,AGNI AALVAR,IND,230,75.77,IND,Perambur,Chennai,Chennai Metro,GEN
12,VIJAY,All India Jananayaka Makkal Kazhagam,216,75.77,All India Jananayaka Makkal Kazhagam,Perambur,Chennai,Chennai Metro,GEN
12,VETRI VEL SELVAM,Bahujan Samaj Party,174,75.77,BSP,Perambur,Chennai,Chennai Metro,GEN
12,V. RAJI,IND,148,75.77,IND,Perambur,Chennai,Chennai Metro,GEN
12,BOWDHARAJ,IND,118,75.77,IND,Perambur,Chennai,Chennai Metro,GEN
12,J. SEBASTIN,Socialist Unity Centre Of India (COMMUNIST),101,75.77,Socialist Unity Centre Of India (COMMUNIST),Perambur,Chennai,Chennai Metro,GEN
12,D.V. VENUGOPAL,Tamizhaga Vaazhvurimai Katchi,98,75.77,Tamizhaga Vaazhvurimai Katchi,Perambur,Chennai,Chennai Metro,GEN
12,DR.D. MADAN,IND,95,75.77,IND,Perambur,Chennai,Chennai Metro,GEN
12,K.M. DEVAN,Makkal Murasu Katchi,94,75.77,Makkal Murasu Katchi,Perambur,Chennai,Chennai Metro,GEN
12,B. BALAJI,IND,93,75.77,IND,Perambur,Chennai,Chennai Metro,GEN
12,VIJAY. G,IND,90,75.77,IND,Perambur,Chennai,Chennai Metro,GEN
12,AZARUTHEEN.M,IND,78,75.77,IND,Perambur,Chennai,Chennai Metro,GEN
12,P. THANGAMANI,IND,78,75.77,IND,Perambur,Chennai,Chennai Metro,GEN
12,S. JOSEPH,IND,77,75.77,IND,Perambur,Chennai,Chennai Metro,GEN
12,ASHLIN BELMEN .A.S,Tamilnadu Mahatma Gandhi Makkal Katchi,71,75.77,Tamilnadu Mahatma Gandhi Makkal Katchi,Perambur,Chennai,Chennai Metro,GEN
12,NIVETHA,IND,70,75.77,IND,Perambur,Chennai,Chennai Metro,GEN
12,P. PONRAJ,IND,63,75.77,IND,Perambur,Chennai,Chennai Metro,GEN
12,DR.G. MOORTHY,IND,53,75.77,IND,Perambur,Chennai,Chennai Metro,GEN
12,R. JAYASEELAN,IND,51,75.77,IND,Perambur,Chennai,Chennai Metro,GEN
12,M. GEETA,Thakkam Katchi,47,75.77,Thakkam Katchi,Perambur,Chennai,Chennai Metro,GEN
12,S. SURESHKUMAR,Makkalatchi Katchi,46,75.77,Makkalatchi Katchi,Perambur,Chennai,Chennai Metro,GEN
12,M. JOSEPH,IND,43,75.77,IND,Perambur,Chennai,Chennai Metro,GEN
12,M. KADHIRAVAN,IND,41,75.77,IND,Perambur,Chennai,Chennai Metro,GEN
12,DR.R. SARAVANA PERUMAL,Makkal Nalvaazhvuk Katchi,39,75.77,Makkal Nalvaazhvuk Katchi,Perambur,Chennai,Chennai Metro,GEN
12,M.I. THAHIRA BANU,IND,33,75.77,IND,Perambur,Chennai,Chennai Metro,GEN
12,S. MALATHI,Veerath Thiyagi Viswanathadoss Thozhilalarkal Katchi,32,75.77,Veerath Thiyagi Viswanathadoss Thozhilalarkal Katchi,Perambur,Chennai,Chennai Metro,GEN
12,AMALA.R,IND,32,75.77,IND,Perambur,Chennai,Chennai Metro,GEN
12,REEGAN PRABHU,IND,31,75.77,IND,Perambur,Chennai,Chennai Metro,GEN
12,SIVAKUMAR.V,Tamil Telugu National Party,30,75.77,Tamil Telugu National Party,Perambur,Chennai,Chennai Metro,GEN
12,H. DHANASEKAR,IND,28,75.77,IND,Perambur,Chennai,Chennai Metro,GEN
12,B. VENKATESAN,IND,26,75.77,IND,Perambur,Chennai,Chennai Metro,GEN
12,S. MICHAEL,IND,24,75.77,IND,Perambur,Chennai,Chennai Metro,GEN
12,S. RAJESH KUMAR,IND,21,75.77,IND,Perambur,Chennai,Chennai Metro,GEN
12,B. SATHISH KUMAR,IND,19,75.77,IND,Perambur,Chennai,Chennai Metro,GEN
12,SATHISH.B,IND,19,75.77,IND,Perambur,Chennai,Chennai Metro,GEN
12,P. GUNASEKAR,IND,18,75.77,IND,Perambur,Chennai,Chennai Metro,GEN
12,S. RAMESH,IND,17,75.77,IND,Perambur,Chennai,Chennai Metro,GEN
12,E. UDHAYA KUMAR,IND,16,75.77,IND,Perambur,Chennai,Chennai Metro,GEN
12,P. ESAKKI MUTHU,IND,14,75.77,IND,Perambur,Chennai,Chennai Metro,GEN
12,S. VISHNU VARTHAN,IND,13,75.77,IND,Perambur,Chennai,Chennai Metro,GEN
12,M. TAMILSELVAM,IND,12,75.77,IND,Perambur,Chennai,Chennai Metro,GEN
13,V. S. BABU,TVK,82997,72.03,TVK,Kolathur,Chennai,Chennai Metro,GEN
13,M. K. STALIN,DMK,74202,72.03,DMK,Kolathur,Chennai,Chennai Metro,GEN
13,P. SANTHANA KRISHNAN,AIADMK,18430,72.03,AIADMK,Kolathur,Chennai,Chennai Metro,GEN
13,SOUNDARA PANDIAN LUDER SETH,NTK,5046,72.03,NTK,Kolathur,Chennai,Chennai Metro,GEN
13,NOTA,NOTA,892,72.03,NOTA,Kolathur,Chennai,Chennai Metro,GEN
13,S.Y. SYED YUSUF,Republican Party of India (Athawale),484,72.03,Republican Party of India (Athawale),Kolathur,Chennai,Chennai Metro,GEN
13,SUBASHINI,Bahujan Samaj Party,236,72.03,BSP,Kolathur,Chennai,Chennai Metro,GEN
13,AATHITHYA,Samata Party,181,72.03,Samata Party,Kolathur,Chennai,Chennai Metro,GEN
13,R. RAJ GURU,IND,153,72.03,IND,Kolathur,Chennai,Chennai Metro,GEN
13,R. SENTHIL KUMAR,IND,125,72.03,IND,Kolathur,Chennai,Chennai Metro,GEN
13,SELVI STEFFI. V. M,IND,122,72.03,IND,Kolathur,Chennai,Chennai Metro,GEN
13,OORMILA,Tamizhaga Vaazhvurimai Katchi,105,72.03,Tamizhaga Vaazhvurimai Katchi,Kolathur,Chennai,Chennai Metro,GEN
13,J. SURIYA MUTHU,IND,84,72.03,IND,Kolathur,Chennai,Chennai Metro,GEN
13,NANDA KUMAR,IND,79,72.03,IND,Kolathur,Chennai,Chennai Metro,GEN
13,A. L. NARESH KUMAR,IND,74,72.03,IND,Kolathur,Chennai,Chennai Metro,GEN
13,M. RAJESHKUMAR,IND,73,72.03,IND,Kolathur,Chennai,Chennai Metro,GEN
13,R. MAHESH,IND,64,72.03,IND,Kolathur,Chennai,Chennai Metro,GEN
13,M. POORNIMA,IND,56,72.03,IND,Kolathur,Chennai,Chennai Metro,GEN
13,P. MILANY,IND,56,72.03,IND,Kolathur,Chennai,Chennai Metro,GEN
13,ARUL DOSS. A.,IND,55,72.03,IND,Kolathur,Chennai,Chennai Metro,GEN
13,VIGIRDHAN,IND,53,72.03,IND,Kolathur,Chennai,Chennai Metro,GEN
13,V. NARESH BABU,IND,52,72.03,IND,Kolathur,Chennai,Chennai Metro,GEN
13,K. PANNEER SELVAM,IND,50,72.03,IND,Kolathur,Chennai,Chennai Metro,GEN
13,E. RAAMADASAN,Makkal Nalvaazhvuk Katchi,49,72.03,Makkal Nalvaazhvuk Katchi,Kolathur,Chennai,Chennai Metro,GEN
13,KAJA MAIDEEN,IND,43,72.03,IND,Kolathur,Chennai,Chennai Metro,GEN
13,S. SHARAN,IND,35,72.03,IND,Kolathur,Chennai,Chennai Metro,GEN
13,R. RAVIKUMAR,IND,34,72.03,IND,Kolathur,Chennai,Chennai Metro,GEN
13,M. SURESH,IND,33,72.03,IND,Kolathur,Chennai,Chennai Metro,GEN
13,V. A. SUDHAKAR,IND,31,72.03,IND,Kolathur,Chennai,Chennai Metro,GEN
13,RAJA. G.,IND,28,72.03,IND,Kolathur,Chennai,Chennai Metro,GEN
13,SIVAGNANASAM,Desiya Makkal Sakthi Katchi,26,72.03,Desiya Makkal Sakthi Katchi,Kolathur,Chennai,Chennai Metro,GEN
13,K. ELUMALAI,Veerath Thiyagi Viswanathadoss Thozhilalarkal Katchi,24,72.03,Veerath Thiyagi Viswanathadoss Thozhilalarkal Katchi,Kolathur,Chennai,Chennai Metro,GEN
13,A. RAJI,IND,23,72.03,IND,Kolathur,Chennai,Chennai Metro,GEN
13,FARMER JAYARAMAN. S K J.,IND,22,72.03,IND,Kolathur,Chennai,Chennai Metro,GEN
13,R. BALAJI,IND,21,72.03,IND,Kolathur,Chennai,Chennai Metro,GEN
13,S. BALACHANDAR,IND,13,72.03,IND,Kolathur,Chennai,Chennai Metro,GEN
14,AADHAV ARJUNA,TVK,66445,70.31,TVK,Villivakkam,Chennai,Chennai Metro,GEN
14,KARTHIK MOHAN,DMK,49143,70.31,DMK,Villivakkam,Chennai,Chennai Metro,GEN
14,VIJAYAKUMAR  S.R,AIADMK,19338,70.31,AIADMK,Villivakkam,Chennai,Chennai Metro,GEN
14,ROSHINI S,NTK,4310,70.31,NTK,Villivakkam,Chennai,Chennai Metro,GEN
14,NOTA,NOTA,695,70.31,NOTA,Villivakkam,Chennai,Chennai Metro,GEN
14,DHAYANIDHI D,IND,184,70.31,IND,Villivakkam,Chennai,Chennai Metro,GEN
14,ABDUL SHABEEK  A,Tamizhaga Vaazhvurimai Katchi,147,70.31,Tamizhaga Vaazhvurimai Katchi,Villivakkam,Chennai,Chennai Metro,GEN
14,AJITHKUMAR A,Thakkam Katchi,147,70.31,Thakkam Katchi,Villivakkam,Chennai,Chennai Metro,GEN
14,SHANMUGA D,IND,107,70.31,IND,Villivakkam,Chennai,Chennai Metro,GEN
14,ASHOK KUMAR C.A,IND,99,70.31,IND,Villivakkam,Chennai,Chennai Metro,GEN
14,MURALI R,IND,88,70.31,IND,Villivakkam,Chennai,Chennai Metro,GEN
14,SUBRAMANI K,IND,77,70.31,IND,Villivakkam,Chennai,Chennai Metro,GEN
14,KARTHICK P,IND,71,70.31,IND,Villivakkam,Chennai,Chennai Metro,GEN
14,DEVARAJAN G,IND,62,70.31,IND,Villivakkam,Chennai,Chennai Metro,GEN
14,KANNAN M,IND,58,70.31,IND,Villivakkam,Chennai,Chennai Metro,GEN
14,SOLOMON  J.R,IND,51,70.31,IND,Villivakkam,Chennai,Chennai Metro,GEN
14,BALAMURALI G,IND,50,70.31,IND,Villivakkam,Chennai,Chennai Metro,GEN
14,KARTHICK S,IND,48,70.31,IND,Villivakkam,Chennai,Chennai Metro,GEN
14,JAYA ZEBA C,IND,48,70.31,IND,Villivakkam,Chennai,Chennai Metro,GEN
14,VIJAYAKUMAR G,IND,46,70.31,IND,Villivakkam,Chennai,Chennai Metro,GEN
14,KANDASAMY S,IND,42,70.31,IND,Villivakkam,Chennai,Chennai Metro,GEN
14,ANBAZHAGAN G,IND,33,70.31,IND,Villivakkam,Chennai,Chennai Metro,GEN
14,YUVARAJ S,IND,32,70.31,IND,Villivakkam,Chennai,Chennai Metro,GEN
14,VIJAYAKUMAR  D,IND,30,70.31,IND,Villivakkam,Chennai,Chennai Metro,GEN
14,CHARAVANAN M.P,IND,29,70.31,IND,Villivakkam,Chennai,Chennai Metro,GEN
14,MURALI VINODH  M,IND,28,70.31,IND,Villivakkam,Chennai,Chennai Metro,GEN
14,MANIMARAN P,IND,25,70.31,IND,Villivakkam,Chennai,Chennai Metro,GEN
14,PURUSHOTHAMAN P,IND,10,70.31,IND,Villivakkam,Chennai,Chennai Metro,GEN
14,RAJI M,IND,9,70.31,IND,Villivakkam,Chennai,Chennai Metro,GEN
15,M. R. PALLAVI,TVK,69125,72.21,TVK,Thiru-Vi-Ka-Nagar,Chennai,Chennai Metro,SC
15,K. S. RAVICHANDRAN,DMK,46792,72.21,DMK,Thiru-Vi-Ka-Nagar,Chennai,Chennai Metro,SC
15,PORKODI ARMSTRONG,AIADMK,23304,72.21,AIADMK,Thiru-Vi-Ka-Nagar,Chennai,Chennai Metro,SC
15,JAGADESH CHANDER .M,NTK,2658,72.21,NTK,Thiru-Vi-Ka-Nagar,Chennai,Chennai Metro,SC
15,NOTA,NOTA,527,72.21,NOTA,Thiru-Vi-Ka-Nagar,Chennai,Chennai Metro,SC
15,S JAYAKALPANA,Republican Party of India (Athawale),350,72.21,Republican Party of India (Athawale),Thiru-Vi-Ka-Nagar,Chennai,Chennai Metro,SC
15,A. SELVA KUMAR,Thakkam Katchi,170,72.21,Thakkam Katchi,Thiru-Vi-Ka-Nagar,Chennai,Chennai Metro,SC
15,PRAKASH ARUNACHALAM,IND,134,72.21,IND,Thiru-Vi-Ka-Nagar,Chennai,Chennai Metro,SC
15,PRASANTH. D,IND,134,72.21,IND,Thiru-Vi-Ka-Nagar,Chennai,Chennai Metro,SC
15,M. LOKESH,IND,127,72.21,IND,Thiru-Vi-Ka-Nagar,Chennai,Chennai Metro,SC
15,C. CHRISTY,All India Puratchi Thalaivar Makkal Munnettra Kazhagam,94,72.21,All India Puratchi Thalaivar Makkal Munnettra Kazhagam,Thiru-Vi-Ka-Nagar,Chennai,Chennai Metro,SC
15,M. KOLANJI,IND,77,72.21,IND,Thiru-Vi-Ka-Nagar,Chennai,Chennai Metro,SC
15,PRAVEEN THIYAGARAJAN,IND,70,72.21,IND,Thiru-Vi-Ka-Nagar,Chennai,Chennai Metro,SC
15,C. JAGAN MOHAN,IND,51,72.21,IND,Thiru-Vi-Ka-Nagar,Chennai,Chennai Metro,SC
15,S. PARTHIBAN,IND,45,72.21,IND,Thiru-Vi-Ka-Nagar,Chennai,Chennai Metro,SC
15,D. SATHISH KUMAR,IND,40,72.21,IND,Thiru-Vi-Ka-Nagar,Chennai,Chennai Metro,SC
15,S. RAJENDRAN,IND,40,72.21,IND,Thiru-Vi-Ka-Nagar,Chennai,Chennai Metro,SC
15,R. MURUGAN,IND,32,72.21,IND,Thiru-Vi-Ka-Nagar,Chennai,Chennai Metro,SC
15,R. ANANDAN,IND,29,72.21,IND,Thiru-Vi-Ka-Nagar,Chennai,Chennai Metro,SC
15,G. J. DHARANIRAJ,IND,27,72.21,IND,Thiru-Vi-Ka-Nagar,Chennai,Chennai Metro,SC
15,M. KANNADASAN,IND,23,72.21,IND,Thiru-Vi-Ka-Nagar,Chennai,Chennai Metro,SC
15,SATHISH,IND,21,72.21,IND,Thiru-Vi-Ka-Nagar,Chennai,Chennai Metro,SC
15,S. SENTHAMIZHAN,IND,18,72.21,IND,Thiru-Vi-Ka-Nagar,Chennai,Chennai Metro,SC
15,M. MOHAN,IND,15,72.21,IND,Thiru-Vi-Ka-Nagar,Chennai,Chennai Metro,SC
16,RAJMOHAN,TVK,53901,73.38,TVK,Egmore,Chennai,Chennai Metro,SC
16,TAMILAN PRASANNA,DMK,43097,73.38,DMK,Egmore,Chennai,Chennai Metro,SC
16,ABISHEK. R,AIADMK,18191,73.38,AIADMK,Egmore,Chennai,Chennai Metro,SC
16,SARANYA IMRAN,NTK,2522,73.38,NTK,Egmore,Chennai,Chennai Metro,SC
16,NOTA,NOTA,695,73.38,NOTA,Egmore,Chennai,Chennai Metro,SC
16,DR.N. GUNASEKAR,Republican Party of India (Athawale),209,73.38,Republican Party of India (Athawale),Egmore,Chennai,Chennai Metro,SC
16,G.R. RAJENDRAN,National Maha Sabha Party,173,73.38,National Maha Sabha Party,Egmore,Chennai,Chennai Metro,SC
16,S. VINOTH KUMAR,IND,155,73.38,IND,Egmore,Chennai,Chennai Metro,SC
16,ARUN RAO. N.A,Naam Indiar Party,152,73.38,Naam Indiar Party,Egmore,Chennai,Chennai Metro,SC
16,D. THIRUNAVUKKARASAR,Tamizhaga Vaazhvurimai Katchi,111,73.38,Tamizhaga Vaazhvurimai Katchi,Egmore,Chennai,Chennai Metro,SC
16,T. MAGIZHANBAN,All India Puratchi Thalaivar Makkal Munnettra Kazhagam,99,73.38,All India Puratchi Thalaivar Makkal Munnettra Kazhagam,Egmore,Chennai,Chennai Metro,SC
16,RAJMOHAN,IND,92,73.38,IND,Egmore,Chennai,Chennai Metro,SC
16,ARAVINDAN,IND,65,73.38,IND,Egmore,Chennai,Chennai Metro,SC
16,VENKATESH. K,IND,60,73.38,IND,Egmore,Chennai,Chennai Metro,SC
16,M. NAGARAJAN,IND,54,73.38,IND,Egmore,Chennai,Chennai Metro,SC
16,S. PICHAMUTHU,IND,51,73.38,IND,Egmore,Chennai,Chennai Metro,SC
16,RAJKUMAR,IND,44,73.38,IND,Egmore,Chennai,Chennai Metro,SC
16,R. KUMARAVEL,IND,41,73.38,IND,Egmore,Chennai,Chennai Metro,SC
16,SRIDHAR. M,IND,26,73.38,IND,Egmore,Chennai,Chennai Metro,SC
17,K.V. VIJAY DAMU,TVK,59091,75.07,TVK,Royapuram,Chennai,Chennai Metro,GEN
17,DR. A. SUBAIR KHAN,DMK,44842,75.07,DMK,Royapuram,Chennai,Chennai Metro,GEN
17,D. JAYAKUMAR,AIADMK,18420,75.07,AIADMK,Royapuram,Chennai,Chennai Metro,GEN
17,A. BABU MAILAN,NTK,2947,75.07,NTK,Royapuram,Chennai,Chennai Metro,GEN
17,NOTA,NOTA,459,75.07,NOTA,Royapuram,Chennai,Chennai Metro,GEN
17,M. JAYARAJKUMAR,Bahujan Samaj Party,222,75.07,BSP,Royapuram,Chennai,Chennai Metro,GEN
17,M DHINAKARAN,IND,216,75.07,IND,Royapuram,Chennai,Chennai Metro,GEN
17,R. VINOTHKUMAR,Naam Indiar Party,149,75.07,Naam Indiar Party,Royapuram,Chennai,Chennai Metro,GEN
17,R. RAJKUMAR,IND,99,75.07,IND,Royapuram,Chennai,Chennai Metro,GEN
17,J. SELVAKUMAR,IND,84,75.07,IND,Royapuram,Chennai,Chennai Metro,GEN
17,M. RAJKUMAR,Tamizhaga Vaazhvurimai Katchi,83,75.07,Tamizhaga Vaazhvurimai Katchi,Royapuram,Chennai,Chennai Metro,GEN
17,D. JAYAKUMAR,IND,76,75.07,IND,Royapuram,Chennai,Chennai Metro,GEN
17,T. KAVIYARASU,IND,64,75.07,IND,Royapuram,Chennai,Chennai Metro,GEN
17,A. SATHIK KUMAR,Democratic National Allegiance,63,75.07,Democratic National Allegiance,Royapuram,Chennai,Chennai Metro,GEN
17,V. BHAGATH SINGH,IND,62,75.07,IND,Royapuram,Chennai,Chennai Metro,GEN
17,T. RAJESH,IND,52,75.07,IND,Royapuram,Chennai,Chennai Metro,GEN
17,P. SUMATHI,IND,49,75.07,IND,Royapuram,Chennai,Chennai Metro,GEN
17,G. KARTHIKEYAN,IND,40,75.07,IND,Royapuram,Chennai,Chennai Metro,GEN
17,KERTHIVARUNNAN .R,IND,38,75.07,IND,Royapuram,Chennai,Chennai Metro,GEN
17,A. SASIKUMAR,IND,37,75.07,IND,Royapuram,Chennai,Chennai Metro,GEN
17,A. NIZAR AHAMED,IND,37,75.07,IND,Royapuram,Chennai,Chennai Metro,GEN
17,K. PRASATH,IND,36,75.07,IND,Royapuram,Chennai,Chennai Metro,GEN
17,A. JAYAKUMAR,IND,35,75.07,IND,Royapuram,Chennai,Chennai Metro,GEN
17,I JAYAPRAKASH,IND,34,75.07,IND,Royapuram,Chennai,Chennai Metro,GEN
17,K.J. SIVAKUMAR,IND,31,75.07,IND,Royapuram,Chennai,Chennai Metro,GEN
17,M. MAHALAKSHMI,IND,30,75.07,IND,Royapuram,Chennai,Chennai Metro,GEN
17,C. SRIDHAR,IND,27,75.07,IND,Royapuram,Chennai,Chennai Metro,GEN
17,M. SHANMUGAM,IND,20,75.07,IND,Royapuram,Chennai,Chennai Metro,GEN
17,S. RAJU,IND,13,75.07,IND,Royapuram,Chennai,Chennai Metro,GEN
18,P K SEKARBABU,DMK,45254,69.82,DMK,Harbour,Chennai,Chennai Metro,GEN
18,SINORA P S ASHOK,TVK,33504,69.82,TVK,Harbour,Chennai,Chennai Metro,GEN
18,R MANOHAR,AIADMK,17256,69.82,AIADMK,Harbour,Chennai,Chennai Metro,GEN
18,R FOUZAN SHARIFF,NTK,1607,69.82,NTK,Harbour,Chennai,Chennai Metro,GEN
18,NOTA,NOTA,600,69.82,NOTA,Harbour,Chennai,Chennai Metro,GEN
18,SIVALINGAM ASHOK,IND,291,69.82,IND,Harbour,Chennai,Chennai Metro,GEN
18,M SURESH,Bahujan Samaj Party,232,69.82,BSP,Harbour,Chennai,Chennai Metro,GEN
18,SANKAR A,IND,197,69.82,IND,Harbour,Chennai,Chennai Metro,GEN
18,BABU SINGH,IND,108,69.82,IND,Harbour,Chennai,Chennai Metro,GEN
18,ASHOK KUMAR,IND,76,69.82,IND,Harbour,Chennai,Chennai Metro,GEN
18,G VISU,IND,73,69.82,IND,Harbour,Chennai,Chennai Metro,GEN
18,S GANESH,IND,65,69.82,IND,Harbour,Chennai,Chennai Metro,GEN
18,K E MANOHAR,IND,56,69.82,IND,Harbour,Chennai,Chennai Metro,GEN
18,T VIJAYARAJ,IND,53,69.82,IND,Harbour,Chennai,Chennai Metro,GEN
18,P VIJAYAKUMAR,IND,46,69.82,IND,Harbour,Chennai,Chennai Metro,GEN
18,J M NIRAIMOZHI,IND,34,69.82,IND,Harbour,Chennai,Chennai Metro,GEN
18,A NEPOLIAN,IND,30,69.82,IND,Harbour,Chennai,Chennai Metro,GEN
18,J SHANMUGAPRIYAN,IND,28,69.82,IND,Harbour,Chennai,Chennai Metro,GEN
18,V JAGADEESAN,IND,26,69.82,IND,Harbour,Chennai,Chennai Metro,GEN
18,D KABILAN,IND,22,69.82,IND,Harbour,Chennai,Chennai Metro,GEN
18,R DINESH,IND,20,69.82,IND,Harbour,Chennai,Chennai Metro,GEN
18,M KALAIVENTHAN,IND,18,69.82,IND,Harbour,Chennai,Chennai Metro,GEN
18,S VEERABATHRAN,IND,16,69.82,IND,Harbour,Chennai,Chennai Metro,GEN
18,I VINOD,IND,10,69.82,IND,Harbour,Chennai,Chennai Metro,GEN
19,UDHAYANIDHI STALIN,DMK,62992,70.72,DMK,Chepauk-Thiruvallikeni,Chennai,Chennai Metro,GEN
19,SELVAM. D,TVK,55852,70.72,TVK,Chepauk-Thiruvallikeni,Chennai,Chennai Metro,GEN
19,AADIRAJARAM,AIADMK,16507,70.72,AIADMK,Chepauk-Thiruvallikeni,Chennai,Chennai Metro,GEN
19,AYSHA,NTK,2971,70.72,NTK,Chepauk-Thiruvallikeni,Chennai,Chennai Metro,GEN
19,NOTA,NOTA,643,70.72,NOTA,Chepauk-Thiruvallikeni,Chennai,Chennai Metro,GEN
19,MOHAMMED YASSER,Bahujan Samaj Party,244,70.72,BSP,Chepauk-Thiruvallikeni,Chennai,Chennai Metro,GEN
19,AGNI AALVAR,IND,243,70.72,IND,Chepauk-Thiruvallikeni,Chennai,Chennai Metro,GEN
19,MIRZA SAFDER ALI,IND,185,70.72,IND,Chepauk-Thiruvallikeni,Chennai,Chennai Metro,GEN
19,RAJESHKUMAR. K,IND,154,70.72,IND,Chepauk-Thiruvallikeni,Chennai,Chennai Metro,GEN
19,IRFAN BASHA,Tamizhaga Vaazhvurimai Katchi,145,70.72,Tamizhaga Vaazhvurimai Katchi,Chepauk-Thiruvallikeni,Chennai,Chennai Metro,GEN
19,RAJASEKAR. S,IND,115,70.72,IND,Chepauk-Thiruvallikeni,Chennai,Chennai Metro,GEN
19,SYEED LAYAK BHASHA,IND,83,70.72,IND,Chepauk-Thiruvallikeni,Chennai,Chennai Metro,GEN
19,AYISHA,IND,72,70.72,IND,Chepauk-Thiruvallikeni,Chennai,Chennai Metro,GEN
19,BHARATHKUMAR. G,IND,69,70.72,IND,Chepauk-Thiruvallikeni,Chennai,Chennai Metro,GEN
19,MOHAMED MEERA. A,IND,68,70.72,IND,Chepauk-Thiruvallikeni,Chennai,Chennai Metro,GEN
19,SELVAM. K,IND,43,70.72,IND,Chepauk-Thiruvallikeni,Chennai,Chennai Metro,GEN
19,SAAMY. S.K. DR,IND,40,70.72,IND,Chepauk-Thiruvallikeni,Chennai,Chennai Metro,GEN
19,MOHAMED DHARIK. I,IND,38,70.72,IND,Chepauk-Thiruvallikeni,Chennai,Chennai Metro,GEN
19,SELVAM. K,IND,37,70.72,IND,Chepauk-Thiruvallikeni,Chennai,Chennai Metro,GEN
19,VIJAYA KUMAR. B,IND,34,70.72,IND,Chepauk-Thiruvallikeni,Chennai,Chennai Metro,GEN
19,KUMAR. M,IND,33,70.72,IND,Chepauk-Thiruvallikeni,Chennai,Chennai Metro,GEN
19,SELVAM ( ALIAS ) HARINARAYANAN,IND,33,70.72,IND,Chepauk-Thiruvallikeni,Chennai,Chennai Metro,GEN
19,ATHIMULAM,IND,30,70.72,IND,Chepauk-Thiruvallikeni,Chennai,Chennai Metro,GEN
19,MILANY. P,IND,30,70.72,IND,Chepauk-Thiruvallikeni,Chennai,Chennai Metro,GEN
19,SEENIVASAN. L,IND,29,70.72,IND,Chepauk-Thiruvallikeni,Chennai,Chennai Metro,GEN
19,SELVAM ( ALIAS ) VENKATESH,IND,26,70.72,IND,Chepauk-Thiruvallikeni,Chennai,Chennai Metro,GEN
19,ARUMUGAM. C,IND,25,70.72,IND,Chepauk-Thiruvallikeni,Chennai,Chennai Metro,GEN
20,PRABHAKAR.J.C.D,TVK,58965,69.64,TVK,Thousand Lights,Chennai,Chennai Metro,GEN
20,EZHILAN NAGANATHAN,DMK,43824,69.64,DMK,Thousand Lights,Chennai,Chennai Metro,GEN
20,VALARMATHI.B,AIADMK,23320,69.64,AIADMK,Thousand Lights,Chennai,Chennai Metro,GEN
20,KALANCHIYAM.MU,NTK,3717,69.64,NTK,Thousand Lights,Chennai,Chennai Metro,GEN
20,NOTA,NOTA,815,69.64,NOTA,Thousand Lights,Chennai,Chennai Metro,GEN
20,VALARMATHI.E,IND,245,69.64,IND,Thousand Lights,Chennai,Chennai Metro,GEN
20,MOHAMED GHOUSE.H,Tamizhaga Vaazhvurimai Katchi,203,69.64,Tamizhaga Vaazhvurimai Katchi,Thousand Lights,Chennai,Chennai Metro,GEN
20,SATHYA.A,IND,165,69.64,IND,Thousand Lights,Chennai,Chennai Metro,GEN
20,VALARMATHY.D,IND,102,69.64,IND,Thousand Lights,Chennai,Chennai Metro,GEN
20,VIJAY.D,IND,83,69.64,IND,Thousand Lights,Chennai,Chennai Metro,GEN
20,PRABHAKARAN.B,IND,64,69.64,IND,Thousand Lights,Chennai,Chennai Metro,GEN
20,PRABHAKARAN.V,IND,63,69.64,IND,Thousand Lights,Chennai,Chennai Metro,GEN
20,KARTHIKEYAN.S,IND,61,69.64,IND,Thousand Lights,Chennai,Chennai Metro,GEN
20,SUNDARA RAJU.A,IND,48,69.64,IND,Thousand Lights,Chennai,Chennai Metro,GEN
20,SHANKAR.V,IND,42,69.64,IND,Thousand Lights,Chennai,Chennai Metro,GEN
20,PRABHAKARAN.T,IND,36,69.64,IND,Thousand Lights,Chennai,Chennai Metro,GEN
20,MUNIYAN.E,IND,28,69.64,IND,Thousand Lights,Chennai,Chennai Metro,GEN
20,DHANASEKARAN.V,IND,23,69.64,IND,Thousand Lights,Chennai,Chennai Metro,GEN
20,PACHAIYAPPAN.E,IND,20,69.64,IND,Thousand Lights,Chennai,Chennai Metro,GEN
21,V.K.RAMKUMAR,TVK,71375,69.31,TVK,Anna Nagar,Chennai,Chennai Metro,GEN
21,N.CHITRARASU,DMK,50012,69.31,DMK,Anna Nagar,Chennai,Chennai Metro,GEN
21,S.GOKULA INDIRA,AIADMK,34382,69.31,AIADMK,Anna Nagar,Chennai,Chennai Metro,GEN
21,S.SHANKAR,NTK,4839,69.31,NTK,Anna Nagar,Chennai,Chennai Metro,GEN
21,NOTA,NOTA,963,69.31,NOTA,Anna Nagar,Chennai,Chennai Metro,GEN
21,S VINESH KUMAR,IND,289,69.31,IND,Anna Nagar,Chennai,Chennai Metro,GEN
21,S.DHAYALAN,Thamizhaga Munnetra Congress,186,69.31,Thamizhaga Munnetra Congress,Anna Nagar,Chennai,Chennai Metro,GEN
21,E.V.S.RAJAKUMAR NAIDU,Tamil Telugu National Party,134,69.31,Tamil Telugu National Party,Anna Nagar,Chennai,Chennai Metro,GEN
21,T S HABEEB MOHAMMAD,IND,131,69.31,IND,Anna Nagar,Chennai,Chennai Metro,GEN
21,L NARENDRAN,IND,129,69.31,IND,Anna Nagar,Chennai,Chennai Metro,GEN
21,B.ANAND,Thakkam Katchi,127,69.31,Thakkam Katchi,Anna Nagar,Chennai,Chennai Metro,GEN
21,J NAGARAJ,IND,126,69.31,IND,Anna Nagar,Chennai,Chennai Metro,GEN
21,MOHAMMED BILAL FATHICK,IND,101,69.31,IND,Anna Nagar,Chennai,Chennai Metro,GEN
21,JANARTHANAN P,IND,71,69.31,IND,Anna Nagar,Chennai,Chennai Metro,GEN
21,RAJENDIRAN NAIDU,IND,70,69.31,IND,Anna Nagar,Chennai,Chennai Metro,GEN
21,G.SIVA KUMAR,IND,58,69.31,IND,Anna Nagar,Chennai,Chennai Metro,GEN
21,M HARISHANKAR,IND,57,69.31,IND,Anna Nagar,Chennai,Chennai Metro,GEN
21,L KASINATHAN,IND,50,69.31,IND,Anna Nagar,Chennai,Chennai Metro,GEN
21,S SATHISH KUMAR,IND,50,69.31,IND,Anna Nagar,Chennai,Chennai Metro,GEN
21,G OMPRAKASH,IND,41,69.31,IND,Anna Nagar,Chennai,Chennai Metro,GEN
21,M SELVAMUTHUKUMAR,IND,36,69.31,IND,Anna Nagar,Chennai,Chennai Metro,GEN
21,RAMAMOORTHY E,IND,35,69.31,IND,Anna Nagar,Chennai,Chennai Metro,GEN
21,S ANSAR ALI,IND,27,69.31,IND,Anna Nagar,Chennai,Chennai Metro,GEN
21,M MANOHARAN,IND,27,69.31,IND,Anna Nagar,Chennai,Chennai Metro,GEN
21,N.P.RAJHA,Naam Indiar Party,23,69.31,Naam Indiar Party,Anna Nagar,Chennai,Chennai Metro,GEN
22,SABARINATHAN.R,TVK,76092,69.51,TVK,Virugampakkam,Chennai,Chennai Metro,GEN
22,PRABHAKARA RAJA.A.M.V,DMK,49006,69.51,DMK,Virugampakkam,Chennai,Chennai Metro,GEN
22,VIRUGAI V.N.RAVI,AIADMK,38767,69.51,AIADMK,Virugampakkam,Chennai,Chennai Metro,GEN
22,SANTHOSH,NTK,6056,69.51,NTK,Virugampakkam,Chennai,Chennai Metro,GEN
22,NOTA,NOTA,1030,69.51,NOTA,Virugampakkam,Chennai,Chennai Metro,GEN
22,JAGADISH.S,Republican Party of India (Athawale),462,69.51,Republican Party of India (Athawale),Virugampakkam,Chennai,Chennai Metro,GEN
22,SURESHBABU.T.M,Tamil Telugu National Party,155,69.51,Tamil Telugu National Party,Virugampakkam,Chennai,Chennai Metro,GEN
22,SABARINATHAN.P,IND,124,69.51,IND,Virugampakkam,Chennai,Chennai Metro,GEN
22,DINESHKUMAR.N,IND,122,69.51,IND,Virugampakkam,Chennai,Chennai Metro,GEN
22,RAVIKUMAR,IND,107,69.51,IND,Virugampakkam,Chennai,Chennai Metro,GEN
22,MUTHURAJ.T,Tamizhaga Vaazhvurimai Katchi,101,69.51,Tamizhaga Vaazhvurimai Katchi,Virugampakkam,Chennai,Chennai Metro,GEN
22,SRINIVASAN.M,IND,101,69.51,IND,Virugampakkam,Chennai,Chennai Metro,GEN
22,RANGARAJ.G,IND,91,69.51,IND,Virugampakkam,Chennai,Chennai Metro,GEN
22,CHANDRA SEKAR.K,IND,88,69.51,IND,Virugampakkam,Chennai,Chennai Metro,GEN
22,GOPINATH.G,IND,82,69.51,IND,Virugampakkam,Chennai,Chennai Metro,GEN
22,SANKAR.E,IND,66,69.51,IND,Virugampakkam,Chennai,Chennai Metro,GEN
22,KUMAR.S,IND,63,69.51,IND,Virugampakkam,Chennai,Chennai Metro,GEN
22,EZHILRAJ.D,IND,52,69.51,IND,Virugampakkam,Chennai,Chennai Metro,GEN
22,LUKMANBABU.S,IND,50,69.51,IND,Virugampakkam,Chennai,Chennai Metro,GEN
22,ROY GEORGE,Anna Puratchi Thalaivar Amma Dravida Munnetra Kazhagam,43,69.51,Anna Puratchi Thalaivar Amma Dravida Munnetra Kazhagam,Virugampakkam,Chennai,Chennai Metro,GEN
22,KARTHICK.M,IND,41,69.51,IND,Virugampakkam,Chennai,Chennai Metro,GEN
22,BALAMURUGAN.P,Naam Indiar Party,40,69.51,Naam Indiar Party,Virugampakkam,Chennai,Chennai Metro,GEN
22,ALEX PANDIAN.K,IND,36,69.51,IND,Virugampakkam,Chennai,Chennai Metro,GEN
22,ESAKKIMUTHUNADAR.P,IND,36,69.51,IND,Virugampakkam,Chennai,Chennai Metro,GEN
22,VENKATESAN.C,IND,20,69.51,IND,Virugampakkam,Chennai,Chennai Metro,GEN
23,ARUL PRAKASAM. M,TVK,81205,70.42,TVK,Saidapet,Chennai,Chennai Metro,GEN
23,SUBRAMANIAN. MA,DMK,52691,70.42,DMK,Saidapet,Chennai,Chennai Metro,GEN
23,SENTHAMIZHAN. G,AMMK,17839,70.42,AMMK,Saidapet,Chennai,Chennai Metro,GEN
23,SRIVIDYA. G,NTK,5918,70.42,NTK,Saidapet,Chennai,Chennai Metro,GEN
23,NOTA,NOTA,924,70.42,NOTA,Saidapet,Chennai,Chennai Metro,GEN
23,KUMARAN. G.P,Bahujan Samaj Party,571,70.42,BSP,Saidapet,Chennai,Chennai Metro,GEN
23,RAJA. R,IND,258,70.42,IND,Saidapet,Chennai,Chennai Metro,GEN
23,YOGAPRAKASH. B,IND,158,70.42,IND,Saidapet,Chennai,Chennai Metro,GEN
23,VALARMATHI. P,IND,139,70.42,IND,Saidapet,Chennai,Chennai Metro,GEN
23,SOUNDARARAJAN. N,Naam Indiar Party,132,70.42,Naam Indiar Party,Saidapet,Chennai,Chennai Metro,GEN
23,PARTHIBAN. S,MGR Makkal Katchi,131,70.42,MGR Makkal Katchi,Saidapet,Chennai,Chennai Metro,GEN
23,GINGSTON. M,IND,119,70.42,IND,Saidapet,Chennai,Chennai Metro,GEN
23,PRASAD. N,IND,93,70.42,IND,Saidapet,Chennai,Chennai Metro,GEN
23,PRITHVIRAJ. A,IND,93,70.42,IND,Saidapet,Chennai,Chennai Metro,GEN
23,ANAND. S,IND,66,70.42,IND,Saidapet,Chennai,Chennai Metro,GEN
23,KANDHASAMY. R (ALIAS) BABU,IND,64,70.42,IND,Saidapet,Chennai,Chennai Metro,GEN
24,ANAND N,TVK,51632,70.04,TVK,Theayagaraya Nagar,Chennai,Chennai Metro,GEN
24,SATHIYANARAYANAN B,AIADMK,38605,70.04,AIADMK,Theayagaraya Nagar,Chennai,Chennai Metro,GEN
24,RAJA ANBAZHAGAN,DMK,37017,70.04,DMK,Theayagaraya Nagar,Chennai,Chennai Metro,GEN
24,ANUSHA V,NTK,4554,70.04,NTK,Theayagaraya Nagar,Chennai,Chennai Metro,GEN
24,NOTA,NOTA,878,70.04,NOTA,Theayagaraya Nagar,Chennai,Chennai Metro,GEN
24,PADMINI NARASIMHAN,IND,124,70.04,IND,Theayagaraya Nagar,Chennai,Chennai Metro,GEN
24,ABUKITHER M,IND,123,70.04,IND,Theayagaraya Nagar,Chennai,Chennai Metro,GEN
24,RAVI M L,Desiya Makkal Sakthi Katchi,108,70.04,Desiya Makkal Sakthi Katchi,Theayagaraya Nagar,Chennai,Chennai Metro,GEN
24,MYTHILI C,IND,86,70.04,IND,Theayagaraya Nagar,Chennai,Chennai Metro,GEN
24,BADRI S,IND,79,70.04,IND,Theayagaraya Nagar,Chennai,Chennai Metro,GEN
24,MANIKANDAN N,IND,79,70.04,IND,Theayagaraya Nagar,Chennai,Chennai Metro,GEN
24,RAMACHANDRAN O N,IND,74,70.04,IND,Theayagaraya Nagar,Chennai,Chennai Metro,GEN
24,VETRIVEL K,IND,68,70.04,IND,Theayagaraya Nagar,Chennai,Chennai Metro,GEN
24,RAJESH E,IND,67,70.04,IND,Theayagaraya Nagar,Chennai,Chennai Metro,GEN
24,MOORTHY N,IND,64,70.04,IND,Theayagaraya Nagar,Chennai,Chennai Metro,GEN
24,PRASATH D,IND,45,70.04,IND,Theayagaraya Nagar,Chennai,Chennai Metro,GEN
24,GNANASEKARAN G,IND,44,70.04,IND,Theayagaraya Nagar,Chennai,Chennai Metro,GEN
24,EASAN NATARAJAN T,IND,41,70.04,IND,Theayagaraya Nagar,Chennai,Chennai Metro,GEN
24,MANIKANDAN T,IND,36,70.04,IND,Theayagaraya Nagar,Chennai,Chennai Metro,GEN
24,SATHISH KUMAR B,IND,31,70.04,IND,Theayagaraya Nagar,Chennai,Chennai Metro,GEN
24,RAMKUMAR L,IND,31,70.04,IND,Theayagaraya Nagar,Chennai,Chennai Metro,GEN
24,ARAVIND GOSH Y T,IND,30,70.04,IND,Theayagaraya Nagar,Chennai,Chennai Metro,GEN
24,BALAJI S,IND,29,70.04,IND,Theayagaraya Nagar,Chennai,Chennai Metro,GEN
24,JAYAVEL,IND,23,70.04,IND,Theayagaraya Nagar,Chennai,Chennai Metro,GEN
24,KUMAR SRI SRI B,IND,22,70.04,IND,Theayagaraya Nagar,Chennai,Chennai Metro,GEN
24,JOTHIRAJ G M,IND,21,70.04,IND,Theayagaraya Nagar,Chennai,Chennai Metro,GEN
24,THENNARASU P,IND,17,70.04,IND,Theayagaraya Nagar,Chennai,Chennai Metro,GEN
25,VENKATARAMANAN. P,TVK,70070,69.0,TVK,Mylapore,Chennai,Chennai Metro,GEN
25,VELU. DHA,DMK,41098,69.0,DMK,Mylapore,Chennai,Chennai Metro,GEN
25,DR. TAMILISAI SOUNDARARAJAN,BJP,32328,69.0,BJP,Mylapore,Chennai,Chennai Metro,GEN
25,ARUN. R.L,NTK,4499,69.0,NTK,Mylapore,Chennai,Chennai Metro,GEN
25,NOTA,NOTA,770,69.0,NOTA,Mylapore,Chennai,Chennai Metro,GEN
25,BALAJI. V,Bahujan Samaj Party,267,69.0,BSP,Mylapore,Chennai,Chennai Metro,GEN
25,MOHANRAJ. J,Jebamani Janata,265,69.0,Jebamani Janata,Mylapore,Chennai,Chennai Metro,GEN
25,VIJAYALAKSHMI. P,IND,227,69.0,IND,Mylapore,Chennai,Chennai Metro,GEN
25,DEVENDRAN. R,Tamizhaga Murpokku Makkal Katchi,145,69.0,Tamizhaga Murpokku Makkal Katchi,Mylapore,Chennai,Chennai Metro,GEN
25,VIJAYA KRISHNA. V,IND,142,69.0,IND,Mylapore,Chennai,Chennai Metro,GEN
25,MOORTHY. S,Thamizhaga Dravidar Katchi,120,69.0,Thamizhaga Dravidar Katchi,Mylapore,Chennai,Chennai Metro,GEN
25,VINU PRADHA. A,IND,109,69.0,IND,Mylapore,Chennai,Chennai Metro,GEN
25,VENKATARAMAN. B,IND,107,69.0,IND,Mylapore,Chennai,Chennai Metro,GEN
25,NAGARAJAN. S,All India Jananayaka Makkal Kazhagam,88,69.0,All India Jananayaka Makkal Kazhagam,Mylapore,Chennai,Chennai Metro,GEN
25,SELVAMUTHU. S,IND,79,69.0,IND,Mylapore,Chennai,Chennai Metro,GEN
25,ROMANRAJ. A,IND,74,69.0,IND,Mylapore,Chennai,Chennai Metro,GEN
25,PARTHIPAN. G,IND,64,69.0,IND,Mylapore,Chennai,Chennai Metro,GEN
25,JAYAGOPI. M,IND,52,69.0,IND,Mylapore,Chennai,Chennai Metro,GEN
25,VELU. K,IND,50,69.0,IND,Mylapore,Chennai,Chennai Metro,GEN
25,RADHAKRISHNAN. G,IND,40,69.0,IND,Mylapore,Chennai,Chennai Metro,GEN
26,KUMAR. R,TVK,80430,68.53,TVK,Velachery,Chennai,Chennai Metro,GEN
26,ASHOK. M.K,AIADMK,47125,68.53,AIADMK,Velachery,Chennai,Chennai Metro,GEN
26,AASSAN MAULAANA J.M.H,INC,45928,68.53,INC,Velachery,Chennai,Chennai Metro,GEN
26,KEERTHANA. M,NTK,7697,68.53,NTK,Velachery,Chennai,Chennai Metro,GEN
26,NOTA,NOTA,1336,68.53,NOTA,Velachery,Chennai,Chennai Metro,GEN
26,MOHANRAJ. K,Bahujan Samaj Party,239,68.53,BSP,Velachery,Chennai,Chennai Metro,GEN
26,KALA PETHACHI,IND,233,68.53,IND,Velachery,Chennai,Chennai Metro,GEN
26,KANCHANA. R,Tamizhaga Murpokku Makkal Katchi,205,68.53,Tamizhaga Murpokku Makkal Katchi,Velachery,Chennai,Chennai Metro,GEN
26,RADHAKRISHNAN. D.R,IND,143,68.53,IND,Velachery,Chennai,Chennai Metro,GEN
26,SURESH K,IND,137,68.53,IND,Velachery,Chennai,Chennai Metro,GEN
26,MANI. M,Veerath Thiyagi Viswanathadoss Thozhilalarkal Katchi,133,68.53,Veerath Thiyagi Viswanathadoss Thozhilalarkal Katchi,Velachery,Chennai,Chennai Metro,GEN
26,POYYAMOZHI. M,Proutist Sarva Samaj,130,68.53,Proutist Sarva Samaj,Velachery,Chennai,Chennai Metro,GEN
26,DIWAKAR. R,IND,130,68.53,IND,Velachery,Chennai,Chennai Metro,GEN
26,SARABESHWAR SISU. P,IND,129,68.53,IND,Velachery,Chennai,Chennai Metro,GEN
26,ROKESH KUMAR. V,Tamizhaga Vaazhvurimai Katchi,117,68.53,Tamizhaga Vaazhvurimai Katchi,Velachery,Chennai,Chennai Metro,GEN
26,ASHOK. M,IND,88,68.53,IND,Velachery,Chennai,Chennai Metro,GEN
26,KANNAN. K,IND,85,68.53,IND,Velachery,Chennai,Chennai Metro,GEN
26,JANAGARAJ RAVI GUNASEELAN,IND,77,68.53,IND,Velachery,Chennai,Chennai Metro,GEN
26,VIGNESH. M,IND,70,68.53,IND,Velachery,Chennai,Chennai Metro,GEN
26,VIGNESH. R,IND,66,68.53,IND,Velachery,Chennai,Chennai Metro,GEN
26,AZARUTHEEN. M,IND,63,68.53,IND,Velachery,Chennai,Chennai Metro,GEN
26,RAJASEKAR. S,IND,61,68.53,IND,Velachery,Chennai,Chennai Metro,GEN
26,MOHAMED YASEEN. I,Thakkam Katchi,51,68.53,Thakkam Katchi,Velachery,Chennai,Chennai Metro,GEN
26,BHASKAR. G,IND,47,68.53,IND,Velachery,Chennai,Chennai Metro,GEN
26,MOHAN. R,IND,32,68.53,IND,Velachery,Chennai,Chennai Metro,GEN
26,DEEPAK RAVI,IND,27,68.53,IND,Velachery,Chennai,Chennai Metro,GEN
26,AHAMMED NAZEER KHAN,IND,24,68.53,IND,Velachery,Chennai,Chennai Metro,GEN
26,RITISH,IND,12,68.53,IND,Velachery,Chennai,Chennai Metro,GEN
27,ECR P SARAVANAN,TVK,220382,69.5,TVK,Shozhinganallur,Kanchipuram,Chennai Metro,GEN
27,S. ARAVIND RAMESH,DMK,123602,69.5,DMK,Shozhinganallur,Kanchipuram,Chennai Metro,GEN
27,K.P.KANDAN,AIADMK,74112,69.5,AIADMK,Shozhinganallur,Kanchipuram,Chennai Metro,GEN
27,R JAYALAKSHMI,NTK,21919,69.5,NTK,Shozhinganallur,Kanchipuram,Chennai Metro,GEN
27,NOTA,NOTA,2079,69.5,NOTA,Shozhinganallur,Kanchipuram,Chennai Metro,GEN
27,N.PRASHANTHA RAO,IND,527,69.5,IND,Shozhinganallur,Kanchipuram,Chennai Metro,GEN
27,S.PUSHNA KUMAR,Bahujan Samaj Party,524,69.5,BSP,Shozhinganallur,Kanchipuram,Chennai Metro,GEN
27,M. CHRISTHU DASS,Dravida Jananayaga Makkal Katchi,486,69.5,Dravida Jananayaga Makkal Katchi,Shozhinganallur,Kanchipuram,Chennai Metro,GEN
27,G SURESH KUMAR,IND,414,69.5,IND,Shozhinganallur,Kanchipuram,Chennai Metro,GEN
27,M.G.RAMU,Jebamani Janata,321,69.5,Jebamani Janata,Shozhinganallur,Kanchipuram,Chennai Metro,GEN
27,RAMANATHAN M,IND,263,69.5,IND,Shozhinganallur,Kanchipuram,Chennai Metro,GEN
27,E. VIJAY,IND,257,69.5,IND,Shozhinganallur,Kanchipuram,Chennai Metro,GEN
27,D. SRINIVASAN,IND,254,69.5,IND,Shozhinganallur,Kanchipuram,Chennai Metro,GEN
27,K. VISHWANATHAN,All India Puratchi Thalaivar Makkal Munnettra Kazhagam,251,69.5,All India Puratchi Thalaivar Makkal Munnettra Kazhagam,Shozhinganallur,Kanchipuram,Chennai Metro,GEN
27,S. KARTHIK,IND,214,69.5,IND,Shozhinganallur,Kanchipuram,Chennai Metro,GEN
27,R RAVICHANDRAN,IND,189,69.5,IND,Shozhinganallur,Kanchipuram,Chennai Metro,GEN
27,CHANDRASEKARAN,IND,177,69.5,IND,Shozhinganallur,Kanchipuram,Chennai Metro,GEN
27,RAJESH,IND,160,69.5,IND,Shozhinganallur,Kanchipuram,Chennai Metro,GEN
27,E. MURALI B.A,IND,156,69.5,IND,Shozhinganallur,Kanchipuram,Chennai Metro,GEN
27,S.GOVINDHAN,IND,149,69.5,IND,Shozhinganallur,Kanchipuram,Chennai Metro,GEN
27,M. ALEXANDAR,Naam Indiar Party,123,69.5,Naam Indiar Party,Shozhinganallur,Kanchipuram,Chennai Metro,GEN
27,JAIKUMAR BALACHANDRAN,IND,123,69.5,IND,Shozhinganallur,Kanchipuram,Chennai Metro,GEN
27,P.CHANDRA KANTH,IND,115,69.5,IND,Shozhinganallur,Kanchipuram,Chennai Metro,GEN
27,R.YOGESHWARAN,IND,115,69.5,IND,Shozhinganallur,Kanchipuram,Chennai Metro,GEN
27,FARMER JAYARAMAN S K J,IND,115,69.5,IND,Shozhinganallur,Kanchipuram,Chennai Metro,GEN
27,V. KANDHAN,IND,103,69.5,IND,Shozhinganallur,Kanchipuram,Chennai Metro,GEN
27,A.MOHAMMED GANI,IND,98,69.5,IND,Shozhinganallur,Kanchipuram,Chennai Metro,GEN
27,MUTHARASAN,IND,67,69.5,IND,Shozhinganallur,Kanchipuram,Chennai Metro,GEN
28,M.HARISH,TVK,112205,73.55,TVK,Alandur,Kanchipuram,Chennai Metro,GEN
28,T.M.ANBARASAN,DMK,82596,73.55,DMK,Alandur,Kanchipuram,Chennai Metro,GEN
28,S.SARAVANAN,AIADMK,52243,73.55,AIADMK,Alandur,Kanchipuram,Chennai Metro,GEN
28,Y.G.MAHALAKSHMI,NTK,10405,73.55,NTK,Alandur,Kanchipuram,Chennai Metro,GEN
28,NOTA,NOTA,1263,73.55,NOTA,Alandur,Kanchipuram,Chennai Metro,GEN
28,M.HARISH,IND,853,73.55,IND,Alandur,Kanchipuram,Chennai Metro,GEN
28,N.HARI KRISHNAN,All India Puratchi Thalaivar Makkal Munnettra Kazhagam,317,73.55,All India Puratchi Thalaivar Makkal Munnettra Kazhagam,Alandur,Kanchipuram,Chennai Metro,GEN
28,J.AGNI SELVARASU,Naadaalum Makkal Katchi,233,73.55,Naadaalum Makkal Katchi,Alandur,Kanchipuram,Chennai Metro,GEN
28,SENKODI VIJAYALAKSHMI,IND,233,73.55,IND,Alandur,Kanchipuram,Chennai Metro,GEN
28,R.SURESH,IND,168,73.55,IND,Alandur,Kanchipuram,Chennai Metro,GEN
28,R.SARAVANAN,IND,150,73.55,IND,Alandur,Kanchipuram,Chennai Metro,GEN
28,V.ANBARASAN,IND,120,73.55,IND,Alandur,Kanchipuram,Chennai Metro,GEN
28,MAHESH KUMAR,IND,105,73.55,IND,Alandur,Kanchipuram,Chennai Metro,GEN
28,A.VELUSAMY,Puthiya Tamilagam,93,73.55,Puthiya Tamilagam,Alandur,Kanchipuram,Chennai Metro,GEN
28,S.ROYAPPAN,Tamizhaga Vaazhvurimai Katchi,89,73.55,Tamizhaga Vaazhvurimai Katchi,Alandur,Kanchipuram,Chennai Metro,GEN
28,A.SARAVANAN,IND,78,73.55,IND,Alandur,Kanchipuram,Chennai Metro,GEN
28,ARAVIND CHANDRASEKAR,Indhu Dravida Makkal Katchi,77,73.55,Indhu Dravida Makkal Katchi,Alandur,Kanchipuram,Chennai Metro,GEN
28,S.SARAVANAN,IND,76,73.55,IND,Alandur,Kanchipuram,Chennai Metro,GEN
28,R.SELVAKUMAR,IND,69,73.55,IND,Alandur,Kanchipuram,Chennai Metro,GEN
28,B. KALYANARAMKUMAR,Naam Indiar Party,60,73.55,Naam Indiar Party,Alandur,Kanchipuram,Chennai Metro,GEN
28,K.VELAYUDHAM,IND,51,73.55,IND,Alandur,Kanchipuram,Chennai Metro,GEN
28,D.SARAVANAN,IND,50,73.55,IND,Alandur,Kanchipuram,Chennai Metro,GEN
28,G.DANIEL ANTONYRAJ,IND,19,73.55,IND,Alandur,Kanchipuram,Chennai Metro,GEN
28,G.RAMANAN,IND,17,73.55,IND,Alandur,Kanchipuram,Chennai Metro,GEN
29,THENNARASU.K,TVK,147611,85.37,TVK,Sriperumbudur,Kanchipuram,Chennai Metro,SC
29,K. SELVAPERUNTHAGAI,INC,93365,85.37,INC,Sriperumbudur,Kanchipuram,Chennai Metro,SC
29,K. PALANI,AIADMK,73182,85.37,AIADMK,Sriperumbudur,Kanchipuram,Chennai Metro,SC
29,M. SINDHU EZHILARASAN,NTK,13150,85.37,NTK,Sriperumbudur,Kanchipuram,Chennai Metro,SC
29,NOTA,NOTA,1161,85.37,NOTA,Sriperumbudur,Kanchipuram,Chennai Metro,SC
29,M.TAMILARASAN,Communist Party of India (Marxist-Leninist) (Liberation),511,85.37,Communist Party of India (Marxist-Leninist) (Liberation),Sriperumbudur,Kanchipuram,Chennai Metro,SC
29,D.PURUSHOTHAMAN,All India Puratchi Thalaivar Makkal Munnettra Kazhagam,489,85.37,All India Puratchi Thalaivar Makkal Munnettra Kazhagam,Sriperumbudur,Kanchipuram,Chennai Metro,SC
29,A. GURUANANDHAN,Anaithinthiya Anna Dravida Makkal Seyal katchi,479,85.37,Anaithinthiya Anna Dravida Makkal Seyal katchi,Sriperumbudur,Kanchipuram,Chennai Metro,SC
29,A.GNANASEKARAN,Tamizhaga Vaazhvurimai Katchi,271,85.37,Tamizhaga Vaazhvurimai Katchi,Sriperumbudur,Kanchipuram,Chennai Metro,SC
29,P. VEDHAGIRI,IND,258,85.37,IND,Sriperumbudur,Kanchipuram,Chennai Metro,SC
29,G. RAJATHI,IND,211,85.37,IND,Sriperumbudur,Kanchipuram,Chennai Metro,SC
29,J. NITHYA,IND,176,85.37,IND,Sriperumbudur,Kanchipuram,Chennai Metro,SC
29,ELANGOVAN SIVAKUMAR,IND,112,85.37,IND,Sriperumbudur,Kanchipuram,Chennai Metro,SC
29,E. MURUGAN,IND,112,85.37,IND,Sriperumbudur,Kanchipuram,Chennai Metro,SC
30,J.KAMATCHI,TVK,133611,71.02,TVK,Pallavaram,Kanchipuram,Chennai Metro,GEN
30,D.MURUGESAN,DMDK,78918,71.02,DMDK,Pallavaram,Kanchipuram,Chennai Metro,GEN
30,V.VENKATESAN,AIADMK,48921,71.02,AIADMK,Pallavaram,Kanchipuram,Chennai Metro,GEN
30,DR.R.KARTHIKEYAN,NTK,14065,71.02,NTK,Pallavaram,Kanchipuram,Chennai Metro,GEN
30,NOTA,NOTA,1602,71.02,NOTA,Pallavaram,Kanchipuram,Chennai Metro,GEN
30,RAJESH T R,IND,1277,71.02,IND,Pallavaram,Kanchipuram,Chennai Metro,GEN
30,N.BHARATHI,Bahujan Samaj Party,562,71.02,BSP,Pallavaram,Kanchipuram,Chennai Metro,GEN
30,A.THANGARAJ,Puthiya Tamilagam,555,71.02,Puthiya Tamilagam,Pallavaram,Kanchipuram,Chennai Metro,GEN
30,B.RAJESWARI,Naadaalum Makkal Katchi,443,71.02,Naadaalum Makkal Katchi,Pallavaram,Kanchipuram,Chennai Metro,GEN
30,N.RAMKUMAR,IND,429,71.02,IND,Pallavaram,Kanchipuram,Chennai Metro,GEN
30,M.L.RAVI,Desiya Makkal Sakthi Katchi,377,71.02,Desiya Makkal Sakthi Katchi,Pallavaram,Kanchipuram,Chennai Metro,GEN
30,T.AMIRTHA KANTHAN,Naam Indiar Party,349,71.02,Naam Indiar Party,Pallavaram,Kanchipuram,Chennai Metro,GEN
30,M.SIVAKUMAR,IND,322,71.02,IND,Pallavaram,Kanchipuram,Chennai Metro,GEN
30,R.MUTHUKUMAR,IND,298,71.02,IND,Pallavaram,Kanchipuram,Chennai Metro,GEN
30,S.RAHAMATHULLA,Tamizhaga Vaazhvurimai Katchi,294,71.02,Tamizhaga Vaazhvurimai Katchi,Pallavaram,Kanchipuram,Chennai Metro,GEN
30,G.RAMESHBABU,Indhu Dravida Makkal Katchi,283,71.02,Indhu Dravida Makkal Katchi,Pallavaram,Kanchipuram,Chennai Metro,GEN
30,S.SATHIYARAJ,IND,235,71.02,IND,Pallavaram,Kanchipuram,Chennai Metro,GEN
30,R.JAWAHAR,IND,233,71.02,IND,Pallavaram,Kanchipuram,Chennai Metro,GEN
30,R.RAJKUMAR,All India Puratchi Thalaivar Makkal Munnettra Kazhagam,231,71.02,All India Puratchi Thalaivar Makkal Munnettra Kazhagam,Pallavaram,Kanchipuram,Chennai Metro,GEN
30,G.JOHN PANDIAN,IND,212,71.02,IND,Pallavaram,Kanchipuram,Chennai Metro,GEN
30,S.SUNDARAMOORTHY PANDIYAR,IND,180,71.02,IND,Pallavaram,Kanchipuram,Chennai Metro,GEN
30,P.RAVICHANDRAN,IND,103,71.02,IND,Pallavaram,Kanchipuram,Chennai Metro,GEN
30,S.VETRI VEL,IND,99,71.02,IND,Pallavaram,Kanchipuram,Chennai Metro,GEN
30,M.SANKAR,IND,78,71.02,IND,Pallavaram,Kanchipuram,Chennai Metro,GEN
31,D.SARATHKUMAR,TVK,118967,70.99,TVK,Tambaram,Kanchipuram,Chennai Metro,GEN
31,R.S.KIRUTHIKA DEVI,DMK,83346,70.99,DMK,Tambaram,Kanchipuram,Chennai Metro,GEN
31,C.RAJENDRAN,AIADMK,61991,70.99,AIADMK,Tambaram,Kanchipuram,Chennai Metro,GEN
31,S.TAMILCHELVI,NTK,11627,70.99,NTK,Tambaram,Kanchipuram,Chennai Metro,GEN
31,NOTA,NOTA,1512,70.99,NOTA,Tambaram,Kanchipuram,Chennai Metro,GEN
31,M.RAJA,Bahujan Samaj Party,290,70.99,BSP,Tambaram,Kanchipuram,Chennai Metro,GEN
31,M. JACOB,IND,180,70.99,IND,Tambaram,Kanchipuram,Chennai Metro,GEN
31,SARATHKUMAR. R,IND,162,70.99,IND,Tambaram,Kanchipuram,Chennai Metro,GEN
31,SIVARAMAN.S,Veerath Thiyagi Viswanathadoss Thozhilalarkal Katchi,158,70.99,Veerath Thiyagi Viswanathadoss Thozhilalarkal Katchi,Tambaram,Kanchipuram,Chennai Metro,GEN
31,S.KARTHIK,IND,115,70.99,IND,Tambaram,Kanchipuram,Chennai Metro,GEN
31,T.DHIVAKARAN,IND,98,70.99,IND,Tambaram,Kanchipuram,Chennai Metro,GEN
31,R.RAVIKUMAR,IND,94,70.99,IND,Tambaram,Kanchipuram,Chennai Metro,GEN
31,P.PON RAJA,Tamizhaga Vaazhvurimai Katchi,88,70.99,Tamizhaga Vaazhvurimai Katchi,Tambaram,Kanchipuram,Chennai Metro,GEN
31,THAMBIRAJ.E,Naam Indiar Party,69,70.99,Naam Indiar Party,Tambaram,Kanchipuram,Chennai Metro,GEN
31,S.BALASUBRAMANIAN,IND,62,70.99,IND,Tambaram,Kanchipuram,Chennai Metro,GEN
31,S.PARTHIBAN,Democratic National Allegiance,50,70.99,Democratic National Allegiance,Tambaram,Kanchipuram,Chennai Metro,GEN
32,S. THIYAGARAJAN,TVK,137136,75.08,TVK,Chengalpattu,Kanchipuram,Chennai Metro,GEN
32,KARTHIKDHANDAPANI,DMK,101495,75.08,DMK,Chengalpattu,Kanchipuram,Chennai Metro,GEN
32,M.GAJENDRAN,AIADMK,69763,75.08,AIADMK,Chengalpattu,Kanchipuram,Chennai Metro,GEN
32,AMUTHA.N,NTK,12032,75.08,NTK,Chengalpattu,Kanchipuram,Chennai Metro,GEN
32,NOTA,NOTA,1395,75.08,NOTA,Chengalpattu,Kanchipuram,Chennai Metro,GEN
32,S.SELVAM (A) CHELLA,Tamizhaga Vaazhvurimai Katchi,381,75.08,Tamizhaga Vaazhvurimai Katchi,Chengalpattu,Kanchipuram,Chennai Metro,GEN
32,S. SARAVANAN,Bahujan Samaj Party,374,75.08,BSP,Chengalpattu,Kanchipuram,Chennai Metro,GEN
32,M.ANANDAN,IND,299,75.08,IND,Chengalpattu,Kanchipuram,Chennai Metro,GEN
32,C.VIMALRAJ,IND,290,75.08,IND,Chengalpattu,Kanchipuram,Chennai Metro,GEN
32,P.GEORGE DEVADOSS,IND,184,75.08,IND,Chengalpattu,Kanchipuram,Chennai Metro,GEN
32,V. RAMAKRISHNAN,IND,166,75.08,IND,Chengalpattu,Kanchipuram,Chennai Metro,GEN
32,S.DELHI BABU,IND,127,75.08,IND,Chengalpattu,Kanchipuram,Chennai Metro,GEN
32,A.ESAKKIAPPAN,IND,122,75.08,IND,Chengalpattu,Kanchipuram,Chennai Metro,GEN
32,KARTHICK.A,IND,107,75.08,IND,Chengalpattu,Kanchipuram,Chennai Metro,GEN
32,T. PREM BALAJI,IND,71,75.08,IND,Chengalpattu,Kanchipuram,Chennai Metro,GEN
32,G. CHRISTOPHER,IND,68,75.08,IND,Chengalpattu,Kanchipuram,Chennai Metro,GEN
33,B.VIJAYARAJ,TVK,110095,87.94,TVK,Thiruporur,Kanchipuram,North,GEN
33,R. PANNEERDOSS,VCK,70744,87.94,VCK,Thiruporur,Kanchipuram,North,GEN
33,K. BALU,PMK,67392,87.94,PMK,Thiruporur,Kanchipuram,North,GEN
33,AMBETH RAJAN,NTK,9616,87.94,NTK,Thiruporur,Kanchipuram,North,GEN
33,NOTA,NOTA,1248,87.94,NOTA,Thiruporur,Kanchipuram,North,GEN
33,D. PANNEERSELVAM,IND,784,87.94,IND,Thiruporur,Kanchipuram,North,GEN
33,S. MESHAK,IND,632,87.94,IND,Thiruporur,Kanchipuram,North,GEN
33,Dr.D.VINOTH KUMAR,Bahujan Samaj Party,535,87.94,BSP,Thiruporur,Kanchipuram,North,GEN
33,A.SELVARAJ,Mannin Maithargal Kazhagam,524,87.94,Mannin Maithargal Kazhagam,Thiruporur,Kanchipuram,North,GEN
33,V M CHANDIRAN,IND,326,87.94,IND,Thiruporur,Kanchipuram,North,GEN
33,V. DESAPPAN,Samata Party,308,87.94,Samata Party,Thiruporur,Kanchipuram,North,GEN
33,S. GNANASEKARAN,IND,205,87.94,IND,Thiruporur,Kanchipuram,North,GEN
34,RAJASEKAR. E,AIADMK,63809,90.31,AIADMK,Cheyyur,Kanchipuram,North,SC
34,MOHAN RAJA.M.G.K,TVK,58141,90.31,TVK,Cheyyur,Kanchipuram,North,SC
34,SINTHANAI SELVAN,VCK,57909,90.31,VCK,Cheyyur,Kanchipuram,North,SC
34,SWATHILAKSHMI SEKAR,NTK,4853,90.31,NTK,Cheyyur,Kanchipuram,North,SC
34,NOTA,NOTA,783,90.31,NOTA,Cheyyur,Kanchipuram,North,SC
34,MURUGAVEL. A,All India Puratchi Thalaivar Makkal Munnettra Kazhagam,408,90.31,All India Puratchi Thalaivar Makkal Munnettra Kazhagam,Cheyyur,Kanchipuram,North,SC
34,GANGADURAI. K,Tamizhaga Vaazhvurimai Katchi,375,90.31,Tamizhaga Vaazhvurimai Katchi,Cheyyur,Kanchipuram,North,SC
34,RAJA. K,IND,345,90.31,IND,Cheyyur,Kanchipuram,North,SC
34,AMBETHKAR. S,IND,319,90.31,IND,Cheyyur,Kanchipuram,North,SC
34,GOPIKRISHNA. D,IND,168,90.31,IND,Cheyyur,Kanchipuram,North,SC
34,JEGAN. M,IND,157,90.31,IND,Cheyyur,Kanchipuram,North,SC
34,EZHIL. E,IND,135,90.31,IND,Cheyyur,Kanchipuram,North,SC
34,KRISHNAKANTH. E,IND,103,90.31,IND,Cheyyur,Kanchipuram,North,SC
34,ARUN. C,IND,79,90.31,IND,Cheyyur,Kanchipuram,North,SC
35,MARAGATHAM KUMARAVEL.K,AIADMK,69284,89.88,AIADMK,Maduranthakam,Kanchipuram,North,SC
35,EZHIL KATHARINE EZHILMALAI,TVK,62090,89.88,TVK,Maduranthakam,Kanchipuram,North,SC
35,S.AMULU PONMALAR,DMK,59838,89.88,DMK,Maduranthakam,Kanchipuram,North,SC
35,G.JANAKIRAMAN,NTK,4950,89.88,NTK,Maduranthakam,Kanchipuram,North,SC
35,NOTA,NOTA,797,89.88,NOTA,Maduranthakam,Kanchipuram,North,SC
35,NEELAM E.RAMKUMAR,Bahujan Samaj Party,374,89.88,BSP,Maduranthakam,Kanchipuram,North,SC
35,RANJITHAM.M,IND,357,89.88,IND,Maduranthakam,Kanchipuram,North,SC
35,R.SUGAN,All India Puratchi Thalaivar Makkal Munnettra Kazhagam,237,89.88,All India Puratchi Thalaivar Makkal Munnettra Kazhagam,Maduranthakam,Kanchipuram,North,SC
35,S.PUNNIYAKOTTI,Tamizhaga Vaazhvurimai Katchi,206,89.88,Tamizhaga Vaazhvurimai Katchi,Maduranthakam,Kanchipuram,North,SC
35,M.KADIRVEL,IND,118,89.88,IND,Maduranthakam,Kanchipuram,North,SC
36,MUNIRATHINAM.J,TVK,84917,93.17,TVK,Uthiramerur,Kanchipuram,North,GEN
36,SUNDAR.K,DMK,70694,93.17,DMK,Uthiramerur,Kanchipuram,North,GEN
36,MAGESHKUMAR.P,PMK,62809,93.17,PMK,Uthiramerur,Kanchipuram,North,GEN
36,MARAM MASILAMANI.B.S,NTK,5783,93.17,NTK,Uthiramerur,Kanchipuram,North,GEN
36,NOTA,NOTA,1114,93.17,NOTA,Uthiramerur,Kanchipuram,North,GEN
36,DEVARAJAN.C,IND,551,93.17,IND,Uthiramerur,Kanchipuram,North,GEN
36,DEVENTHIRAMOORTHY.S,IND,390,93.17,IND,Uthiramerur,Kanchipuram,North,GEN
36,SIVAKUMAR.A,Desiya Makkal Sakthi Katchi,342,93.17,Desiya Makkal Sakthi Katchi,Uthiramerur,Kanchipuram,North,GEN
36,JAKIRUSAN.D,Tamizhaga Vaazhvurimai Katchi,235,93.17,Tamizhaga Vaazhvurimai Katchi,Uthiramerur,Kanchipuram,North,GEN
36,ANBU.V,IND,221,93.17,IND,Uthiramerur,Kanchipuram,North,GEN
36,MAHESWARI.J,IND,212,93.17,IND,Uthiramerur,Kanchipuram,North,GEN
36,MAGESH KUMAR.T,IND,207,93.17,IND,Uthiramerur,Kanchipuram,North,GEN
36,GUNASEKAR.V,IND,125,93.17,IND,Uthiramerur,Kanchipuram,North,GEN
36,CITTIBABU.R,IND,95,93.17,IND,Uthiramerur,Kanchipuram,North,GEN
36,KAMALAKANNAN.K,IND,70,93.17,IND,Uthiramerur,Kanchipuram,North,GEN
37,R.V. RANJITHKUMAR,TVK,91350,85.26,TVK,Kancheepuram,Kanchipuram,North,GEN
37,V. SOMASUNDARAM,AIADMK,75862,85.26,AIADMK,Kancheepuram,Kanchipuram,North,GEN
37,NITHYA SUGUMAR,DMK,69344,85.26,DMK,Kancheepuram,Kanchipuram,North,GEN
37,VETRISELVI,NTK,6950,85.26,NTK,Kancheepuram,Kanchipuram,North,GEN
37,NOTA,NOTA,1078,85.26,NOTA,Kancheepuram,Kanchipuram,North,GEN
37,G. BABU,IND,364,85.26,IND,Kancheepuram,Kanchipuram,North,GEN
37,M. MEGANATHAN,IND,286,85.26,IND,Kancheepuram,Kanchipuram,North,GEN
37,M. NANDHAKUMAR,Anti Corruption Dynamic Party,217,85.26,Anti Corruption Dynamic Party,Kancheepuram,Kanchipuram,North,GEN
37,V. NARESH,Tamizhaga Vaazhvurimai Katchi,178,85.26,Tamizhaga Vaazhvurimai Katchi,Kancheepuram,Kanchipuram,North,GEN
37,E. DHAKSHNAMOORTHY,IND,178,85.26,IND,Kancheepuram,Kanchipuram,North,GEN
37,M. BALAJI,IND,138,85.26,IND,Kancheepuram,Kanchipuram,North,GEN
37,P. VENKATESAN,All India Puratchi Thalaivar Makkal Munnettra Kazhagam,110,85.26,All India Puratchi Thalaivar Makkal Munnettra Kazhagam,Kancheepuram,Kanchipuram,North,GEN
37,V. SOMASUNDARAM,IND,78,85.26,IND,Kancheepuram,Kanchipuram,North,GEN
37,GNANAMOORTHY,IND,74,85.26,IND,Kancheepuram,Kanchipuram,North,GEN
37,M. SOMASUNDARAM,IND,68,85.26,IND,Kancheepuram,Kanchipuram,North,GEN
37,C. DILLIBABU,IND,42,85.26,IND,Kancheepuram,Kanchipuram,North,GEN
38,V. GANDHIRAJ,TVK,73776,88.46,TVK,Arakonam,Vellore,North,SC
38,EZHIL CAROLINE,VCK,50655,88.46,VCK,Arakonam,Vellore,North,SC
38,S. RAVI,AIADMK,50052,88.46,AIADMK,Arakonam,Vellore,North,SC
38,K. RAJKUMAR,NTK,5191,88.46,NTK,Arakonam,Vellore,North,SC
38,NOTA,NOTA,899,88.46,NOTA,Arakonam,Vellore,North,SC
38,P. SUDHAKAR,Bahujan Samaj Party,451,88.46,BSP,Arakonam,Vellore,North,SC
38,VETRIVEL. M,Aanaithinthiya Jananayaka Pathukappu Kazhagam,251,88.46,Aanaithinthiya Jananayaka Pathukappu Kazhagam,Arakonam,Vellore,North,SC
38,N. PRAVEENKUMAR,IND,238,88.46,IND,Arakonam,Vellore,North,SC
38,N. LAKSHMIPATHY,Tamizhaga Vaazhvurimai Katchi,229,88.46,Tamizhaga Vaazhvurimai Katchi,Arakonam,Vellore,North,SC
38,T. MURALIDHARAN,IND,197,88.46,IND,Arakonam,Vellore,North,SC
38,M. SANTHANAM,IND,150,88.46,IND,Arakonam,Vellore,North,SC
38,G. MOHAN,IND,106,88.46,IND,Arakonam,Vellore,North,SC
38,M. MANIKANDAN,IND,75,88.46,IND,Arakonam,Vellore,North,SC
38,P. GOVINDARAJ,IND,70,88.46,IND,Arakonam,Vellore,North,SC
39,G.KAPIL,TVK,84506,94.26,TVK,Sholinghur,Vellore,North,GEN
39,K.SARAVANAN,PMK,78820,94.26,PMK,Sholinghur,Vellore,North,GEN
39,A.M.MUNIRATHINAM,INC,57997,94.26,INC,Sholinghur,Vellore,North,GEN
39,A.ASHOK KUMAR,NTK,6468,94.26,NTK,Sholinghur,Vellore,North,GEN
39,NOTA,NOTA,572,94.26,NOTA,Sholinghur,Vellore,North,GEN
39,M.VIJAYAN,IND,548,94.26,IND,Sholinghur,Vellore,North,GEN
39,K.MUNISAMY,IND,532,94.26,IND,Sholinghur,Vellore,North,GEN
39,SUDHAKAR.K,Tamizhaga Vaazhvurimai Katchi,490,94.26,Tamizhaga Vaazhvurimai Katchi,Sholinghur,Vellore,North,GEN
39,M.GIRIDHARAN,Bahujan Samaj Party,378,94.26,BSP,Sholinghur,Vellore,North,GEN
39,M.DINESH,IND,349,94.26,IND,Sholinghur,Vellore,North,GEN
39,V.MUNIRATHINAM,IND,345,94.26,IND,Sholinghur,Vellore,North,GEN
39,T.RAJENDRAN,IND,316,94.26,IND,Sholinghur,Vellore,North,GEN
39,N.GOPALAKRISHNAN,IND,310,94.26,IND,Sholinghur,Vellore,North,GEN
39,N.MANI,IND,284,94.26,IND,Sholinghur,Vellore,North,GEN
39,SANTHANAM.R,IND,277,94.26,IND,Sholinghur,Vellore,North,GEN
39,KAVIYARASAN.SUBIRAMANI,IND,249,94.26,IND,Sholinghur,Vellore,North,GEN
39,V.SADHASIVAM,IND,234,94.26,IND,Sholinghur,Vellore,North,GEN
39,S.SENTHILKUMAR,Vanchit Bahujan Aaghadi,197,94.26,Vanchit Bahujan Aaghadi,Sholinghur,Vellore,North,GEN
39,A.PALANI,IND,183,94.26,IND,Sholinghur,Vellore,North,GEN
39,V.HEMACHANDIRAN,IND,136,94.26,IND,Sholinghur,Vellore,North,GEN
39,R.VINOTH,Veerath Thiyagi Viswanathadoss Thozhilalarkal Katchi,133,94.26,Veerath Thiyagi Viswanathadoss Thozhilalarkal Katchi,Sholinghur,Vellore,North,GEN
39,A.ANANDAN,IND,133,94.26,IND,Sholinghur,Vellore,North,GEN
39,S.ILAYARAJA,IND,124,94.26,IND,Sholinghur,Vellore,North,GEN
39,R.SETHUPATHI,IND,103,94.26,IND,Sholinghur,Vellore,North,GEN
40,DR M SUDHAKAR,TVK,69868,85.15,TVK,Katpadi,Vellore,North,GEN
40,V. RAMU,AIADMK,63998,85.15,AIADMK,Katpadi,Vellore,North,GEN
40,DURAIMURUGAN,DMK,62225,85.15,DMK,Katpadi,Vellore,North,GEN
40,S. THIRUKKUMARAN,NTK,4625,85.15,NTK,Katpadi,Vellore,North,GEN
40,NOTA,NOTA,745,85.15,NOTA,Katpadi,Vellore,North,GEN
40,J. RAMESH,Bahujan Samaj Party,407,85.15,BSP,Katpadi,Vellore,North,GEN
40,D. RAMU,IND,323,85.15,IND,Katpadi,Vellore,North,GEN
40,INDU .W,Tamil Manila Murpokku Dravida Kazhagam,319,85.15,Tamil Manila Murpokku Dravida Kazhagam,Katpadi,Vellore,North,GEN
40,DHANANCHEZHIYAN,IND,215,85.15,IND,Katpadi,Vellore,North,GEN
40,V. CHANDRAN,All India Puratchi Thalaivar Makkal Munnettra Kazhagam,187,85.15,All India Puratchi Thalaivar Makkal Munnettra Kazhagam,Katpadi,Vellore,North,GEN
40,M. SUTHAKAR,IND,145,85.15,IND,Katpadi,Vellore,North,GEN
40,S. BALAJI,Tamil Nadu Ilangyar Katchi,140,85.15,Tamil Nadu Ilangyar Katchi,Katpadi,Vellore,North,GEN
40,DHANASEKAR,IND,122,85.15,IND,Katpadi,Vellore,North,GEN
40,GANESAN .P,Indhu Dravida Makkal Katchi,79,85.15,Indhu Dravida Makkal Katchi,Katpadi,Vellore,North,GEN
40,SARAVANAN .D,IND,54,85.15,IND,Katpadi,Vellore,North,GEN
40,S. RAMAN,IND,45,85.15,IND,Katpadi,Vellore,North,GEN
41,THAHIRA,TVK,91149,88.89,TVK,Ranipet,Vellore,North,GEN
41,R. GANDHI,DMK,85362,88.89,DMK,Ranipet,Vellore,North,GEN
41,V.M. KARTHIKEYAN,BJP,32060,88.89,BJP,Ranipet,Vellore,North,GEN
41,THAARIKHA SALMAN,NTK,7236,88.89,NTK,Ranipet,Vellore,North,GEN
41,NOTA,NOTA,1209,88.89,NOTA,Ranipet,Vellore,North,GEN
41,A. NARESHKUMAR,IND,754,88.89,IND,Ranipet,Vellore,North,GEN
41,J.JENIFERJANET,Bahujan Samaj Party,620,88.89,BSP,Ranipet,Vellore,North,GEN
41,K. SAKTHIVEL NATHAN,IND,533,88.89,IND,Ranipet,Vellore,North,GEN
41,J. HASSAIN,IND,517,88.89,IND,Ranipet,Vellore,North,GEN
41,N.VISWANATHAN,Tamizhaga Vaazhvurimai Katchi,370,88.89,Tamizhaga Vaazhvurimai Katchi,Ranipet,Vellore,North,GEN
41,V. DHARMENDIRAN,IND,356,88.89,IND,Ranipet,Vellore,North,GEN
41,S.MUNISAMY,Anti Corruption Dynamic Party,229,88.89,Anti Corruption Dynamic Party,Ranipet,Vellore,North,GEN
41,S.JAYAPRAKASH,IND,228,88.89,IND,Ranipet,Vellore,North,GEN
41,V. SURESH,IND,166,88.89,IND,Ranipet,Vellore,North,GEN
41,J. MOHAN,IND,155,88.89,IND,Ranipet,Vellore,North,GEN
41,N. SUGUMAR,IND,94,88.89,IND,Ranipet,Vellore,North,GEN
42,S.M.SUKUMAR,AIADMK,105608,92.43,AIADMK,Arcot,Vellore,North,GEN
42,G.VIJAY MOHAN,TVK,62888,92.43,TVK,Arcot,Vellore,North,GEN
42,J.L.ESWARAPPAN,DMK,48840,92.43,DMK,Arcot,Vellore,North,GEN
42,ARCHANA NARASIMMAN,NTK,5518,92.43,NTK,Arcot,Vellore,North,GEN
42,NOTA,NOTA,656,92.43,NOTA,Arcot,Vellore,North,GEN
42,M.VASANTHAKUMAR,Bahujan Samaj Party,468,92.43,BSP,Arcot,Vellore,North,GEN
42,K.MANIKANDAN,IND,397,92.43,IND,Arcot,Vellore,North,GEN
42,A.VIJAY,IND,369,92.43,IND,Arcot,Vellore,North,GEN
42,S.P.SHANMUGAM,Aanaithinthiya Jananayaka Pathukappu Kazhagam,252,92.43,Aanaithinthiya Jananayaka Pathukappu Kazhagam,Arcot,Vellore,North,GEN
42,V.GANDHI,Vanchit Bahujan Aaghadi,197,92.43,Vanchit Bahujan Aaghadi,Arcot,Vellore,North,GEN
42,V.SEETHARAMAN,Anti Corruption Dynamic Party,168,92.43,Anti Corruption Dynamic Party,Arcot,Vellore,North,GEN
42,P.VENKATESAN,Tamizhaga Vaazhvurimai Katchi,151,92.43,Tamizhaga Vaazhvurimai Katchi,Arcot,Vellore,North,GEN
42,V.SHANTHI,IND,113,92.43,IND,Arcot,Vellore,North,GEN
42,ESWARAPPAN.M,IND,103,92.43,IND,Arcot,Vellore,North,GEN
42,R.INDHUMATHI,IND,58,92.43,IND,Arcot,Vellore,North,GEN
43,M.M.VINOTH KANNAN,TVK,73032,82.7,TVK,Vellore,Vellore,North,GEN
43,P.KARTHIKEYAN,DMK,66255,82.7,DMK,Vellore,Vellore,North,GEN
43,S R K APPU,AIADMK,45458,82.7,AIADMK,Vellore,Vellore,North,GEN
43,A.SONIYA,NTK,3793,82.7,NTK,Vellore,Vellore,North,GEN
43,NOTA,NOTA,757,82.7,NOTA,Vellore,Vellore,North,GEN
43,K.VIMALA,Naam Indiar Party,195,82.7,Naam Indiar Party,Vellore,Vellore,North,GEN
43,U.VIJAYA KUMAR,IND,191,82.7,IND,Vellore,Vellore,North,GEN
43,S.M.IRSHAD,Tamizhaga Vaazhvurimai Katchi,135,82.7,Tamizhaga Vaazhvurimai Katchi,Vellore,Vellore,North,GEN
43,M.VINOTHKUMAR,Anna MGR Dravida Makkal Kalgam,131,82.7,Anna MGR Dravida Makkal Kalgam,Vellore,Vellore,North,GEN
43,S.MADHAN KUMAR,IND,123,82.7,IND,Vellore,Vellore,North,GEN
43,S.GIRIDHARA PRASAD,Party for the Rights of Other backward Classes,103,82.7,Party for the Rights of Other backward Classes,Vellore,Vellore,North,GEN
43,S.APPU,IND,103,82.7,IND,Vellore,Vellore,North,GEN
43,K.M.VINAAYAGAM,Viro Ke Vir Indian Party,88,82.7,Viro Ke Vir Indian Party,Vellore,Vellore,North,GEN
43,M.LOGANATHAN,IND,59,82.7,IND,Vellore,Vellore,North,GEN
43,K.MUNIYAPPAN,ALL PENSIONER'S PARTY,55,82.7,ALL PENSIONER'S PARTY,Vellore,Vellore,North,GEN
43,S.RAJKAMAL,IND,49,82.7,IND,Vellore,Vellore,North,GEN
44,D.VELAZHAGAN,AIADMK,76302,87.98,AIADMK,Anaikattu,Vellore,North,GEN
44,A.P.NANDAKUMAR,DMK,69221,87.98,DMK,Anaikattu,Vellore,North,GEN
44,R.VELMURUGAN,TVK,63287,87.98,TVK,Anaikattu,Vellore,North,GEN
44,M.RAVIKUMAR,NTK,4746,87.98,NTK,Anaikattu,Vellore,North,GEN
44,NOTA,NOTA,1103,87.98,NOTA,Anaikattu,Vellore,North,GEN
44,R.SARAVANAN,Namadhu Makkal Katchi,351,87.98,Namadhu Makkal Katchi,Anaikattu,Vellore,North,GEN
44,K.MANOHARAN,IND,319,87.98,IND,Anaikattu,Vellore,North,GEN
44,V.S.VENKATESH,Aanaithinthiya Jananayaka Pathukappu Kazhagam,217,87.98,Aanaithinthiya Jananayaka Pathukappu Kazhagam,Anaikattu,Vellore,North,GEN
44,V.VINOTHKANNA,Tamizhaga Vaazhvurimai Katchi,192,87.98,Tamizhaga Vaazhvurimai Katchi,Anaikattu,Vellore,North,GEN
44,P.JAYASEELAN,Puthiya Tamilagam,166,87.98,Puthiya Tamilagam,Anaikattu,Vellore,North,GEN
44,R.RAMESH,IND,152,87.98,IND,Anaikattu,Vellore,North,GEN
44,M.NANDHA KUMAR,IND,95,87.98,IND,Anaikattu,Vellore,North,GEN
44,S.SELVAMOORTHY,IND,90,87.98,IND,Anaikattu,Vellore,North,GEN
44,E.SURESH,IND,77,87.98,IND,Anaikattu,Vellore,North,GEN
45,THENRAL KUMAR. E,TVK,74305,88.6,TVK,Kilvaithinankuppam,Vellore,North,SC
45,JEGAN MOORTHY. M,AIADMK,54050,88.6,AIADMK,Kilvaithinankuppam,Vellore,North,SC
45,DR. RAJESWARI. R,DMK,53898,88.6,DMK,Kilvaithinankuppam,Vellore,North,SC
45,KALAIYENTHIRI. R,NTK,5183,88.6,NTK,Kilvaithinankuppam,Vellore,North,SC
45,NOTA,NOTA,972,88.6,NOTA,Kilvaithinankuppam,Vellore,North,SC
45,ANANDALAI THANGARAJ. M,All India Puratchi Thalaivar Makkal Munnettra Kazhagam,482,88.6,All India Puratchi Thalaivar Makkal Munnettra Kazhagam,Kilvaithinankuppam,Vellore,North,SC
45,JAYASHANKAR. J,IND,227,88.6,IND,Kilvaithinankuppam,Vellore,North,SC
45,RAJA. M,Tamizhaga Vaazhvurimai Katchi,202,88.6,Tamizhaga Vaazhvurimai Katchi,Kilvaithinankuppam,Vellore,North,SC
45,SATHISH. A,IND,157,88.6,IND,Kilvaithinankuppam,Vellore,North,SC
45,JAYA BHARATH. J,IND,157,88.6,IND,Kilvaithinankuppam,Vellore,North,SC
45,MURUGAN. K.P,IND,146,88.6,IND,Kilvaithinankuppam,Vellore,North,SC
45,KUMARESAN. L,IND,113,88.6,IND,Kilvaithinankuppam,Vellore,North,SC
46,K.SINDU,TVK,82858,85.5,TVK,Gudiyatham,Vellore,North,SC
46,K.B.PRADAP,DMDK,72761,85.5,DMDK,Gudiyatham,Vellore,North,SC
46,PARITHA PURUSHOTHAMAN.G,AIADMK,64122,85.5,AIADMK,Gudiyatham,Vellore,North,SC
46,J.EMALAN,NTK,5802,85.5,NTK,Gudiyatham,Vellore,North,SC
46,NOTA,NOTA,799,85.5,NOTA,Gudiyatham,Vellore,North,SC
46,T.POOVARASAN,Bahujan Samaj Party,697,85.5,BSP,Gudiyatham,Vellore,North,SC
46,SUBAKARAN.A,IND,519,85.5,IND,Gudiyatham,Vellore,North,SC
46,BHARATH  MATHIRUBAN,IND,400,85.5,IND,Gudiyatham,Vellore,North,SC
46,K.ASHA,Puthiya Tamilagam,383,85.5,Puthiya Tamilagam,Gudiyatham,Vellore,North,SC
46,K.THABITHAL,All India Puratchi Thalaivar Makkal Munnettra Kazhagam,351,85.5,All India Puratchi Thalaivar Makkal Munnettra Kazhagam,Gudiyatham,Vellore,North,SC
46,A.RAJESH,IND,227,85.5,IND,Gudiyatham,Vellore,North,SC
46,M.SUMATHI,IND,157,85.5,IND,Gudiyatham,Vellore,North,SC
47,SYED FAROOQ BASHA SSB,IUML,73181,86.34,IUML,Vaniayambadi,Vellore,North,GEN
47,SYED BHURHANUDEEN,TVK,70199,86.34,TVK,Vaniayambadi,Vellore,North,GEN
47,SENDHIL KUMAR.G,AIADMK,61055,86.34,AIADMK,Vaniayambadi,Vellore,North,GEN
47,MURUGESAN.G,NTK,4849,86.34,NTK,Vaniayambadi,Vellore,North,GEN
47,NOTA,NOTA,624,86.34,NOTA,Vaniayambadi,Vellore,North,GEN
47,SUBRAMANI.P,Bahujan Samaj Party,609,86.34,BSP,Vaniayambadi,Vellore,North,GEN
47,SUNDARAMMAL,Makkal Arasial Katchi,544,86.34,Makkal Arasial Katchi,Vaniayambadi,Vellore,North,GEN
47,ANBARASU.P,Aanaithinthiya Jananayaka Pathukappu Kazhagam,231,86.34,Aanaithinthiya Jananayaka Pathukappu Kazhagam,Vaniayambadi,Vellore,North,GEN
47,RAJESH.T,IND,213,86.34,IND,Vaniayambadi,Vellore,North,GEN
47,DEVENDRAN.J,Tamizhaga Vaazhvurimai Katchi,195,86.34,Tamizhaga Vaazhvurimai Katchi,Vaniayambadi,Vellore,North,GEN
47,MANOJ.S,IND,166,86.34,IND,Vaniayambadi,Vellore,North,GEN
47,NAVEEN.R,IND,159,86.34,IND,Vaniayambadi,Vellore,North,GEN
47,SRINIVASAN.A,IND,158,86.34,IND,Vaniayambadi,Vellore,North,GEN
47,MANJUNATH.K,IND,140,86.34,IND,Vaniayambadi,Vellore,North,GEN
47,ABDUL WAHID.A,IND,109,86.34,IND,Vaniayambadi,Vellore,North,GEN
47,SELVARAJ.M,IND,102,86.34,IND,Vaniayambadi,Vellore,North,GEN
48,VILWANATHAN. A.C.,DMK,74102,84.58,DMK,Ambur,Vellore,North,GEN
48,IMTHIYAZ PANDARATTUDU ABDU,TVK,66971,84.58,TVK,Ambur,Vellore,North,GEN
48,VENKATESAN. R,AIADMK,47100,84.58,AIADMK,Ambur,Vellore,North,GEN
48,AFSHIA NASRIN. S,NTK,4185,84.58,NTK,Ambur,Vellore,North,GEN
48,VISWANATHAN. J,IND,490,84.58,IND,Ambur,Vellore,North,GEN
48,NOTA,NOTA,468,84.58,NOTA,Ambur,Vellore,North,GEN
48,ASADULLAH. B,Indian National League,457,84.58,Indian National League,Ambur,Vellore,North,GEN
48,WAZEER AHMED. J,Bahujan Samaj Party,384,84.58,BSP,Ambur,Vellore,North,GEN
48,SRINATH,IND,231,84.58,IND,Ambur,Vellore,North,GEN
48,SASI REKA. Y,Makkal Arasial Katchi,194,84.58,Makkal Arasial Katchi,Ambur,Vellore,North,GEN
48,KUMARAVEL. P,IND,193,84.58,IND,Ambur,Vellore,North,GEN
48,VENKATESAN. M,IND,182,84.58,IND,Ambur,Vellore,North,GEN
48,KAREEM BASHA. A,All India Majlis-E-Inquilab-E-Millat,168,84.58,All India Majlis-E-Inquilab-E-Millat,Ambur,Vellore,North,GEN
48,MUSHTAQ AHMED KUTLAPPAI,IND,151,84.58,IND,Ambur,Vellore,North,GEN
48,FIRDOSE AHMED. M,IND,130,84.58,IND,Ambur,Vellore,North,GEN
48,HAROON RASHEED BADU,All India Puratchi Thalaivar Makkal Munnettra Kazhagam,93,84.58,All India Puratchi Thalaivar Makkal Munnettra Kazhagam,Ambur,Vellore,North,GEN
48,GOVINDHAN. A,All India Youth Development Party,85,84.58,All India Youth Development Party,Ambur,Vellore,North,GEN
49,VEERAMANI K.C.,AIADMK,78633,91.48,AIADMK,Jolarpet,Vellore,North,GEN
49,MUNISAMY C,TVK,62550,91.48,TVK,Jolarpet,Vellore,North,GEN
49,KAVITHADHANDAPANI,DMK,61977,91.48,DMK,Jolarpet,Vellore,North,GEN
49,SASIREKHA K,NTK,5974,91.48,NTK,Jolarpet,Vellore,North,GEN
49,NOTA,NOTA,695,91.48,NOTA,Jolarpet,Vellore,North,GEN
49,PRIYA K,IND,454,91.48,IND,Jolarpet,Vellore,North,GEN
49,KALASTHIRI S,All India Uzhavargal Uzhaippalargal Katchi,370,91.48,All India Uzhavargal Uzhaippalargal Katchi,Jolarpet,Vellore,North,GEN
49,SENTHAMILSELVAN M,Naadaalum Makkal Katchi,363,91.48,Naadaalum Makkal Katchi,Jolarpet,Vellore,North,GEN
49,THANGARAJ P,IND,358,91.48,IND,Jolarpet,Vellore,North,GEN
49,SIVAKUMAR V C,Bahujan Samaj Party,316,91.48,BSP,Jolarpet,Vellore,North,GEN
49,SASI REKA Y,Makkal Arasial Katchi,270,91.48,Makkal Arasial Katchi,Jolarpet,Vellore,North,GEN
49,CHENNA KESAVAN C,IND,216,91.48,IND,Jolarpet,Vellore,North,GEN
49,KAVITHA C,IND,155,91.48,IND,Jolarpet,Vellore,North,GEN
49,KRISHNAMOORTHY D,Makkal Nala Kazhagam,149,91.48,Makkal Nala Kazhagam,Jolarpet,Vellore,North,GEN
49,KAMATCHI S,IND,128,91.48,IND,Jolarpet,Vellore,North,GEN
49,SANKAR T.K,Tamizhaga Vaazhvurimai Katchi,104,91.48,Tamizhaga Vaazhvurimai Katchi,Jolarpet,Vellore,North,GEN
49,CHENRAYAN A,IND,99,91.48,IND,Jolarpet,Vellore,North,GEN
49,VEERAMANI H,IND,86,91.48,IND,Jolarpet,Vellore,North,GEN
49,KAVITHA T,IND,76,91.48,IND,Jolarpet,Vellore,North,GEN
49,MOHANRAJ R,IND,69,91.48,IND,Jolarpet,Vellore,North,GEN
50,DR.THIRUPATHI. N,TVK,105098,86.69,TVK,Tiruppattur,Vellore,North,GEN
50,NALLATHAMBI. A,DMK,56835,86.69,DMK,Tiruppattur,Vellore,North,GEN
50,GNANASEKAR. A,AMMK,30003,86.69,AMMK,Tiruppattur,Vellore,North,GEN
50,ARUMUGAM. V,NTK,5482,86.69,NTK,Tiruppattur,Vellore,North,GEN
50,RAJESH. S,Tamizhaga Vaazhvurimai Katchi,486,86.69,Tamizhaga Vaazhvurimai Katchi,Tiruppattur,Vellore,North,GEN
50,NOTA,NOTA,464,86.69,NOTA,Tiruppattur,Vellore,North,GEN
50,THIRUPATHI. N,IND,447,86.69,IND,Tiruppattur,Vellore,North,GEN
50,VENKATESAN. K,IND,408,86.69,IND,Tiruppattur,Vellore,North,GEN
50,SEKAR. N,All India Youth Development Party,387,86.69,All India Youth Development Party,Tiruppattur,Vellore,North,GEN
50,RAJIV GANDHI. S,Bahujan Samaj Party,361,86.69,BSP,Tiruppattur,Vellore,North,GEN
50,THIRUPATHI. C,IND,355,86.69,IND,Tiruppattur,Vellore,North,GEN
50,VIJAYAKUMAR. G,Aanaithinthiya Jananayaka Pathukappu Kazhagam,345,86.69,Aanaithinthiya Jananayaka Pathukappu Kazhagam,Tiruppattur,Vellore,North,GEN
50,THIRUPATHI. S,IND,339,86.69,IND,Tiruppattur,Vellore,North,GEN
50,RAGUJOSEPH. J,IND,308,86.69,IND,Tiruppattur,Vellore,North,GEN
50,KALASTHIRI. S,All India Uzhavargal Uzhaippalargal Katchi,208,86.69,All India Uzhavargal Uzhaippalargal Katchi,Tiruppattur,Vellore,North,GEN
50,GNANASEKARAN. R,IND,206,86.69,IND,Tiruppattur,Vellore,North,GEN
50,NALLATHAMBI. R,IND,192,86.69,IND,Tiruppattur,Vellore,North,GEN
50,SANKAR. S,IND,182,86.69,IND,Tiruppattur,Vellore,North,GEN
50,DR.POOVALAGI. P,IND,139,86.69,IND,Tiruppattur,Vellore,North,GEN
50,SATHIYAMOORTHY. S,Makkal Nala Kazhagam,136,86.69,Makkal Nala Kazhagam,Tiruppattur,Vellore,North,GEN
50,BALABHARATHI. S.V,IND,128,86.69,IND,Tiruppattur,Vellore,North,GEN
50,GNANASEKARAN. M,IND,127,86.69,IND,Tiruppattur,Vellore,North,GEN
50,MOHAN RAJ. R,IND,119,86.69,IND,Tiruppattur,Vellore,North,GEN
50,ANJALI. M,IND,115,86.69,IND,Tiruppattur,Vellore,North,GEN
50,GOVIND. T.G,IND,55,86.69,IND,Tiruppattur,Vellore,North,GEN
51,N ELAIYARAJA,TVK,70201,89.99,TVK,Uthangarai,Krishnagiri,North,SC
51,T M  TAMILSELVAM,AIADMK,65003,89.99,AIADMK,Uthangarai,Krishnagiri,North,SC
51,R KUPPUSAMY,INC,60993,89.99,INC,Uthangarai,Krishnagiri,North,SC
51,MEKALA,NTK,6629,89.99,NTK,Uthangarai,Krishnagiri,North,SC
51,NOTA,NOTA,881,89.99,NOTA,Uthangarai,Krishnagiri,North,SC
51,K THAVARAJ,Tamizhaga Vaazhvurimai Katchi,291,89.99,Tamizhaga Vaazhvurimai Katchi,Uthangarai,Krishnagiri,North,SC
51,MUNIRAJ,IND,257,89.99,IND,Uthangarai,Krishnagiri,North,SC
51,KUMARAVEL,IND,247,89.99,IND,Uthangarai,Krishnagiri,North,SC
51,TAMILMANI,IND,241,89.99,IND,Uthangarai,Krishnagiri,North,SC
51,VIJIYAL,Aanaithinthiya Jananayaka Pathukappu Kazhagam,206,89.99,Aanaithinthiya Jananayaka Pathukappu Kazhagam,Uthangarai,Krishnagiri,North,SC
51,BAKKIYARAJ R,IND,176,89.99,IND,Uthangarai,Krishnagiri,North,SC
51,A SAMRAJ,IND,155,89.99,IND,Uthangarai,Krishnagiri,North,SC
51,PALANI R,Thakkam Katchi,135,89.99,Thakkam Katchi,Uthangarai,Krishnagiri,North,SC
51,RAMESHWARI,Bharat Jan Chikitsa Party,115,89.99,Bharat Jan Chikitsa Party,Uthangarai,Krishnagiri,North,SC
52,E.C. GOVINDARASAN,AIADMK,71240,91.92,AIADMK,Bargur,Krishnagiri,North,GEN
52,E. MURALIDHARAN,TVK,66999,91.92,TVK,Bargur,Krishnagiri,North,GEN
52,D. MATHIAZHAGAN,DMK,65228,91.92,DMK,Bargur,Krishnagiri,North,GEN
52,KAVINKUMAR. S,NTK,5462,91.92,NTK,Bargur,Krishnagiri,North,GEN
52,D. SIVASANKARAN,Bahujan Samaj Party,708,91.92,BSP,Bargur,Krishnagiri,North,GEN
52,A. SUDHAKAR,Republican Party of India (Athawale),698,91.92,Republican Party of India (Athawale),Bargur,Krishnagiri,North,GEN
52,NOTA,NOTA,631,91.92,NOTA,Bargur,Krishnagiri,North,GEN
52,S. ALBERT FRANCIS XAVIER,Tamizhaga Vaazhvurimai Katchi,607,91.92,Tamizhaga Vaazhvurimai Katchi,Bargur,Krishnagiri,North,GEN
52,MANI. K,All India Youth Development Party,524,91.92,All India Youth Development Party,Bargur,Krishnagiri,North,GEN
52,MATHESH. R,IND,477,91.92,IND,Bargur,Krishnagiri,North,GEN
52,E.C. GOVINDARAJE,IND,345,91.92,IND,Bargur,Krishnagiri,North,GEN
52,M. NEDUNCHEZLIAN,Periyar Ambedkar Munnetra Kazhagam (PAMK),274,91.92,Periyar Ambedkar Munnetra Kazhagam (PAMK),Bargur,Krishnagiri,North,GEN
52,S. SASIKUMAR,IND,255,91.92,IND,Bargur,Krishnagiri,North,GEN
52,D. GOVINDARAJAN,IND,210,91.92,IND,Bargur,Krishnagiri,North,GEN
52,K. ANNADURAI,IND,159,91.92,IND,Bargur,Krishnagiri,North,GEN
52,ANITHA MAYAPERUMAL,IND,143,91.92,IND,Bargur,Krishnagiri,North,GEN
53,MUKUNDHAN.P,TVK,89374,90.87,TVK,Krishnagiri,Krishnagiri,North,GEN
53,ASHOKKUMAR.K,AIADMK,70530,90.87,AIADMK,Krishnagiri,Krishnagiri,North,GEN
53,CHELLAKUMAR.A,INC,59597,90.87,INC,Krishnagiri,Krishnagiri,North,GEN
53,SUGANTHI,NTK,6398,90.87,NTK,Krishnagiri,Krishnagiri,North,GEN
53,NOTA,NOTA,1136,90.87,NOTA,Krishnagiri,Krishnagiri,North,GEN
53,SIVAKUMAR.S,Bahujan Samaj Party,608,90.87,BSP,Krishnagiri,Krishnagiri,North,GEN
53,SINGARAVELAN VISWANATHAN,Vishwa Tamil Kazhagam,535,90.87,Vishwa Tamil Kazhagam,Krishnagiri,Krishnagiri,North,GEN
53,MUTHULAKSHMI VEERAPPAN,Tamizhaga Vaazhvurimai Katchi,366,90.87,Tamizhaga Vaazhvurimai Katchi,Krishnagiri,Krishnagiri,North,GEN
53,MANGAMMAL,Tamilar Makkal Katchi,336,90.87,Tamilar Makkal Katchi,Krishnagiri,Krishnagiri,North,GEN
53,SIVAN.C,IND,285,90.87,IND,Krishnagiri,Krishnagiri,North,GEN
53,SRINIVASAN.K,IND,231,90.87,IND,Krishnagiri,Krishnagiri,North,GEN
53,VENKATESHRAJA.E,IND,168,90.87,IND,Krishnagiri,Krishnagiri,North,GEN
53,ADVOCATE.MUTHAIAH.S.,Thakkam Katchi,159,90.87,Thakkam Katchi,Krishnagiri,Krishnagiri,North,GEN
53,KUMARESAN.M,IND,154,90.87,IND,Krishnagiri,Krishnagiri,North,GEN
53,CHANDRAMOHAN.K.M.,IND,154,90.87,IND,Krishnagiri,Krishnagiri,North,GEN
53,NANJUNDAN.M,IND,150,90.87,IND,Krishnagiri,Krishnagiri,North,GEN
54,SRINIVASAN.P.S,DMK,74691,90.59,DMK,Veppanahalli,Krishnagiri,North,GEN
54,MUNUSAMY.K.P,AIADMK,74553,90.59,AIADMK,Veppanahalli,Krishnagiri,North,GEN
54,SAMPANGI.S.R,TVK,63907,90.59,TVK,Veppanahalli,Krishnagiri,North,GEN
54,NAGARAJ.R,NTK,4519,90.59,NTK,Veppanahalli,Krishnagiri,North,GEN
54,NOTA,NOTA,1570,90.59,NOTA,Veppanahalli,Krishnagiri,North,GEN
54,IYAPPAN.L,Tamizhaga Vaazhvurimai Katchi,871,90.59,Tamizhaga Vaazhvurimai Katchi,Veppanahalli,Krishnagiri,North,GEN
54,VENKATESAN.C,IND,692,90.59,IND,Veppanahalli,Krishnagiri,North,GEN
54,RAMASAMY.G.C,IND,487,90.59,IND,Veppanahalli,Krishnagiri,North,GEN
54,MANOHARAN.K.A,IND,345,90.59,IND,Veppanahalli,Krishnagiri,North,GEN
54,YUVARAJ.K.P.U,IND,265,90.59,IND,Veppanahalli,Krishnagiri,North,GEN
54,SENTHILKUMAR.R,Tamil Nadu Ilangyar Katchi,215,90.59,Tamil Nadu Ilangyar Katchi,Veppanahalli,Krishnagiri,North,GEN
54,GOVINDARAJ.G.J,IND,185,90.59,IND,Veppanahalli,Krishnagiri,North,GEN
54,PRAJAPATHI VIJAY.C,Tamilar Makkal Katchi,156,90.59,Tamilar Makkal Katchi,Veppanahalli,Krishnagiri,North,GEN
54,ESHWARAN.C,IND,152,90.59,IND,Veppanahalli,Krishnagiri,North,GEN
55,BALAKRISHNAREDDY. P,AIADMK,109867,79.71,AIADMK,Hosur,Krishnagiri,North,GEN
55,VENDARKARASAN.S,TVK,82064,79.71,TVK,Hosur,Krishnagiri,North,GEN
55,SATHYA.S.A.,DMK,73773,79.71,DMK,Hosur,Krishnagiri,North,GEN
55,STALIN.R,NTK,7632,79.71,NTK,Hosur,Krishnagiri,North,GEN
55,NOTA,NOTA,1614,79.71,NOTA,Hosur,Krishnagiri,North,GEN
55,SURYA. Y,Republican Party of India (Athawale),1175,79.71,Republican Party of India (Athawale),Hosur,Krishnagiri,North,GEN
55,MASOOD.S,IND,292,79.71,IND,Hosur,Krishnagiri,North,GEN
55,RAJENDRAN.P,IND,271,79.71,IND,Hosur,Krishnagiri,North,GEN
55,PONNUMANI.R,Tamilar Makkal Katchi,240,79.71,Tamilar Makkal Katchi,Hosur,Krishnagiri,North,GEN
55,MARIYA FRANCIS.S,IND,238,79.71,IND,Hosur,Krishnagiri,North,GEN
55,GANESH.M,IND,190,79.71,IND,Hosur,Krishnagiri,North,GEN
55,PATTABIRAMA. C,IND,176,79.71,IND,Hosur,Krishnagiri,North,GEN
55,DEVAPPA.Y,IND,135,79.71,IND,Hosur,Krishnagiri,North,GEN
55,DR.SHANMUGAM.A.R.,IND,103,79.71,IND,Hosur,Krishnagiri,North,GEN
56,RAMACHANDRAN. T,CPI,78283,87.56,CPI,Thalli,Krishnagiri,North,GEN
56,DR.NAGESH KUMAR. C,BJP,73043,87.56,BJP,Thalli,Krishnagiri,North,GEN
56,SURESH. G,TVK,45245,87.56,TVK,Thalli,Krishnagiri,North,GEN
56,NARASIMMA REDDY ALIAS NARASIMMAN. R,NTK,4107,87.56,NTK,Thalli,Krishnagiri,North,GEN
56,NOTA,NOTA,1550,87.56,NOTA,Thalli,Krishnagiri,North,GEN
56,AJITH. G,Tamizhaga Vaazhvurimai Katchi,1017,87.56,Tamizhaga Vaazhvurimai Katchi,Thalli,Krishnagiri,North,GEN
56,ASANRAJA. K,IND,701,87.56,IND,Thalli,Krishnagiri,North,GEN
56,JAGAN. M,IND,622,87.56,IND,Thalli,Krishnagiri,North,GEN
56,DEVAPPA. Y,IND,506,87.56,IND,Thalli,Krishnagiri,North,GEN
56,JAYARAM. N,Anna Makkal Katchi,424,87.56,Anna Makkal Katchi,Thalli,Krishnagiri,North,GEN
56,KUMAR. D.J,IND,380,87.56,IND,Thalli,Krishnagiri,North,GEN
57,ANBALAGAN. K.P.,AIADMK,102807,98.0,AIADMK,Palacode,Dharmapuri,North,GEN
57,GOPI. R.,TVK,63765,98.0,TVK,Palacode,Dharmapuri,North,GEN
57,DR. DNV SENTHILKUMAR. S.,DMK,50043,98.0,DMK,Palacode,Dharmapuri,North,GEN
57,BOOPATHI. R.,NTK,5598,98.0,NTK,Palacode,Dharmapuri,North,GEN
57,NOTA,NOTA,1292,98.0,NOTA,Palacode,Dharmapuri,North,GEN
57,RAMAN. M.,IND,358,98.0,IND,Palacode,Dharmapuri,North,GEN
57,MADHAPPAN. P.,IND,283,98.0,IND,Palacode,Dharmapuri,North,GEN
57,PERUMAL MUNUSAMY. M.,IND,223,98.0,IND,Palacode,Dharmapuri,North,GEN
57,RAMESH. P.,Naadaalum Makkal Katchi,179,98.0,Naadaalum Makkal Katchi,Palacode,Dharmapuri,North,GEN
57,PALANIYAMMAL. M.,Tamilar Makkal Katchi,155,98.0,Tamilar Makkal Katchi,Palacode,Dharmapuri,North,GEN
57,SENTHILKUMAR. G.,IND,145,98.0,IND,Palacode,Dharmapuri,North,GEN
57,JAYARAMAN PERUMAL. P.,Tamizhaga Vaazhvurimai Katchi,118,98.0,Tamizhaga Vaazhvurimai Katchi,Palacode,Dharmapuri,North,GEN
57,SENTHILKUMAR. K,IND,116,98.0,IND,Palacode,Dharmapuri,North,GEN
57,CHINNASAMY. N.,IND,114,98.0,IND,Palacode,Dharmapuri,North,GEN
57,KRISHNAN. L.,IND,61,98.0,IND,Palacode,Dharmapuri,North,GEN
58,GAJENDRAN. S.,TVK,81240,95.92,TVK,Pennagaram,Dharmapuri,North,GEN
58,SELVAM. V.,PMK,78075,95.92,PMK,Pennagaram,Dharmapuri,North,GEN
58,G. K. M. TAMILKUMARAN,INC,53901,95.92,INC,Pennagaram,Dharmapuri,North,GEN
58,PALANIYAMMAL. T.,NTK,7358,95.92,NTK,Pennagaram,Dharmapuri,North,GEN
58,NOTA,NOTA,674,95.92,NOTA,Pennagaram,Dharmapuri,North,GEN
58,THAVAMANI. C.,Tamizhaga Vaazhvurimai Katchi,628,95.92,Tamizhaga Vaazhvurimai Katchi,Pennagaram,Dharmapuri,North,GEN
58,AJITH KUMAR. S.,Bahujan Samaj Party,557,95.92,BSP,Pennagaram,Dharmapuri,North,GEN
58,KANNAN. K.,Tamilar Makkal Katchi,546,95.92,Tamilar Makkal Katchi,Pennagaram,Dharmapuri,North,GEN
58,POOMANI. P.,IND,533,95.92,IND,Pennagaram,Dharmapuri,North,GEN
58,ARUNKUMAR. G.,IND,501,95.92,IND,Pennagaram,Dharmapuri,North,GEN
58,ANNAMALAI. M.,IND,480,95.92,IND,Pennagaram,Dharmapuri,North,GEN
58,SAKTHIVEL. M.,IND,480,95.92,IND,Pennagaram,Dharmapuri,North,GEN
58,GNANASELVAM. S.,IND,463,95.92,IND,Pennagaram,Dharmapuri,North,GEN
58,THIRUMURUGAN. P.,Naadaalum Makkal Katchi,429,95.92,Naadaalum Makkal Katchi,Pennagaram,Dharmapuri,North,GEN
58,TAMILARASAN. M.,IND,400,95.92,IND,Pennagaram,Dharmapuri,North,GEN
58,ELAVARSAN. A.,IND,367,95.92,IND,Pennagaram,Dharmapuri,North,GEN
58,MANOHARAN. K. A.,IND,364,95.92,IND,Pennagaram,Dharmapuri,North,GEN
58,VILKRISHNAN. R.,IND,356,95.92,IND,Pennagaram,Dharmapuri,North,GEN
58,VEERAPPAN. M.,IND,347,95.92,IND,Pennagaram,Dharmapuri,North,GEN
58,SENDRAYAN. G.,IND,293,95.92,IND,Pennagaram,Dharmapuri,North,GEN
58,TAMILSELVI. S.,IND,263,95.92,IND,Pennagaram,Dharmapuri,North,GEN
58,MANIVANNAN. S.,IND,209,95.92,IND,Pennagaram,Dharmapuri,North,GEN
58,SELVAM. V.,IND,202,95.92,IND,Pennagaram,Dharmapuri,North,GEN
59,SOWMIYA ANBUMANI,PMK,93713,89.25,PMK,Dharmapuri,Dharmapuri,North,GEN
59,SIVAN. M.,TVK,72817,89.25,TVK,Dharmapuri,Dharmapuri,North,GEN
59,DR. ELANGOVAN. V.,DMDK,56905,89.25,DMDK,Dharmapuri,Dharmapuri,North,GEN
59,SHANTHALAKSHMI. K.,NTK,6758,89.25,NTK,Dharmapuri,Dharmapuri,North,GEN
59,SARAVANAN. A.,Aanaithinthiya Jananayaka Pathukappu Kazhagam,1078,89.25,Aanaithinthiya Jananayaka Pathukappu Kazhagam,Dharmapuri,Dharmapuri,North,GEN
59,SARAVANAN. G.,IND,983,89.25,IND,Dharmapuri,Dharmapuri,North,GEN
59,NOTA,NOTA,941,89.25,NOTA,Dharmapuri,Dharmapuri,North,GEN
59,PRASANTH. DBJ.,Tamizhaga Vaazhvurimai Katchi,821,89.25,Tamizhaga Vaazhvurimai Katchi,Dharmapuri,Dharmapuri,North,GEN
59,THIRUPATHI. M.,IND,763,89.25,IND,Dharmapuri,Dharmapuri,North,GEN
59,MANIKANDAN. S.,Vishwa Tamil Kazhagam,710,89.25,Vishwa Tamil Kazhagam,Dharmapuri,Dharmapuri,North,GEN
59,NAGARAJAN. D.,IND,619,89.25,IND,Dharmapuri,Dharmapuri,North,GEN
59,MADHU. P.,Naadaalum Makkal Katchi,505,89.25,Naadaalum Makkal Katchi,Dharmapuri,Dharmapuri,North,GEN
59,SIVAGAMI. G.,Tamilar Makkal Katchi,382,89.25,Tamilar Makkal Katchi,Dharmapuri,Dharmapuri,North,GEN
59,SIVAN. A.,IND,372,89.25,IND,Dharmapuri,Dharmapuri,North,GEN
59,KUMAR. V.,IND,353,89.25,IND,Dharmapuri,Dharmapuri,North,GEN
59,ARUMUGAM. MUNI.,IND,215,89.25,IND,Dharmapuri,Dharmapuri,North,GEN
59,SUNDARAMOORTHY. M.,IND,192,89.25,IND,Dharmapuri,Dharmapuri,North,GEN
59,PALANI. K.,IND,178,89.25,IND,Dharmapuri,Dharmapuri,North,GEN
59,SIVAM. R.,IND,166,89.25,IND,Dharmapuri,Dharmapuri,North,GEN
59,PRABHAKARAN. M.,IND,108,89.25,IND,Dharmapuri,Dharmapuri,North,GEN
60,MARAGATHAM VETRIVEL,AIADMK,101829,92.83,AIADMK,Pappireddippatti,Dharmapuri,North,GEN
60,PALANIAPPAN. P,DMK,68715,92.83,DMK,Pappireddippatti,Dharmapuri,North,GEN
60,THILAGAVATHI. S,TVK,57619,92.83,TVK,Pappireddippatti,Dharmapuri,North,GEN
60,ARCHANA TAMILARUVI,NTK,5216,92.83,NTK,Pappireddippatti,Dharmapuri,North,GEN
60,GANESAN. S,Vishwa Tamil Kazhagam,770,92.83,Vishwa Tamil Kazhagam,Pappireddippatti,Dharmapuri,North,GEN
60,NOTA,NOTA,677,92.83,NOTA,Pappireddippatti,Dharmapuri,North,GEN
60,MURUGAN. S,IND,327,92.83,IND,Pappireddippatti,Dharmapuri,North,GEN
60,PALANIAPPAN. R,IND,315,92.83,IND,Pappireddippatti,Dharmapuri,North,GEN
60,MOORTHI. P,IND,302,92.83,IND,Pappireddippatti,Dharmapuri,North,GEN
60,CHENNAKRISHNAN. V,All India Puratchi Thalaivar Makkal Munnettra Kazhagam,243,92.83,All India Puratchi Thalaivar Makkal Munnettra Kazhagam,Pappireddippatti,Dharmapuri,North,GEN
60,JAMUNARANI. M,Naadaalum Makkal Katchi,187,92.83,Naadaalum Makkal Katchi,Pappireddippatti,Dharmapuri,North,GEN
60,TAMILRAJ. K,IND,146,92.83,IND,Pappireddippatti,Dharmapuri,North,GEN
60,POOVARASU,Tamilar Makkal Katchi,121,92.83,Tamilar Makkal Katchi,Pappireddippatti,Dharmapuri,North,GEN
60,CHINNASAMY. P,IND,78,92.83,IND,Pappireddippatti,Dharmapuri,North,GEN
60,SATHISH. S,IND,76,92.83,IND,Pappireddippatti,Dharmapuri,North,GEN
61,SAMPATHKUMAR. V,AIADMK,75523,89.87,AIADMK,Harur,Dharmapuri,North,SC
61,SHANMUGAM. A,DMK,72194,89.87,DMK,Harur,Dharmapuri,North,SC
61,RAKESH. K,TVK,62756,89.87,TVK,Harur,Dharmapuri,North,SC
61,ANITHA. A,NTK,5245,89.87,NTK,Harur,Dharmapuri,North,SC
61,NOTA,NOTA,782,89.87,NOTA,Harur,Dharmapuri,North,SC
61,NEHRU. G,Bahujan Samaj Party,696,89.87,BSP,Harur,Dharmapuri,North,SC
61,MARIKANNU. C,Republican Party of India (Athawale),652,89.87,Republican Party of India (Athawale),Harur,Dharmapuri,North,SC
61,KARUTHAMMAL. S,Naadaalum Makkal Katchi,487,89.87,Naadaalum Makkal Katchi,Harur,Dharmapuri,North,SC
61,PARTHIPAN. P,IND,445,89.87,IND,Harur,Dharmapuri,North,SC
61,THANGAVEL. K,IND,441,89.87,IND,Harur,Dharmapuri,North,SC
61,SAMPATH. C,IND,217,89.87,IND,Harur,Dharmapuri,North,SC
61,MANILA. S,Tamizhaga Vaazhvurimai Katchi,213,89.87,Tamizhaga Vaazhvurimai Katchi,Harur,Dharmapuri,North,SC
61,VENKATESH (A) DR. V.K. SWAMY,Bharat Jan Chikitsa Party,161,89.87,Bharat Jan Chikitsa Party,Harur,Dharmapuri,North,SC
61,KUPPURAJ. K,Tamilar Makkal Katchi,120,89.87,Tamilar Makkal Katchi,Harur,Dharmapuri,North,SC
61,SAMPATH. K,IND,110,89.87,IND,Harur,Dharmapuri,North,SC
62,S.VELU,AIADMK,87802,92.7,AIADMK,Chengam,Tiruvannamalai,North,SC
62,K BHARATHIDHASAN,TVK,74524,92.7,TVK,Chengam,Tiruvannamalai,North,SC
62,M.P.GIRI,DMK,70346,92.7,DMK,Chengam,Tiruvannamalai,North,SC
62,J.SHOBA,NTK,6335,92.7,NTK,Chengam,Tiruvannamalai,North,SC
62,NOTA,NOTA,1114,92.7,NOTA,Chengam,Tiruvannamalai,North,SC
62,C SELVAN,Republican Party of India (Athawale),895,92.7,Republican Party of India (Athawale),Chengam,Tiruvannamalai,North,SC
62,A.BHARATHI,IND,400,92.7,IND,Chengam,Tiruvannamalai,North,SC
62,K.VELU,IND,394,92.7,IND,Chengam,Tiruvannamalai,North,SC
62,A POONGODI,IND,197,92.7,IND,Chengam,Tiruvannamalai,North,SC
62,A.CHIDAMBARAM,IND,173,92.7,IND,Chengam,Tiruvannamalai,North,SC
62,M.RAMAN MASILAMANI,IND,156,92.7,IND,Chengam,Tiruvannamalai,North,SC
62,K MANIKANDAN,Makkal Sananayaga Kudiyarasu Katchi,149,92.7,Makkal Sananayaga Kudiyarasu Katchi,Chengam,Tiruvannamalai,North,SC
62,M.MUGILARASAN,IND,137,92.7,IND,Chengam,Tiruvannamalai,North,SC
62,P.SELVAM,IND,120,92.7,IND,Chengam,Tiruvannamalai,North,SC
62,C.MALATHI,Tamizhaga Vaazhvurimai Katchi,84,92.7,Tamizhaga Vaazhvurimai Katchi,Chengam,Tiruvannamalai,North,SC
62,D DHILIPKUMAR,IND,71,92.7,IND,Chengam,Tiruvannamalai,North,SC
63,VELU. E.V,DMK,88273,80.54,DMK,Tiruvannamalai,Tiruvannamalai,North,GEN
63,ARUL ARUMUGAM,TVK,85818,80.54,TVK,Tiruvannamalai,Tiruvannamalai,North,GEN
63,ELUMALAI. C,BJP,34280,80.54,BJP,Tiruvannamalai,Tiruvannamalai,North,GEN
63,VIGNESH. S,NTK,6011,80.54,NTK,Tiruvannamalai,Tiruvannamalai,North,GEN
63,NOTA,NOTA,785,80.54,NOTA,Tiruvannamalai,Tiruvannamalai,North,GEN
63,BENNY RAJAN. C.J,Republican Party of India (Athawale),627,80.54,Republican Party of India (Athawale),Tiruvannamalai,Tiruvannamalai,North,GEN
63,SALAM .M,IND,474,80.54,IND,Tiruvannamalai,Tiruvannamalai,North,GEN
63,ELUMALAI. A S/O ARUMUGAM,IND,356,80.54,IND,Tiruvannamalai,Tiruvannamalai,North,GEN
63,ARUL. K,IND,325,80.54,IND,Tiruvannamalai,Tiruvannamalai,North,GEN
63,KOTHANDAPANI. B,IND,284,80.54,IND,Tiruvannamalai,Tiruvannamalai,North,GEN
63,RAJ. S,Bahujan Samaj Party,281,80.54,BSP,Tiruvannamalai,Tiruvannamalai,North,GEN
63,VIJAYAKUMAR. S,Naadaalum Makkal Katchi,277,80.54,Naadaalum Makkal Katchi,Tiruvannamalai,Tiruvannamalai,North,GEN
63,KANNAN. P,Veerath Thiyagi Viswanathadoss Thozhilalarkal Katchi,256,80.54,Veerath Thiyagi Viswanathadoss Thozhilalarkal Katchi,Tiruvannamalai,Tiruvannamalai,North,GEN
63,PALANI. N,IND,219,80.54,IND,Tiruvannamalai,Tiruvannamalai,North,GEN
63,ANANTH. A. M,IND,212,80.54,IND,Tiruvannamalai,Tiruvannamalai,North,GEN
63,ADHITHYA PALANISAMY. A,IND,188,80.54,IND,Tiruvannamalai,Tiruvannamalai,North,GEN
63,ARUL ANAND. V,IND,169,80.54,IND,Tiruvannamalai,Tiruvannamalai,North,GEN
63,NAKKIRAN. A,Thamizhaka Padaippalar Makkal Katchi,135,80.54,Thamizhaka Padaippalar Makkal Katchi,Tiruvannamalai,Tiruvannamalai,North,GEN
63,ELUMALAI. C  S/O CHINNAKUZHANTHAI,IND,130,80.54,IND,Tiruvannamalai,Tiruvannamalai,North,GEN
63,RAMESH. V,IND,129,80.54,IND,Tiruvannamalai,Tiruvannamalai,North,GEN
63,MALLI. S,Tamizhaga Vaazhvurimai Katchi,122,80.54,Tamizhaga Vaazhvurimai Katchi,Tiruvannamalai,Tiruvannamalai,North,GEN
63,VIGNESH. M,IND,93,80.54,IND,Tiruvannamalai,Tiruvannamalai,North,GEN
63,RAJA. V,IND,91,80.54,IND,Tiruvannamalai,Tiruvannamalai,North,GEN
63,ELUMALAI. C S/O CHINNARASU,IND,87,80.54,IND,Tiruvannamalai,Tiruvannamalai,North,GEN
63,VELU. V,Anti Corruption Dynamic Party,81,80.54,Anti Corruption Dynamic Party,Tiruvannamalai,Tiruvannamalai,North,GEN
63,MAHESWARI. R,IND,77,80.54,IND,Tiruvannamalai,Tiruvannamalai,North,GEN
63,VENKATESAN. M,IND,66,80.54,IND,Tiruvannamalai,Tiruvannamalai,North,GEN
63,MARIKKANNU. E,IND,61,80.54,IND,Tiruvannamalai,Tiruvannamalai,North,GEN
63,ANBALAGAN. M,IND,59,80.54,IND,Tiruvannamalai,Tiruvannamalai,North,GEN
63,VELU. K,IND,58,80.54,IND,Tiruvannamalai,Tiruvannamalai,North,GEN
63,MOORTHY. P,IND,42,80.54,IND,Tiruvannamalai,Tiruvannamalai,North,GEN
64,RAMACHANDRAN.S,AIADMK,90503,93.06,AIADMK,Kilpennathur,Tiruvannamalai,North,GEN
64,PITCHANDI.K,DMK,60038,93.06,DMK,Kilpennathur,Tiruvannamalai,North,GEN
64,RAJA.D,TVK,59130,93.06,TVK,Kilpennathur,Tiruvannamalai,North,GEN
64,LOGANATHAN.V,NTK,6184,93.06,NTK,Kilpennathur,Tiruvannamalai,North,GEN
64,PICHANDI.R,IND,604,93.06,IND,Kilpennathur,Tiruvannamalai,North,GEN
64,PICHANDI.D,IND,533,93.06,IND,Kilpennathur,Tiruvannamalai,North,GEN
64,NOTA,NOTA,440,93.06,NOTA,Kilpennathur,Tiruvannamalai,North,GEN
64,PICHANDI.V,IND,302,93.06,IND,Kilpennathur,Tiruvannamalai,North,GEN
64,RAJASEKAR.P,Tamizhaga Vaazhvurimai Katchi,295,93.06,Tamizhaga Vaazhvurimai Katchi,Kilpennathur,Tiruvannamalai,North,GEN
64,DHILIPKUMAR.D,IND,260,93.06,IND,Kilpennathur,Tiruvannamalai,North,GEN
64,JANAKIRAMAN.R,Aanaithinthiya Jananayaka Pathukappu Kazhagam,228,93.06,Aanaithinthiya Jananayaka Pathukappu Kazhagam,Kilpennathur,Tiruvannamalai,North,GEN
64,RAJKUMAR.R,IND,179,93.06,IND,Kilpennathur,Tiruvannamalai,North,GEN
64,SHANMUGAM.A,Thamizhaka Padaippalar Makkal Katchi,165,93.06,Thamizhaka Padaippalar Makkal Katchi,Kilpennathur,Tiruvannamalai,North,GEN
64,SAMPATHRAJ.M,IND,155,93.06,IND,Kilpennathur,Tiruvannamalai,North,GEN
64,SURYAPRAKASH.S,IND,146,93.06,IND,Kilpennathur,Tiruvannamalai,North,GEN
64,RAJASEKAR.I,IND,143,93.06,IND,Kilpennathur,Tiruvannamalai,North,GEN
64,LOKESHWARAN.R,Anti Corruption Dynamic Party,130,93.06,Anti Corruption Dynamic Party,Kilpennathur,Tiruvannamalai,North,GEN
64,SANTHOSHKUMAR.E,IND,76,93.06,IND,Kilpennathur,Tiruvannamalai,North,GEN
64,RAMACHANDRAN.K,IND,65,93.06,IND,Kilpennathur,Tiruvannamalai,North,GEN
64,SASIKUMAR.S,IND,62,93.06,IND,Kilpennathur,Tiruvannamalai,North,GEN
64,MURUGAN.M,IND,47,93.06,IND,Kilpennathur,Tiruvannamalai,North,GEN
64,ATHIYAMAAN.M,IND,45,93.06,IND,Kilpennathur,Tiruvannamalai,North,GEN
64,RAMACHANDRAN.K,IND,33,93.06,IND,Kilpennathur,Tiruvannamalai,North,GEN
64,RAMACHANDIRAN.R,IND,27,93.06,IND,Kilpennathur,Tiruvannamalai,North,GEN
65,AGRI KRISHNAMURTHY. S S,AIADMK,89629,91.17,AIADMK,Kalasapakkam,Tiruvannamalai,North,GEN
65,SARAVANAN. P.S.T,DMK,62889,91.17,DMK,Kalasapakkam,Tiruvannamalai,North,GEN
65,ELUMALAI. P,TVK,51666,91.17,TVK,Kalasapakkam,Tiruvannamalai,North,GEN
65,SEETHA SIVANANDAM. P,NTK,5312,91.17,NTK,Kalasapakkam,Tiruvannamalai,North,GEN
65,SANTHAKUMARAN. A,IND,697,91.17,IND,Kalasapakkam,Tiruvannamalai,North,GEN
65,DEIVEEGAN. P,IND,654,91.17,IND,Kalasapakkam,Tiruvannamalai,North,GEN
65,KRISHNAMURTHY. R,IND,576,91.17,IND,Kalasapakkam,Tiruvannamalai,North,GEN
65,BALAJI. P,IND,433,91.17,IND,Kalasapakkam,Tiruvannamalai,North,GEN
65,NOTA,NOTA,423,91.17,NOTA,Kalasapakkam,Tiruvannamalai,North,GEN
65,SARAVANAN. K,IND,405,91.17,IND,Kalasapakkam,Tiruvannamalai,North,GEN
65,SATHYA. V,Naadaalum Makkal Katchi,245,91.17,Naadaalum Makkal Katchi,Kalasapakkam,Tiruvannamalai,North,GEN
65,KAMARAJ. G,IND,198,91.17,IND,Kalasapakkam,Tiruvannamalai,North,GEN
65,KOTHANDAPANI. B,IND,175,91.17,IND,Kalasapakkam,Tiruvannamalai,North,GEN
65,RAJA. N,IND,156,91.17,IND,Kalasapakkam,Tiruvannamalai,North,GEN
65,MANIKANDAN. K,IND,147,91.17,IND,Kalasapakkam,Tiruvannamalai,North,GEN
65,KRISHNAMURTHY. M,IND,105,91.17,IND,Kalasapakkam,Tiruvannamalai,North,GEN
65,SARAVANAN. V,Tamizhaga Vaazhvurimai Katchi,102,91.17,Tamizhaga Vaazhvurimai Katchi,Kalasapakkam,Tiruvannamalai,North,GEN
65,SUMAN. M,Aanaithinthiya Jananayaka Pathukappu Kazhagam,91,91.17,Aanaithinthiya Jananayaka Pathukappu Kazhagam,Kalasapakkam,Tiruvannamalai,North,GEN
65,BASKARAN. R,IND,75,91.17,IND,Kalasapakkam,Tiruvannamalai,North,GEN
65,KRISHNAMURTHY. S,IND,66,91.17,IND,Kalasapakkam,Tiruvannamalai,North,GEN
65,ELUMALAI. S,IND,46,91.17,IND,Kalasapakkam,Tiruvannamalai,North,GEN
65,ELUMALAI. T,IND,37,91.17,IND,Kalasapakkam,Tiruvannamalai,North,GEN
66,ABISHEK. R,TVK,67961,96.51,TVK,Polur,Tiruvannamalai,North,GEN
66,SARAVANAN. P,DMDK,67734,96.51,DMDK,Polur,Tiruvannamalai,North,GEN
66,BASKARAN. C. R,PMK,61444,96.51,PMK,Polur,Tiruvannamalai,North,GEN
66,UMADEVI. A,NTK,6425,96.51,NTK,Polur,Tiruvannamalai,North,GEN
66,PURUSOTHAMAN. M,IND,1674,96.51,IND,Polur,Tiruvannamalai,North,GEN
66,DHAVAMANI. P,Anti Corruption Dynamic Party,1328,96.51,Anti Corruption Dynamic Party,Polur,Tiruvannamalai,North,GEN
66,SHANMUGAVELU. A,Veerath Thiyagi Viswanathadoss Thozhilalarkal Katchi,970,96.51,Veerath Thiyagi Viswanathadoss Thozhilalarkal Katchi,Polur,Tiruvannamalai,North,GEN
66,BASKARAN. C,IND,908,96.51,IND,Polur,Tiruvannamalai,North,GEN
66,BANUPRIYA. D,Republican Party of India (Athawale),869,96.51,Republican Party of India (Athawale),Polur,Tiruvannamalai,North,GEN
66,NOTA,NOTA,798,96.51,NOTA,Polur,Tiruvannamalai,North,GEN
66,SUBHA. A,IND,425,96.51,IND,Polur,Tiruvannamalai,North,GEN
66,SARAVANAN. P,IND,349,96.51,IND,Polur,Tiruvannamalai,North,GEN
66,MANIKANDAN. R,Aanaithinthiya Jananayaka Pathukappu Kazhagam,319,96.51,Aanaithinthiya Jananayaka Pathukappu Kazhagam,Polur,Tiruvannamalai,North,GEN
66,SYED MUKRAM. R. N,Tamizhaga Vaazhvurimai Katchi,251,96.51,Tamizhaga Vaazhvurimai Katchi,Polur,Tiruvannamalai,North,GEN
66,EZHIL ARASU. M M.A. L.L.M.,IND,150,96.51,IND,Polur,Tiruvannamalai,North,GEN
66,SARAVANAN. M,IND,138,96.51,IND,Polur,Tiruvannamalai,North,GEN
67,JAYASUDHA. L,AIADMK,76735,93.59,AIADMK,Arani,Tiruvannamalai,North,GEN
67,MAHALAKSHMI GOVARTHANAN,DMK,71104,93.59,DMK,Arani,Tiruvannamalai,North,GEN
67,VENKATESH KUMAR. D,TVK,70857,93.59,TVK,Arani,Tiruvannamalai,North,GEN
67,DHAVAMANI. R,NTK,6888,93.59,NTK,Arani,Tiruvannamalai,North,GEN
67,NOTA,NOTA,707,93.59,NOTA,Arani,Tiruvannamalai,North,GEN
67,BASKARAN. S,IND,424,93.59,IND,Arani,Tiruvannamalai,North,GEN
67,DHAMOTHARAN. M,IND,387,93.59,IND,Arani,Tiruvannamalai,North,GEN
67,MAHALAKSHMI. G,IND,359,93.59,IND,Arani,Tiruvannamalai,North,GEN
67,GANAPATHY. S,Thamizhaka Padaippalar Makkal Katchi,358,93.59,Thamizhaka Padaippalar Makkal Katchi,Arani,Tiruvannamalai,North,GEN
67,KALAIMANI. V,Aanaithinthiya Jananayaka Pathukappu Kazhagam,292,93.59,Aanaithinthiya Jananayaka Pathukappu Kazhagam,Arani,Tiruvannamalai,North,GEN
67,SUDHA. S,IND,257,93.59,IND,Arani,Tiruvannamalai,North,GEN
67,SARAVANAN. S,IND,229,93.59,IND,Arani,Tiruvannamalai,North,GEN
67,SILAMBARASAN. C,IND,202,93.59,IND,Arani,Tiruvannamalai,North,GEN
67,SAKTHIVEL. S,IND,184,93.59,IND,Arani,Tiruvannamalai,North,GEN
67,SETHURAMA SASTHRI. G,IND,178,93.59,IND,Arani,Tiruvannamalai,North,GEN
67,TAMILMANNAN. D,Samaniya Makkal Nala Katchi,164,93.59,Samaniya Makkal Nala Katchi,Arani,Tiruvannamalai,North,GEN
67,EKAMBARAM. V,IND,154,93.59,IND,Arani,Tiruvannamalai,North,GEN
67,SURESH. S,Tamizhaga Vaazhvurimai Katchi,143,93.59,Tamizhaga Vaazhvurimai Katchi,Arani,Tiruvannamalai,North,GEN
67,MAHALAKSHMI. G,IND,117,93.59,IND,Arani,Tiruvannamalai,North,GEN
67,AMMU. V,IND,104,93.59,IND,Arani,Tiruvannamalai,North,GEN
67,JAYANTHI. M,IND,90,93.59,IND,Arani,Tiruvannamalai,North,GEN
67,SELVAKOTTI. E,Veerath Thiyagi Viswanathadoss Thozhilalarkal Katchi,68,93.59,Veerath Thiyagi Viswanathadoss Thozhilalarkal Katchi,Arani,Tiruvannamalai,North,GEN
67,JAYANTHI. E,IND,60,93.59,IND,Arani,Tiruvannamalai,North,GEN
67,VENKATESAN. P,IND,53,93.59,IND,Arani,Tiruvannamalai,North,GEN
67,VINOTH. A,IND,48,93.59,IND,Arani,Tiruvannamalai,North,GEN
68,MUKKUR N. SUBRAMANIAN,AIADMK,86680,92.33,AIADMK,Cheyyar,Tiruvannamalai,North,GEN
68,DUSI K MOHAN,TVK,65599,92.33,TVK,Cheyyar,Tiruvannamalai,North,GEN
68,JOTHI. O,DMK,59894,92.33,DMK,Cheyyar,Tiruvannamalai,North,GEN
68,TAMILSELVAN. M,NTK,7043,92.33,NTK,Cheyyar,Tiruvannamalai,North,GEN
68,NOTA,NOTA,950,92.33,NOTA,Cheyyar,Tiruvannamalai,North,GEN
68,KUTTIMANI. S,Veerath Thiyagi Viswanathadoss Thozhilalarkal Katchi,401,92.33,Veerath Thiyagi Viswanathadoss Thozhilalarkal Katchi,Cheyyar,Tiruvannamalai,North,GEN
68,MOHAN. R,IND,394,92.33,IND,Cheyyar,Tiruvannamalai,North,GEN
68,DURUGAN. M,Vanchit Bahujan Aaghadi,334,92.33,Vanchit Bahujan Aaghadi,Cheyyar,Tiruvannamalai,North,GEN
68,ARJUNAN. M,IND,320,92.33,IND,Cheyyar,Tiruvannamalai,North,GEN
68,SRINIVASAN. K,Aanaithinthiya Jananayaka Pathukappu Kazhagam,259,92.33,Aanaithinthiya Jananayaka Pathukappu Kazhagam,Cheyyar,Tiruvannamalai,North,GEN
68,VENKATESAN. V,Anaithindia Samudaya Munnetra Kazhagam,224,92.33,Anaithindia Samudaya Munnetra Kazhagam,Cheyyar,Tiruvannamalai,North,GEN
68,PALANI. M,Tamizhaga Vaazhvurimai Katchi,182,92.33,Tamizhaga Vaazhvurimai Katchi,Cheyyar,Tiruvannamalai,North,GEN
68,CHANDRASEKARAN. M,All India Jananayaka Makkal Kazhagam,145,92.33,All India Jananayaka Makkal Kazhagam,Cheyyar,Tiruvannamalai,North,GEN
68,RAGUPATHI. S,Anti Corruption Dynamic Party,145,92.33,Anti Corruption Dynamic Party,Cheyyar,Tiruvannamalai,North,GEN
69,AMBETHKUMAR. S,DMK,63805,90.24,DMK,Vandavasi,Tiruvannamalai,North,SC
69,RANI. P,AIADMK,60472,90.24,AIADMK,Vandavasi,Tiruvannamalai,North,SC
69,UDHAYAKUMAR. M,TVK,58174,90.24,TVK,Vandavasi,Tiruvannamalai,North,SC
69,GANESH. R,NTK,5495,90.24,NTK,Vandavasi,Tiruvannamalai,North,SC
69,NOTA,NOTA,988,90.24,NOTA,Vandavasi,Tiruvannamalai,North,SC
69,RANI. A,IND,674,90.24,IND,Vandavasi,Tiruvannamalai,North,SC
69,JAISANKAR. M,IND,331,90.24,IND,Vandavasi,Tiruvannamalai,North,SC
69,PONNAMBALAM. P,IND,262,90.24,IND,Vandavasi,Tiruvannamalai,North,SC
69,THAMARAI SELVI. S,Tamizhaga Vaazhvurimai Katchi,252,90.24,Tamizhaga Vaazhvurimai Katchi,Vandavasi,Tiruvannamalai,North,SC
69,UDHAYAKUMAR. N,IND,187,90.24,IND,Vandavasi,Tiruvannamalai,North,SC
69,MUTHUPERUMAL. K,Aanaithinthiya Jananayaka Pathukappu Kazhagam,124,90.24,Aanaithinthiya Jananayaka Pathukappu Kazhagam,Vandavasi,Tiruvannamalai,North,SC
69,KANNIYAPPAN. S,IND,121,90.24,IND,Vandavasi,Tiruvannamalai,North,SC
69,MUTHUSELVAM. V,Anti Corruption Dynamic Party,113,90.24,Anti Corruption Dynamic Party,Vandavasi,Tiruvannamalai,North,SC
69,AMBEDKAR. T,IND,104,90.24,IND,Vandavasi,Tiruvannamalai,North,SC
69,RAKESH SHARMA. R,Thakkam Katchi,61,90.24,Thakkam Katchi,Vandavasi,Tiruvannamalai,North,SC
69,ARJUNAN. M,IND,41,90.24,IND,Vandavasi,Tiruvannamalai,North,SC
70,GANESHKUMAR A,PMK,78201,91.55,PMK,Gingee,Villupuram,Central,GEN
70,GINGEE MASTHAN K S,DMK,65556,91.55,DMK,Gingee,Villupuram,Central,GEN
70,CHANDRASEKARAN B,TVK,61609,91.55,TVK,Gingee,Villupuram,Central,GEN
70,ADVOCATE KRISHNAN E,NTK,6371,91.55,NTK,Gingee,Villupuram,Central,GEN
70,NOTA,NOTA,508,91.55,NOTA,Gingee,Villupuram,Central,GEN
70,RAMESH R,IND,483,91.55,IND,Gingee,Villupuram,Central,GEN
70,MUNUSAMY A,IND,435,91.55,IND,Gingee,Villupuram,Central,GEN
70,SAKTHIVEL A,Thakkam Katchi,432,91.55,Thakkam Katchi,Gingee,Villupuram,Central,GEN
70,PRABAKARAN M,IND,431,91.55,IND,Gingee,Villupuram,Central,GEN
70,RASANAYAGAM N,Tamizhaga Vaazhvurimai Katchi,420,91.55,Tamizhaga Vaazhvurimai Katchi,Gingee,Villupuram,Central,GEN
70,POYYATHAPPAN K,IND,411,91.55,IND,Gingee,Villupuram,Central,GEN
70,RANGARAJAN E,Bahujan Samaj Party,381,91.55,BSP,Gingee,Villupuram,Central,GEN
70,DEVENDIRAN M,IND,319,91.55,IND,Gingee,Villupuram,Central,GEN
70,PERUMAL N,Aanaithinthiya Jananayaka Pathukappu Kazhagam,285,91.55,Aanaithinthiya Jananayaka Pathukappu Kazhagam,Gingee,Villupuram,Central,GEN
70,THANIGAIMALAI R,Anti Corruption Dynamic Party,174,91.55,Anti Corruption Dynamic Party,Gingee,Villupuram,Central,GEN
70,SRIDHAR G,IND,160,91.55,IND,Gingee,Villupuram,Central,GEN
70,MOHAN A,IND,153,91.55,IND,Gingee,Villupuram,Central,GEN
70,MOHAMMAD SIDDIQ M H,Veerath Thiyagi Viswanathadoss Thozhilalarkal Katchi,128,91.55,Veerath Thiyagi Viswanathadoss Thozhilalarkal Katchi,Gingee,Villupuram,Central,GEN
70,GOKULRAJ S,IND,113,91.55,IND,Gingee,Villupuram,Central,GEN
70,BANUKUMAR R,IND,82,91.55,IND,Gingee,Villupuram,Central,GEN
71,SHANMUGAM C VE,AIADMK,82353,90.91,AIADMK,Mailam,Villupuram,Central,GEN
71,VIJAY NIRANJAN A,TVK,52312,90.91,TVK,Mailam,Villupuram,Central,GEN
71,VENKATESAN L,DMDK,46267,90.91,DMDK,Mailam,Villupuram,Central,GEN
71,VIDJAIVIKRAM S,NTK,4383,90.91,NTK,Mailam,Villupuram,Central,GEN
71,SIVA S,IND,552,90.91,IND,Mailam,Villupuram,Central,GEN
71,GOPU V S,IND,537,90.91,IND,Mailam,Villupuram,Central,GEN
71,RANJITH KUMAR  M,Bahujan Samaj Party,365,90.91,BSP,Mailam,Villupuram,Central,GEN
71,RANJITHA V,IND,357,90.91,IND,Mailam,Villupuram,Central,GEN
71,VINOTH R,Thakkam Katchi,332,90.91,Thakkam Katchi,Mailam,Villupuram,Central,GEN
71,NOTA,NOTA,299,90.91,NOTA,Mailam,Villupuram,Central,GEN
71,AYYANAR N,Anti Corruption Dynamic Party,264,90.91,Anti Corruption Dynamic Party,Mailam,Villupuram,Central,GEN
71,TAMIZHARASAN M,IND,252,90.91,IND,Mailam,Villupuram,Central,GEN
71,KRISHNAMURTHY K,IND,198,90.91,IND,Mailam,Villupuram,Central,GEN
71,SUNDAR C,IND,133,90.91,IND,Mailam,Villupuram,Central,GEN
71,ANANDHABABU M,Tamizhaga Vaazhvurimai Katchi,121,90.91,Tamizhaga Vaazhvurimai Katchi,Mailam,Villupuram,Central,GEN
71,VIJAYAGANTH K,IND,97,90.91,IND,Mailam,Villupuram,Central,GEN
71,MANAVALAN A,Anna MGR Dravida Makkal Kalgam,93,90.91,Anna MGR Dravida Makkal Kalgam,Mailam,Villupuram,Central,GEN
71,KARVANNAN K,IND,92,90.91,IND,Mailam,Villupuram,Central,GEN
71,SURESH KUMAR S,Indhia Kudiarasu Katchi,82,90.91,Indhia Kudiarasu Katchi,Mailam,Villupuram,Central,GEN
71,SEKAR NAYAKAR I M,All India Puratchi Thalaivar Makkal Munnettra Kazhagam,59,90.91,All India Puratchi Thalaivar Makkal Munnettra Kazhagam,Mailam,Villupuram,Central,GEN
71,PURUSHOTHAMAN K,Desiya Makkal Sakthi Katchi,47,90.91,Desiya Makkal Sakthi Katchi,Mailam,Villupuram,Central,GEN
71,DIVYA P,Naam Indiar Party,26,90.91,Naam Indiar Party,Mailam,Villupuram,Central,GEN
72,VANNI ARASU,VCK,63833,90.97,VCK,Tindivanam,Villupuram,Central,SC
72,ARJUNAN. P,AIADMK,63099,90.97,AIADMK,Tindivanam,Villupuram,Central,SC
72,SAKTHIVEL. S,TVK,61159,90.97,TVK,Tindivanam,Villupuram,Central,SC
72,PACHIMUTHU. P,NTK,5242,90.97,NTK,Tindivanam,Villupuram,Central,SC
72,NOTA,NOTA,714,90.97,NOTA,Tindivanam,Villupuram,Central,SC
72,VINOTH. S,IND,435,90.97,IND,Tindivanam,Villupuram,Central,SC
72,VENKATACHALAPATHY. A,Bahujan Samaj Party,422,90.97,BSP,Tindivanam,Villupuram,Central,SC
72,VISWANATHAN. S.A,IND,208,90.97,IND,Tindivanam,Villupuram,Central,SC
72,MOHAN. A,MAKKAL SAKTHI KATCHI,201,90.97,MAKKAL SAKTHI KATCHI,Tindivanam,Villupuram,Central,SC
72,PON.SIVAKUMAR,IND,199,90.97,IND,Tindivanam,Villupuram,Central,SC
72,DEVAKUMARAN. E,IND,198,90.97,IND,Tindivanam,Villupuram,Central,SC
72,CHANDARAN. A,IND,99,90.97,IND,Tindivanam,Villupuram,Central,SC
72,DURKALI. N,IND,78,90.97,IND,Tindivanam,Villupuram,Central,SC
72,VANJINATHAN. C,Tamizhaga Vaazhvurimai Katchi,74,90.97,Tamizhaga Vaazhvurimai Katchi,Tindivanam,Villupuram,Central,SC
72,RAMNESHWARAN. V,Thakkam Katchi,65,90.97,Thakkam Katchi,Tindivanam,Villupuram,Central,SC
73,GOWTHAM D,DMK,68873,92.72,DMK,Vanur,Villupuram,Central,SC
73,SURESH P,TVK,61839,92.72,TVK,Vanur,Villupuram,Central,SC
73,MURUGAN P,AIADMK,54193,92.72,AIADMK,Vanur,Villupuram,Central,SC
73,KARIKALAN B,NTK,4697,92.72,NTK,Vanur,Villupuram,Central,SC
73,VETRIVEL G,IND,572,92.72,IND,Vanur,Villupuram,Central,SC
73,NOTA,NOTA,519,92.72,NOTA,Vanur,Villupuram,Central,SC
73,SAKTHIVEL S,Tamizhaga Vaazhvurimai Katchi,285,92.72,Tamizhaga Vaazhvurimai Katchi,Vanur,Villupuram,Central,SC
73,VINAYAGAMOORTHY M,Bahujan Samaj Party,265,92.72,BSP,Vanur,Villupuram,Central,SC
73,RADHIKA S,IND,197,92.72,IND,Vanur,Villupuram,Central,SC
73,SATHYARAMAN P,IND,172,92.72,IND,Vanur,Villupuram,Central,SC
73,SIVAKUMAR R,IND,112,92.72,IND,Vanur,Villupuram,Central,SC
73,ANANDAKUMAR P M,Thakkam Katchi,95,92.72,Thakkam Katchi,Vanur,Villupuram,Central,SC
73,AYYANAR E,IND,93,92.72,IND,Vanur,Villupuram,Central,SC
73,MURALI M,IND,83,92.72,IND,Vanur,Villupuram,Central,SC
73,SURESH C V,IND,68,92.72,IND,Vanur,Villupuram,Central,SC
73,THANGARASU N,IND,56,92.72,IND,Vanur,Villupuram,Central,SC
74,LAKSHMANAN R,DMK,72982,89.94,DMK,Villupuram,Villupuram,Central,GEN
74,MOHANRAJ N,TVK,68863,89.94,TVK,Villupuram,Villupuram,Central,GEN
74,VIJAYASURESHBABU,AIADMK,63808,89.94,AIADMK,Villupuram,Villupuram,Central,GEN
74,ABINAYA PONNIVALAVAN,NTK,5786,89.94,NTK,Villupuram,Villupuram,Central,GEN
74,NOTA,NOTA,573,89.94,NOTA,Villupuram,Villupuram,Central,GEN
74,KUMARAN R,Tamizhaga Vaazhvurimai Katchi,440,89.94,Tamizhaga Vaazhvurimai Katchi,Villupuram,Villupuram,Central,GEN
74,MURUGAN S,Bahujan Samaj Party,390,89.94,BSP,Villupuram,Villupuram,Central,GEN
74,MOHAMED ALI JINNA M,IND,282,89.94,IND,Villupuram,Villupuram,Central,GEN
74,RAGHUL R,IND,277,89.94,IND,Villupuram,Villupuram,Central,GEN
74,LAKSHMANAN R,IND,243,89.94,IND,Villupuram,Villupuram,Central,GEN
74,NAGARAJAN P,Veerath Thiyagi Viswanathadoss Thozhilalarkal Katchi,231,89.94,Veerath Thiyagi Viswanathadoss Thozhilalarkal Katchi,Villupuram,Villupuram,Central,GEN
74,LAKSHMANAN R,IND,175,89.94,IND,Villupuram,Villupuram,Central,GEN
74,RAJKUMAR S,IND,172,89.94,IND,Villupuram,Villupuram,Central,GEN
74,ARUMUGAM M,IND,150,89.94,IND,Villupuram,Villupuram,Central,GEN
74,LAKSHMANAN K,IND,148,89.94,IND,Villupuram,Villupuram,Central,GEN
74,RAYAR K,IND,142,89.94,IND,Villupuram,Villupuram,Central,GEN
74,VIJAYA M,IND,141,89.94,IND,Villupuram,Villupuram,Central,GEN
74,VIJAYA D,IND,100,89.94,IND,Villupuram,Villupuram,Central,GEN
74,RAMAN K,IND,94,89.94,IND,Villupuram,Villupuram,Central,GEN
74,VIJAYA M,IND,93,89.94,IND,Villupuram,Villupuram,Central,GEN
74,PRAVEEN KUMAR R,IND,84,89.94,IND,Villupuram,Villupuram,Central,GEN
74,BALAMURUGAN N,IND,77,89.94,IND,Villupuram,Villupuram,Central,GEN
74,AKBAR ALI P,IND,63,89.94,IND,Villupuram,Villupuram,Central,GEN
74,MOHAN C,IND,62,89.94,IND,Villupuram,Villupuram,Central,GEN
74,VIJAYA K,IND,46,89.94,IND,Villupuram,Villupuram,Central,GEN
75,SIVAKUMAR C,PMK,69727,92.39,PMK,Vikravandi,Villupuram,Central,GEN
75,VIJAI VADIVEL A,TVK,68817,92.39,TVK,Vikravandi,Villupuram,Central,GEN
75,ANNIYUR SIVA @ SIVASHANMUGAM A,DMK,60941,92.39,DMK,Vikravandi,Villupuram,Central,GEN
75,SUBHA CHANDRASEKARAN A,NTK,4979,92.39,NTK,Vikravandi,Villupuram,Central,GEN
75,SETTU C,Tamizhaga Vaazhvurimai Katchi,592,92.39,Tamizhaga Vaazhvurimai Katchi,Vikravandi,Villupuram,Central,GEN
75,SIVAKUMAR S,IND,455,92.39,IND,Vikravandi,Villupuram,Central,GEN
75,INBARASAN G,Bahujan Samaj Party,442,92.39,BSP,Vikravandi,Villupuram,Central,GEN
75,SANMUGAM B,IND,432,92.39,IND,Vikravandi,Villupuram,Central,GEN
75,NOTA,NOTA,401,92.39,NOTA,Vikravandi,Villupuram,Central,GEN
75,RAMACHANDRAN P,Anti Corruption Dynamic Party,342,92.39,Anti Corruption Dynamic Party,Vikravandi,Villupuram,Central,GEN
75,TAMILSELVAN D,IND,288,92.39,IND,Vikravandi,Villupuram,Central,GEN
75,SHANMUGAM P,IND,244,92.39,IND,Vikravandi,Villupuram,Central,GEN
75,GOKUL RAJ B,IND,205,92.39,IND,Vikravandi,Villupuram,Central,GEN
75,STALIN D,Aanaithinthiya Jananayaka Pathukappu Kazhagam,194,92.39,Aanaithinthiya Jananayaka Pathukappu Kazhagam,Vikravandi,Villupuram,Central,GEN
75,SHANMUGAM R,IND,158,92.39,IND,Vikravandi,Villupuram,Central,GEN
75,SELVAKUMAR S,IND,154,92.39,IND,Vikravandi,Villupuram,Central,GEN
75,BACKIYALAKSHMI C,Thakkam Katchi,141,92.39,Thakkam Katchi,Vikravandi,Villupuram,Central,GEN
75,RAJARAM M,IND,127,92.39,IND,Vikravandi,Villupuram,Central,GEN
75,YEASURAJA M,IND,115,92.39,IND,Vikravandi,Villupuram,Central,GEN
75,SAKTHIVEL A,IND,104,92.39,IND,Vikravandi,Villupuram,Central,GEN
75,THAMIZHVENGAI KA,Desiya Makkal Sakthi Katchi,103,92.39,Desiya Makkal Sakthi Katchi,Vikravandi,Villupuram,Central,GEN
75,MURUGAN C,IND,76,92.39,IND,Vikravandi,Villupuram,Central,GEN
75,MOHAMMAD SIDDIQ M H,Veerath Thiyagi Viswanathadoss Thozhilalarkal Katchi,71,92.39,Veerath Thiyagi Viswanathadoss Thozhilalarkal Katchi,Vikravandi,Villupuram,Central,GEN
75,RAMACHANDRAN A,IND,68,92.39,IND,Vikravandi,Villupuram,Central,GEN
75,PRABHAKARAN D,IND,55,92.39,IND,Vikravandi,Villupuram,Central,GEN
76,PALANISAMY S,AIADMK,73033,89.74,AIADMK,Tirukkoyilur,Villupuram,Central,GEN
76,VIJAY R BARANIBALAAJI,TVK,72748,89.74,TVK,Tirukkoyilur,Villupuram,Central,GEN
76,DR PON GAUTHAMSIGAMANI,DMK,62452,89.74,DMK,Tirukkoyilur,Villupuram,Central,GEN
76,HEMARAJAN K,NTK,5791,89.74,NTK,Tirukkoyilur,Villupuram,Central,GEN
76,RAMAKRISHNAN M,IND,589,89.74,IND,Tirukkoyilur,Villupuram,Central,GEN
76,VIJAYAMOORTHI E,IND,571,89.74,IND,Tirukkoyilur,Villupuram,Central,GEN
76,NOTA,NOTA,500,89.74,NOTA,Tirukkoyilur,Villupuram,Central,GEN
76,GOVINDHAKANNAN M,Bahujan Samaj Party,374,89.74,BSP,Tirukkoyilur,Villupuram,Central,GEN
76,TAMILSELVAM R,Tamizhaga Vaazhvurimai Katchi,312,89.74,Tamizhaga Vaazhvurimai Katchi,Tirukkoyilur,Villupuram,Central,GEN
76,RAVICHANDRAN G,IND,205,89.74,IND,Tirukkoyilur,Villupuram,Central,GEN
76,GOWTHAM S,IND,192,89.74,IND,Tirukkoyilur,Villupuram,Central,GEN
76,EDWIN ABINESH A,IND,136,89.74,IND,Tirukkoyilur,Villupuram,Central,GEN
76,PRABHAKARAN V J,IND,132,89.74,IND,Tirukkoyilur,Villupuram,Central,GEN
76,SELVAM K,Veerath Thiyagi Viswanathadoss Thozhilalarkal Katchi,108,89.74,Veerath Thiyagi Viswanathadoss Thozhilalarkal Katchi,Tirukkoyilur,Villupuram,Central,GEN
76,PALANISAMY E,IND,94,89.74,IND,Tirukkoyilur,Villupuram,Central,GEN
76,KARTHICK S,IND,81,89.74,IND,Tirukkoyilur,Villupuram,Central,GEN
77,VASANTHAVEL G R,DMK,98471,95.02,DMK,Ulundurpet,Villupuram,Central,GEN
77,KUMARAGURU R,AIADMK,96194,95.02,AIADMK,Ulundurpet,Villupuram,Central,GEN
77,SUDHAKAR M,TVK,66208,95.02,TVK,Ulundurpet,Villupuram,Central,GEN
77,LOGESHWARI S,NTK,6525,95.02,NTK,Ulundurpet,Villupuram,Central,GEN
77,NOTA,NOTA,1051,95.02,NOTA,Ulundurpet,Villupuram,Central,GEN
77,MANIKANDAN P,IND,642,95.02,IND,Ulundurpet,Villupuram,Central,GEN
77,UDHAYAKUMAR R,All India Puratchi Thalaivar Makkal Munnettra Kazhagam,590,95.02,All India Puratchi Thalaivar Makkal Munnettra Kazhagam,Ulundurpet,Villupuram,Central,GEN
77,KRISHNAMOORTHY V,IND,282,95.02,IND,Ulundurpet,Villupuram,Central,GEN
77,RAMAKRISHNAN R,IND,251,95.02,IND,Ulundurpet,Villupuram,Central,GEN
77,SENTHIL P,IND,217,95.02,IND,Ulundurpet,Villupuram,Central,GEN
77,PARTHIBAN V,IND,170,95.02,IND,Ulundurpet,Villupuram,Central,GEN
77,BALAKRISHNAN K,Anna Makkal Katchi,140,95.02,Anna Makkal Katchi,Ulundurpet,Villupuram,Central,GEN
77,SASIKUMAR N,IND,110,95.02,IND,Ulundurpet,Villupuram,Central,GEN
77,SANKAR S,IND,78,95.02,IND,Ulundurpet,Villupuram,Central,GEN
77,ARASAN K,IND,73,95.02,IND,Ulundurpet,Villupuram,Central,GEN
78,KARTHIKEYAN K,DMK,89711,92.42,DMK,Rishivandiam,Villupuram,Central,GEN
78,ASHOK KUMAR G,TVK,84849,92.42,TVK,Rishivandiam,Villupuram,Central,GEN
78,CHEZHIYAN P,PMK,56488,92.42,PMK,Rishivandiam,Villupuram,Central,GEN
78,RADHIKA P,NTK,7247,92.42,NTK,Rishivandiam,Villupuram,Central,GEN
78,SENTHIKUMAR V N,IND,1071,92.42,IND,Rishivandiam,Villupuram,Central,GEN
78,SELVARAJ P,IND,800,92.42,IND,Rishivandiam,Villupuram,Central,GEN
78,BALAKRISHNAN A,Bahujan Samaj Party,578,92.42,BSP,Rishivandiam,Villupuram,Central,GEN
78,NOTA,NOTA,534,92.42,NOTA,Rishivandiam,Villupuram,Central,GEN
78,ANBUMURUGAN S,IND,458,92.42,IND,Rishivandiam,Villupuram,Central,GEN
78,SEVVANTHA G K,Anna Makkal Katchi,322,92.42,Anna Makkal Katchi,Rishivandiam,Villupuram,Central,GEN
78,RANGANATHAN N,All India Puratchi Thalaivar Makkal Munnettra Kazhagam,302,92.42,All India Puratchi Thalaivar Makkal Munnettra Kazhagam,Rishivandiam,Villupuram,Central,GEN
78,ARUMUGAM G,Parivartan Rajniti Party,291,92.42,Parivartan Rajniti Party,Rishivandiam,Villupuram,Central,GEN
78,VENKATRAMAN J,Naadaalum Makkal Katchi,251,92.42,Naadaalum Makkal Katchi,Rishivandiam,Villupuram,Central,GEN
78,KARTHIKEYAN A,IND,244,92.42,IND,Rishivandiam,Villupuram,Central,GEN
78,MANIKANDAN C,IND,241,92.42,IND,Rishivandiam,Villupuram,Central,GEN
78,VINOTH S,IND,208,92.42,IND,Rishivandiam,Villupuram,Central,GEN
78,SEZHIYAN K,IND,173,92.42,IND,Rishivandiam,Villupuram,Central,GEN
78,SANKAR R,Tamizhaga Vaazhvurimai Katchi,161,92.42,Tamizhaga Vaazhvurimai Katchi,Rishivandiam,Villupuram,Central,GEN
78,VIJAYAKUMAR G,IND,141,92.42,IND,Rishivandiam,Villupuram,Central,GEN
78,GOWTHAM C,IND,136,92.42,IND,Rishivandiam,Villupuram,Central,GEN
78,RAJA S,IND,130,92.42,IND,Rishivandiam,Villupuram,Central,GEN
78,KARTHIKEYAN V,IND,125,92.42,IND,Rishivandiam,Villupuram,Central,GEN
78,RAJA K,IND,97,92.42,IND,Rishivandiam,Villupuram,Central,GEN
78,ANBU D,IND,90,92.42,IND,Rishivandiam,Villupuram,Central,GEN
78,NARAYANAN L,IND,83,92.42,IND,Rishivandiam,Villupuram,Central,GEN
78,MARIKKANNU A,IND,64,92.42,IND,Rishivandiam,Villupuram,Central,GEN
79,RAKESH R,AIADMK,80250,86.67,AIADMK,Sankarapuram,Villupuram,Central,GEN
79,UDHAYASURIYAN T,DMK,76810,86.67,DMK,Sankarapuram,Villupuram,Central,GEN
79,JAGADESAN A,TVK,67624,86.67,TVK,Sankarapuram,Villupuram,Central,GEN
79,RAMESH K,NTK,5567,86.67,NTK,Sankarapuram,Villupuram,Central,GEN
79,RAMACHANDIRAN M,Tamizhaga Vaazhvurimai Katchi,677,86.67,Tamizhaga Vaazhvurimai Katchi,Sankarapuram,Villupuram,Central,GEN
79,MANIKANDAN P,IND,579,86.67,IND,Sankarapuram,Villupuram,Central,GEN
79,SUDHA M,Bahujan Samaj Party,544,86.67,BSP,Sankarapuram,Villupuram,Central,GEN
79,MAYILAMPARAI MARI A,IND,512,86.67,IND,Sankarapuram,Villupuram,Central,GEN
79,VIJAY J,IND,409,86.67,IND,Sankarapuram,Villupuram,Central,GEN
79,NOTA,NOTA,383,86.67,NOTA,Sankarapuram,Villupuram,Central,GEN
79,PACHAIYAPPAN K,IND,351,86.67,IND,Sankarapuram,Villupuram,Central,GEN
79,NADARAJAN K,All India Puratchi Thalaivar Makkal Munnettra Kazhagam,328,86.67,All India Puratchi Thalaivar Makkal Munnettra Kazhagam,Sankarapuram,Villupuram,Central,GEN
79,DURAI EZHILAN P,IND,295,86.67,IND,Sankarapuram,Villupuram,Central,GEN
79,GANGASEKAR A,MAKKAL SAKTHI KATCHI,223,86.67,MAKKAL SAKTHI KATCHI,Sankarapuram,Villupuram,Central,GEN
79,MANI G,IND,166,86.67,IND,Sankarapuram,Villupuram,Central,GEN
79,DR.MURUGU K,IND,113,86.67,IND,Sankarapuram,Villupuram,Central,GEN
79,SAMIKKANNU M,IND,112,86.67,IND,Sankarapuram,Villupuram,Central,GEN
79,JAYAPRAKASH K,IND,111,86.67,IND,Sankarapuram,Villupuram,Central,GEN
79,ANBAZHAGAN S,IND,105,86.67,IND,Sankarapuram,Villupuram,Central,GEN
79,SANNIYASI N,Veerath Thiyagi Viswanathadoss Thozhilalarkal Katchi,100,86.67,Veerath Thiyagi Viswanathadoss Thozhilalarkal Katchi,Sankarapuram,Villupuram,Central,GEN
79,KAVIKUIL V,IND,97,86.67,IND,Sankarapuram,Villupuram,Central,GEN
79,HARUN RASHEETH J,IND,87,86.67,IND,Sankarapuram,Villupuram,Central,GEN
79,VIGNESH R,IND,85,86.67,IND,Sankarapuram,Villupuram,Central,GEN
80,ARUL VIGNESH C,TVK,81132,93.07,TVK,Kallakurichi,Villupuram,Central,SC
80,RAJEEVGANDHI S,AIADMK,80334,93.07,AIADMK,Kallakurichi,Villupuram,Central,SC
80,MALATHI K,VCK,77666,93.07,VCK,Kallakurichi,Villupuram,Central,SC
80,NAGAMMAL RAJKODI,NTK,7494,93.07,NTK,Kallakurichi,Villupuram,Central,SC
80,NOTA,NOTA,883,93.07,NOTA,Kallakurichi,Villupuram,Central,SC
80,VIGNESH G,IND,653,93.07,IND,Kallakurichi,Villupuram,Central,SC
80,VASANTHAKUMAR S,IND,417,93.07,IND,Kallakurichi,Villupuram,Central,SC
80,RAJIVGANDHI P,IND,308,93.07,IND,Kallakurichi,Villupuram,Central,SC
80,SELVARAJ M,IND,219,93.07,IND,Kallakurichi,Villupuram,Central,SC
80,RAJIVGANDHI S,IND,196,93.07,IND,Kallakurichi,Villupuram,Central,SC
80,MALATHI K,IND,179,93.07,IND,Kallakurichi,Villupuram,Central,SC
80,PRABU C,IND,145,93.07,IND,Kallakurichi,Villupuram,Central,SC
81,NALLATHAMBI. A,AIADMK,73167,87.13,AIADMK,Gangavalli,Salem,Central,SC
81,CHINNADURAI. K,DMK,58763,87.13,DMK,Gangavalli,Salem,Central,SC
81,SUJATHA. V,TVK,55291,87.13,TVK,Gangavalli,Salem,Central,SC
81,ABIRAMI. A,NTK,6242,87.13,NTK,Gangavalli,Salem,Central,SC
81,NOTA,NOTA,731,87.13,NOTA,Gangavalli,Salem,Central,SC
81,BALAKRISHNAN. P,Bahujan Samaj Party,533,87.13,BSP,Gangavalli,Salem,Central,SC
81,DHANAPAL. S,IND,444,87.13,IND,Gangavalli,Salem,Central,SC
81,RAMESH. S,IND,390,87.13,IND,Gangavalli,Salem,Central,SC
81,KAVIARASAN. T.T,Tamizhaga Vaazhvurimai Katchi,234,87.13,Tamizhaga Vaazhvurimai Katchi,Gangavalli,Salem,Central,SC
81,MARIMUTHU. S,Puthiya Tamilagam,220,87.13,Puthiya Tamilagam,Gangavalli,Salem,Central,SC
81,KANNAN. S,IND,212,87.13,IND,Gangavalli,Salem,Central,SC
81,TAMILARASAN. T,IND,196,87.13,IND,Gangavalli,Salem,Central,SC
81,ANBAZHAGAN. S,Anna Makkal Katchi,151,87.13,Anna Makkal Katchi,Gangavalli,Salem,Central,SC
81,GUNAPRAKASH. D,IND,105,87.13,IND,Gangavalli,Salem,Central,SC
82,JAYASANKARAN. A.P.,AIADMK,80843,90.58,AIADMK,Attur,Salem,Central,SC
82,SELVABHARATHI. R.,TVK,65525,90.58,TVK,Attur,Salem,Central,SC
82,ARTHANARI. S.K.,INC,51896,90.58,INC,Attur,Salem,Central,SC
82,MONISHA CHINNADURAI.,NTK,6532,90.58,NTK,Attur,Salem,Central,SC
82,NOTA,NOTA,1031,90.58,NOTA,Attur,Salem,Central,SC
82,RAJESHKANNAN. K.,IND,511,90.58,IND,Attur,Salem,Central,SC
82,SELLAMMAL. V.M.,Bahujan Samaj Party,412,90.58,BSP,Attur,Salem,Central,SC
82,MANICKAM. K.,IND,256,90.58,IND,Attur,Salem,Central,SC
82,POOMALAI. C.,IND,235,90.58,IND,Attur,Salem,Central,SC
82,PALANIYAMMAL. S.,Desiya Makkal Sakthi Katchi,215,90.58,Desiya Makkal Sakthi Katchi,Attur,Salem,Central,SC
82,SELVAKANNAN. L.,IND,173,90.58,IND,Attur,Salem,Central,SC
82,RAMESH. G.,Tamizhaga Vaazhvurimai Katchi,172,90.58,Tamizhaga Vaazhvurimai Katchi,Attur,Salem,Central,SC
82,JAGAN. T.,IND,158,90.58,IND,Attur,Salem,Central,SC
82,VARATHARAJ. G.,IND,141,90.58,IND,Attur,Salem,Central,SC
82,MANIMARAN. A.,IND,107,90.58,IND,Attur,Salem,Central,SC
82,MANIKANDAN. M.,IND,89,90.58,IND,Attur,Salem,Central,SC
83,USHARANI. P,AIADMK,87772,96.42,AIADMK,Yercaud,Salem,Central,ST
83,LAKSHMI JANARTHANAN. J,TVK,85583,96.42,TVK,Yercaud,Salem,Central,ST
83,REVATHI. T.M,DMK,68045,96.42,DMK,Yercaud,Salem,Central,ST
83,PALANISAMY. M,NTK,7601,96.42,NTK,Yercaud,Salem,Central,ST
83,NOTA,NOTA,1250,96.42,NOTA,Yercaud,Salem,Central,ST
83,PALANISAMY. K,Bahujan Samaj Party,910,96.42,BSP,Yercaud,Salem,Central,ST
83,GOPI. C,Communist Party of India (Marxist-Leninist) (Liberation),658,96.42,Communist Party of India (Marxist-Leninist) (Liberation),Yercaud,Salem,Central,ST
83,VENKATESAN. S,IND,513,96.42,IND,Yercaud,Salem,Central,ST
83,PAZHANIVEL. K,IND,303,96.42,IND,Yercaud,Salem,Central,ST
83,THANGADURAI. N,IND,294,96.42,IND,Yercaud,Salem,Central,ST
83,VENGATESHSAN. T,Tamizhaga Vaazhvurimai Katchi,235,96.42,Tamizhaga Vaazhvurimai Katchi,Yercaud,Salem,Central,ST
83,VIJAYAKUMAR. N,IND,211,96.42,IND,Yercaud,Salem,Central,ST
83,KALIYAPPAN. A,IND,123,96.42,IND,Yercaud,Salem,Central,ST
83,KARTHIK. N,IND,94,96.42,IND,Yercaud,Salem,Central,ST
84,MANI. R,AIADMK,112246,95.14,AIADMK,Omalur,Salem,Central,GEN
84,ADHIYAMAAN. R.V,TVK,97707,95.14,TVK,Omalur,Salem,Central,GEN
84,ELANGOVAN. A.R,DMDK,46917,95.14,DMDK,Omalur,Salem,Central,GEN
84,SIVASAKTHI. M,NTK,8370,95.14,NTK,Omalur,Salem,Central,GEN
84,GOBINATHAN. R,IND,1544,95.14,IND,Omalur,Salem,Central,GEN
84,NOTA,NOTA,1433,95.14,NOTA,Omalur,Salem,Central,GEN
84,MAYAKKANNAN. R,IND,629,95.14,IND,Omalur,Salem,Central,GEN
84,KRISHNAMOORTHY. D,Tamizhaga Vaazhvurimai Katchi,537,95.14,Tamizhaga Vaazhvurimai Katchi,Omalur,Salem,Central,GEN
84,MOHANRAJ. P.M,IND,378,95.14,IND,Omalur,Salem,Central,GEN
84,SURESHKUMAR. S,Aanaithinthiya Jananayaka Pathukappu Kazhagam,363,95.14,Aanaithinthiya Jananayaka Pathukappu Kazhagam,Omalur,Salem,Central,GEN
84,JEGANATHAN. A,IND,207,95.14,IND,Omalur,Salem,Central,GEN
84,MANOKARAN. A,IND,197,95.14,IND,Omalur,Salem,Central,GEN
84,SANTHALINGAM. C,IND,164,95.14,IND,Omalur,Salem,Central,GEN
84,ARUL PRAKASH. T,IND,149,95.14,IND,Omalur,Salem,Central,GEN
84,PERUMAL. S,IND,142,95.14,IND,Omalur,Salem,Central,GEN
84,MANI. V,IND,136,95.14,IND,Omalur,Salem,Central,GEN
85,VENKATACHALAM. G,AIADMK,86498,87.34,AIADMK,Mettur,Salem,Central,GEN
85,MIDHUN CHAKRAVARTHY. M,DMK,67393,87.34,DMK,Mettur,Salem,Central,GEN
85,SELVAM. K,TVK,65260,87.34,TVK,Mettur,Salem,Central,GEN
85,VIDHYA VEERAPPAN,NTK,7109,87.34,NTK,Mettur,Salem,Central,GEN
85,NOTA,NOTA,794,87.34,NOTA,Mettur,Salem,Central,GEN
85,RAMKUMAR. D.M,IND,706,87.34,IND,Mettur,Salem,Central,GEN
85,DURAIRAJ. V,IND,659,87.34,IND,Mettur,Salem,Central,GEN
85,VENKATASALAM. G,IND,471,87.34,IND,Mettur,Salem,Central,GEN
85,PERIYAPONNU. O,Tamizhaga Vaazhvurimai Katchi,403,87.34,Tamizhaga Vaazhvurimai Katchi,Mettur,Salem,Central,GEN
85,DR.PADMARAJAN. K,IND,390,87.34,IND,Mettur,Salem,Central,GEN
85,PRABAKARAN. S,IND,251,87.34,IND,Mettur,Salem,Central,GEN
85,KRISHNAMOORTHY. P,IND,237,87.34,IND,Mettur,Salem,Central,GEN
85,SARAVANAKUMAR. M,IND,223,87.34,IND,Mettur,Salem,Central,GEN
85,MURUGAN. P,IND,192,87.34,IND,Mettur,Salem,Central,GEN
85,JAGANATHAN. A,IND,121,87.34,IND,Mettur,Salem,Central,GEN
85,VELU. A,Vada Tamil Nadu Munnetra Katchi,107,87.34,Vada Tamil Nadu Munnetra Katchi,Mettur,Salem,Central,GEN
85,CHIDAMBARAM. A,IND,104,87.34,IND,Mettur,Salem,Central,GEN
85,KANNAN. M,IND,99,87.34,IND,Mettur,Salem,Central,GEN
85,KANNAN. R,IND,88,87.34,IND,Mettur,Salem,Central,GEN
86,EDAPPADI PALANISWAMI. K,AIADMK,148933,96.81,AIADMK,Edapadi,Salem,Central,GEN
86,PREMKUMAR. K,IND,50823,96.81,IND,Edapadi,Salem,Central,GEN
86,KASI. C,DMK,44011,96.81,DMK,Edapadi,Salem,Central,GEN
86,PRIYADHARSHINI. A,NTK,8450,96.81,NTK,Edapadi,Salem,Central,GEN
86,GOVINDARAJ.V,Tamizhaga Vaazhvurimai Katchi,1662,96.81,Tamizhaga Vaazhvurimai Katchi,Edapadi,Salem,Central,GEN
86,NOTA,NOTA,1341,96.81,NOTA,Edapadi,Salem,Central,GEN
86,RAJA. K. B.SC. B.TECH. EX.INAS,IND,739,96.81,IND,Edapadi,Salem,Central,GEN
86,THULASIMANI. P,IND,435,96.81,IND,Edapadi,Salem,Central,GEN
86,SURESH. L,All India Puratchi Thalaivar Makkal Munnettra Kazhagam,429,96.81,All India Puratchi Thalaivar Makkal Munnettra Kazhagam,Edapadi,Salem,Central,GEN
86,STUDENT'S FRIEND MURUGAN. M,IND,399,96.81,IND,Edapadi,Salem,Central,GEN
86,IYYAPPAN PERUMAL. P,IND,296,96.81,IND,Edapadi,Salem,Central,GEN
86,ELUMALAI. P,IND,215,96.81,IND,Edapadi,Salem,Central,GEN
86,KUMARESAN. M,IND,207,96.81,IND,Edapadi,Salem,Central,GEN
86,MURUGAN. C,IND,159,96.81,IND,Edapadi,Salem,Central,GEN
86,SUBRAMANI. P,IND,97,96.81,IND,Edapadi,Salem,Central,GEN
86,SAKTHIVEL. S,IND,67,96.81,IND,Edapadi,Salem,Central,GEN
87,VETRIVEL. S,AIADMK,87342,96.33,AIADMK,Sankari,Salem,Central,GEN
87,SENTHILKUMAR. K,TVK,77825,96.33,TVK,Sankari,Salem,Central,GEN
87,MANIKANDAN. M,DMK,65716,96.33,DMK,Sankari,Salem,Central,GEN
87,NITHYA. A,NTK,7534,96.33,NTK,Sankari,Salem,Central,GEN
87,DR. GURUNATHAN. S,Indhu Dravida Makkal Katchi,1009,96.33,Indhu Dravida Makkal Katchi,Sankari,Salem,Central,GEN
87,NOTA,NOTA,711,96.33,NOTA,Sankari,Salem,Central,GEN
87,PARAMASIVAM. R,IND,473,96.33,IND,Sankari,Salem,Central,GEN
87,SETTUMUTHU. V,Bahujan Samaj Party,398,96.33,BSP,Sankari,Salem,Central,GEN
87,MANIKANDAN. D,IND,395,96.33,IND,Sankari,Salem,Central,GEN
87,MAYILKUMAR. M,IND,340,96.33,IND,Sankari,Salem,Central,GEN
87,VIGNESH. A,IND,289,96.33,IND,Sankari,Salem,Central,GEN
87,SENTHILKUMAR. R.S.,Tamizhaga Vaazhvurimai Katchi,287,96.33,Tamizhaga Vaazhvurimai Katchi,Sankari,Salem,Central,GEN
87,POOVARASAN. S,IND,268,96.33,IND,Sankari,Salem,Central,GEN
87,DURAIRAJ. C,IND,260,96.33,IND,Sankari,Salem,Central,GEN
87,VIJAYAKUMAR. M,IND,244,96.33,IND,Sankari,Salem,Central,GEN
87,SALMAN. E,IND,147,96.33,IND,Sankari,Salem,Central,GEN
87,SAKTHIVEL. D,IND,140,96.33,IND,Sankari,Salem,Central,GEN
87,MANIKANDAN. P,IND,136,96.33,IND,Sankari,Salem,Central,GEN
87,RANJITH KUMAR. V,IND,96,96.33,IND,Sankari,Salem,Central,GEN
87,SAKTHIVEL. G,IND,86,96.33,IND,Sankari,Salem,Central,GEN
87,RAMESHKUMAR. V,IND,83,96.33,IND,Sankari,Salem,Central,GEN
88,LAKSHMANAN.S,TVK,120407,84.03,TVK,Salem (West),Salem,Central,GEN
88,KARTHE.M,PMK,45540,84.03,PMK,Salem (West),Salem,Central,GEN
88,ALAGAAPURAM. R. MOHANRAJ,DMDK,41522,84.03,DMDK,Salem (West),Salem,Central,GEN
88,ARUL RAMADAS,Aanaithinthiya Jananayaka Pathukappu Kazhagam,12532,84.03,Aanaithinthiya Jananayaka Pathukappu Kazhagam,Salem (West),Salem,Central,GEN
88,SURESH KUMAR.R,NTK,6820,84.03,NTK,Salem (West),Salem,Central,GEN
88,NOTA,NOTA,1052,84.03,NOTA,Salem (West),Salem,Central,GEN
88,RAJ KUMAR .G,Tamizhaga Vaazhvurimai Katchi,636,84.03,Tamizhaga Vaazhvurimai Katchi,Salem (West),Salem,Central,GEN
88,ER.PRABAKARAN.S,IND,613,84.03,IND,Salem (West),Salem,Central,GEN
88,PRABU .K,Vishwa Tamil Kazhagam,404,84.03,Vishwa Tamil Kazhagam,Salem (West),Salem,Central,GEN
88,GUNASEKARAN .R,Bahujan Samaj Party,395,84.03,BSP,Salem (West),Salem,Central,GEN
88,BHARATH.S,IND,395,84.03,IND,Salem (West),Salem,Central,GEN
88,CHANDRASEKARAN.G,IND,393,84.03,IND,Salem (West),Salem,Central,GEN
88,VELMANIKANDAN. S,IND,369,84.03,IND,Salem (West),Salem,Central,GEN
88,SRISABARINATHAN,IND,359,84.03,IND,Salem (West),Salem,Central,GEN
88,AMIRTHALINGAM.N,IND,318,84.03,IND,Salem (West),Salem,Central,GEN
88,ARUL.P,IND,301,84.03,IND,Salem (West),Salem,Central,GEN
88,KUMAR.A.P,IND,263,84.03,IND,Salem (West),Salem,Central,GEN
88,KARTHICK.M,IND,243,84.03,IND,Salem (West),Salem,Central,GEN
88,ARUL.D,IND,239,84.03,IND,Salem (West),Salem,Central,GEN
88,MANOHAR.C,IND,214,84.03,IND,Salem (West),Salem,Central,GEN
88,THIYAGARAJAN.M,IND,184,84.03,IND,Salem (West),Salem,Central,GEN
88,PERUMAL. A,IND,181,84.03,IND,Salem (West),Salem,Central,GEN
88,SELVAM.R,IND,147,84.03,IND,Salem (West),Salem,Central,GEN
88,RADHAKRISHNAN. R,IND,137,84.03,IND,Salem (West),Salem,Central,GEN
88,BHARANITHARAN.D.K,IND,118,84.03,IND,Salem (West),Salem,Central,GEN
88,VIJAYAKUMAR. S,IND,111,84.03,IND,Salem (West),Salem,Central,GEN
88,ARUL. T,IND,108,84.03,IND,Salem (West),Salem,Central,GEN
88,KARTHICK.R,IND,91,84.03,IND,Salem (West),Salem,Central,GEN
88,MOHAN RAJ. R,IND,88,84.03,IND,Salem (West),Salem,Central,GEN
88,ARUL .S,IND,85,84.03,IND,Salem (West),Salem,Central,GEN
88,DHANAPAL,IND,74,84.03,IND,Salem (West),Salem,Central,GEN
88,PANNEERSELVAM.P,IND,68,84.03,IND,Salem (West),Salem,Central,GEN
89,SIVAKUMAR. K,TVK,85710,81.66,TVK,Salem (North),Salem,Central,GEN
89,RAJENDRAN. R,DMK,71676,81.66,DMK,Salem (North),Salem,Central,GEN
89,SADHASIVAM. S,PMK,44238,81.66,PMK,Salem (North),Salem,Central,GEN
89,GUNASEELA. M,NTK,6450,81.66,NTK,Salem (North),Salem,Central,GEN
89,NOTA,NOTA,1205,81.66,NOTA,Salem (North),Salem,Central,GEN
89,MOHANRAJ. S,Tamizhaga Vaazhvurimai Katchi,338,81.66,Tamizhaga Vaazhvurimai Katchi,Salem (North),Salem,Central,GEN
89,JOTHILAKSHMI. R.S,Vishwa Tamil Kazhagam,176,81.66,Vishwa Tamil Kazhagam,Salem (North),Salem,Central,GEN
89,RAJA. A,IND,151,81.66,IND,Salem (North),Salem,Central,GEN
89,SABAREESAN. D,IND,137,81.66,IND,Salem (North),Salem,Central,GEN
89,RAJASEKAR. S,IND,128,81.66,IND,Salem (North),Salem,Central,GEN
89,RAJENDRAN. A,IND,122,81.66,IND,Salem (North),Salem,Central,GEN
89,MAHABUB JOHN. K,IND,117,81.66,IND,Salem (North),Salem,Central,GEN
89,PRAVINA. G,IND,97,81.66,IND,Salem (North),Salem,Central,GEN
89,MANIVANNAN. S,IND,90,81.66,IND,Salem (North),Salem,Central,GEN
89,PALANISAMY. R,IND,77,81.66,IND,Salem (North),Salem,Central,GEN
90,VIJAY TAMILAN PARTHIBAN. A,TVK,91371,87.72,TVK,Salem (South),Salem,Central,GEN
90,LOGANATHAN. M,DMK,58002,87.72,DMK,Salem (South),Salem,Central,GEN
90,VINOTH. J,AIADMK,50216,87.72,AIADMK,Salem (South),Salem,Central,GEN
90,SOFIA. S,NTK,5819,87.72,NTK,Salem (South),Salem,Central,GEN
90,NOTA,NOTA,745,87.72,NOTA,Salem (South),Salem,Central,GEN
90,BAS MADHESWARAN,Tamizhaga Vaazhvurimai Katchi,407,87.72,Tamizhaga Vaazhvurimai Katchi,Salem (South),Salem,Central,GEN
90,VARATHARAJAN. S.P,IND,166,87.72,IND,Salem (South),Salem,Central,GEN
90,LOGANATHAN. M,IND,165,87.72,IND,Salem (South),Salem,Central,GEN
90,AMBEDKAR. C,IND,158,87.72,IND,Salem (South),Salem,Central,GEN
90,JAYARAJ. S,IND,117,87.72,IND,Salem (South),Salem,Central,GEN
90,MAYAKANNAN. N,IND,99,87.72,IND,Salem (South),Salem,Central,GEN
90,PARTHIBAN. A,IND,93,87.72,IND,Salem (South),Salem,Central,GEN
90,SANTHOSH. S,IND,92,87.72,IND,Salem (South),Salem,Central,GEN
90,PRAVEEN KUMAR. M,IND,91,87.72,IND,Salem (South),Salem,Central,GEN
90,PALANIAPPAN. M,IND,75,87.72,IND,Salem (South),Salem,Central,GEN
90,LOGANATHAN. M,IND,71,87.72,IND,Salem (South),Salem,Central,GEN
90,SUMATHI. P,IND,61,87.72,IND,Salem (South),Salem,Central,GEN
90,PARTHIBAN. V,IND,58,87.72,IND,Salem (South),Salem,Central,GEN
90,SUNDARAM. R,IND,56,87.72,IND,Salem (South),Salem,Central,GEN
90,PADMANAPAN. M,IND,40,87.72,IND,Salem (South),Salem,Central,GEN
91,PALANIVEL. M.S,TVK,79907,96.79,TVK,Veerapandi,Salem,Central,GEN
91,SRI BALAJI SUGUMAR. S,AIADMK,75836,96.79,AIADMK,Veerapandi,Salem,Central,GEN
91,THARUN. A.K,DMK,69296,96.79,DMK,Veerapandi,Salem,Central,GEN
91,RAJESHKUMAR. S,NTK,6820,96.79,NTK,Veerapandi,Salem,Central,GEN
91,BRAMAMOORTHI. M,Tamizhaga Vaazhvurimai Katchi,642,96.79,Tamizhaga Vaazhvurimai Katchi,Veerapandi,Salem,Central,GEN
91,NOTA,NOTA,594,96.79,NOTA,Veerapandi,Salem,Central,GEN
91,PALANISAMY. P,IND,449,96.79,IND,Veerapandi,Salem,Central,GEN
91,ANBAZHAGAN. P,Communist Party of India (Marxist-Leninist) (Liberation),437,96.79,Communist Party of India (Marxist-Leninist) (Liberation),Veerapandi,Salem,Central,GEN
91,SAKTHIVEL. M,Naadaalum Makkal Katchi,397,96.79,Naadaalum Makkal Katchi,Veerapandi,Salem,Central,GEN
91,PRABHU. V,IND,349,96.79,IND,Veerapandi,Salem,Central,GEN
91,VAIDESSWARA PRASAD. N,IND,197,96.79,IND,Veerapandi,Salem,Central,GEN
91,INDRAJITH GUPTHA. G,IND,153,96.79,IND,Veerapandi,Salem,Central,GEN
91,TAMILARASAN. D,IND,142,96.79,IND,Veerapandi,Salem,Central,GEN
91,SENTHILKUMAR. M,IND,135,96.79,IND,Veerapandi,Salem,Central,GEN
91,DEVENDHIRAPRABU. M,IND,103,96.79,IND,Veerapandi,Salem,Central,GEN
91,GOPI. R,IND,96,96.79,IND,Veerapandi,Salem,Central,GEN
91,KARTHI. R,IND,80,96.79,IND,Veerapandi,Salem,Central,GEN
91,JAYAVEL. M,IND,79,96.79,IND,Veerapandi,Salem,Central,GEN
91,GOPINATH. B,IND,58,96.79,IND,Veerapandi,Salem,Central,GEN
91,KAVITHA. M.P,IND,56,96.79,IND,Veerapandi,Salem,Central,GEN
91,RANGANATHAN. D,IND,49,96.79,IND,Veerapandi,Salem,Central,GEN
92,LOGESH TAMILSELVAN D,TVK,74808,94.46,TVK,Rasipuram,Namakkal,Central,SC
92,PREMKUMAR S D,BJP,60297,94.46,BJP,Rasipuram,Namakkal,Central,SC
92,MATHIVENTHAN M DR,DMK,57854,94.46,DMK,Rasipuram,Namakkal,Central,SC
92,SASIKALA S,NTK,6415,94.46,NTK,Rasipuram,Namakkal,Central,SC
92,MURUGESAN A,IND,1292,94.46,IND,Rasipuram,Namakkal,Central,SC
92,NOTA,NOTA,863,94.46,NOTA,Rasipuram,Namakkal,Central,SC
92,RAJESHKANNAN R,IND,472,94.46,IND,Rasipuram,Namakkal,Central,SC
92,ARULKUMAR P,Ganasangam Party of India,462,94.46,Ganasangam Party of India,Rasipuram,Namakkal,Central,SC
92,NEPPOLIYAN K,IND,428,94.46,IND,Rasipuram,Namakkal,Central,SC
92,RAMADASS D,Samaniya Makkal Nala Katchi,348,94.46,Samaniya Makkal Nala Katchi,Rasipuram,Namakkal,Central,SC
92,MUNIYAPPAN M,Puthiya Tamilagam,243,94.46,Puthiya Tamilagam,Rasipuram,Namakkal,Central,SC
92,ARULRAJU G,Anaithinthiya Anna Dravida Makkal Seyal katchi,183,94.46,Anaithinthiya Anna Dravida Makkal Seyal katchi,Rasipuram,Namakkal,Central,SC
92,AMPULIMADHAN M,IND,183,94.46,IND,Rasipuram,Namakkal,Central,SC
92,NAGARAJAN K,IND,179,94.46,IND,Rasipuram,Namakkal,Central,SC
92,MANIKANDAN C,IND,175,94.46,IND,Rasipuram,Namakkal,Central,SC
92,THANGAMANI S,IND,147,94.46,IND,Rasipuram,Namakkal,Central,SC
92,KRISHNAMOORTHI P,Tamizhaga Vaazhvurimai Katchi,121,94.46,Tamizhaga Vaazhvurimai Katchi,Rasipuram,Namakkal,Central,SC
92,JAYANTHI M,IND,118,94.46,IND,Rasipuram,Namakkal,Central,SC
92,TAMILAZHAGAN M,IND,92,94.46,IND,Rasipuram,Namakkal,Central,SC
93,P CHANDRASEKAR,TVK,68815,95.44,TVK,Sendamangalam,Namakkal,Central,ST
93,C CHANDRASEKARAN,AIADMK,66160,95.44,AIADMK,Sendamangalam,Namakkal,Central,ST
93,P POOMALAR,DMK,64951,95.44,DMK,Sendamangalam,Namakkal,Central,ST
93,PONNUMANI C,NTK,6478,95.44,NTK,Sendamangalam,Namakkal,Central,ST
93,NOTA,NOTA,1211,95.44,NOTA,Sendamangalam,Namakkal,Central,ST
93,K RAMESH,IND,605,95.44,IND,Sendamangalam,Namakkal,Central,ST
93,E MANIKANDAN,IND,429,95.44,IND,Sendamangalam,Namakkal,Central,ST
93,M SWAMINATHAN,IND,260,95.44,IND,Sendamangalam,Namakkal,Central,ST
93,A BALAMUGAN,IND,259,95.44,IND,Sendamangalam,Namakkal,Central,ST
93,K DURAISAMY,Ganasangam Party of India,199,95.44,Ganasangam Party of India,Sendamangalam,Namakkal,Central,ST
93,C JAGANATHAN,All India Puratchi Thalaivar Makkal Munnettra Kazhagam,113,95.44,All India Puratchi Thalaivar Makkal Munnettra Kazhagam,Sendamangalam,Namakkal,Central,ST
93,P RAMASAMY,Tamizhaga Vaazhvurimai Katchi,111,95.44,Tamizhaga Vaazhvurimai Katchi,Sendamangalam,Namakkal,Central,ST
93,C SUTHAN,IND,96,95.44,IND,Sendamangalam,Namakkal,Central,ST
94,DILIP C S,TVK,79744,91.75,TVK,Namakkal,Namakkal,Central,GEN
94,SRIDEVI MOHAN P S,AIADMK,68736,91.75,AIADMK,Namakkal,Namakkal,Central,GEN
94,RANI P,DMK,52808,91.75,DMK,Namakkal,Namakkal,Central,GEN
94,PRAVEENKUMAR K,NTK,6286,91.75,NTK,Namakkal,Namakkal,Central,GEN
94,NOTA,NOTA,760,91.75,NOTA,Namakkal,Namakkal,Central,GEN
94,CHANDRA P,IND,322,91.75,IND,Namakkal,Namakkal,Central,GEN
94,THIYAGARAJAN R,Samaniya Makkal Nala Katchi,320,91.75,Samaniya Makkal Nala Katchi,Namakkal,Namakkal,Central,GEN
94,RAMASAMY P,Bahujan Samaj Party,296,91.75,BSP,Namakkal,Namakkal,Central,GEN
94,AADITHIYAN A,Anna Puratchi Thalaivar Amma Dravida Munnetra Kazhagam,279,91.75,Anna Puratchi Thalaivar Amma Dravida Munnetra Kazhagam,Namakkal,Namakkal,Central,GEN
94,NATARAJAN M,IND,225,91.75,IND,Namakkal,Namakkal,Central,GEN
94,GANDHIAN RAMESH T,Ahimsa Socialist Party,213,91.75,Ahimsa Socialist Party,Namakkal,Namakkal,Central,GEN
94,ABINESHKUMAR T,IND,213,91.75,IND,Namakkal,Namakkal,Central,GEN
94,ARAVINTH S,IND,193,91.75,IND,Namakkal,Namakkal,Central,GEN
94,MANIKANDAN R,IND,191,91.75,IND,Namakkal,Namakkal,Central,GEN
94,MUTHUSAMY S,IND,179,91.75,IND,Namakkal,Namakkal,Central,GEN
94,JAYAKUMAR R,IND,168,91.75,IND,Namakkal,Namakkal,Central,GEN
94,KANAKARAJ K,IND,159,91.75,IND,Namakkal,Namakkal,Central,GEN
94,PALANISAMY M P,All India Puratchi Thalaivar Makkal Munnettra Kazhagam,149,91.75,All India Puratchi Thalaivar Makkal Munnettra Kazhagam,Namakkal,Namakkal,Central,GEN
94,SURESHKANNAN P,Ganasangam Party of India,146,91.75,Ganasangam Party of India,Namakkal,Namakkal,Central,GEN
94,MATHESWARAN C,Puthiya Tamilagam,146,91.75,Puthiya Tamilagam,Namakkal,Namakkal,Central,GEN
94,RAMESH A,IND,114,91.75,IND,Namakkal,Namakkal,Central,GEN
94,JAYARAMAN M,IND,113,91.75,IND,Namakkal,Namakkal,Central,GEN
94,MOHAN P,IND,111,91.75,IND,Namakkal,Namakkal,Central,GEN
94,STALIN R,IND,99,91.75,IND,Namakkal,Namakkal,Central,GEN
94,MAHENDRAN P,Anaithinthiya Anna Dravida Makkal Seyal katchi,96,91.75,Anaithinthiya Anna Dravida Makkal Seyal katchi,Namakkal,Namakkal,Central,GEN
94,NETAJIKAVIARASU V,IND,92,91.75,IND,Namakkal,Namakkal,Central,GEN
94,MOHAN S,IND,71,91.75,IND,Namakkal,Namakkal,Central,GEN
94,MOHAN M,IND,54,91.75,IND,Namakkal,Namakkal,Central,GEN
95,SEKAR S,AIADMK,61349,92.2,AIADMK,Paramathi-Velur,Namakkal,Central,GEN
95,MOORTHIY K S,DMK,61041,92.2,DMK,Paramathi-Velur,Namakkal,Central,GEN
95,NANDAKUMAR A,TVK,56067,92.2,TVK,Paramathi-Velur,Namakkal,Central,GEN
95,ARAVIND M,NTK,5727,92.2,NTK,Paramathi-Velur,Namakkal,Central,GEN
95,NOTA,NOTA,449,92.2,NOTA,Paramathi-Velur,Namakkal,Central,GEN
95,SHAILAJA,Tamizhaga Vaazhvurimai Katchi,444,92.2,Tamizhaga Vaazhvurimai Katchi,Paramathi-Velur,Namakkal,Central,GEN
95,MANOJKUMAR M,IND,338,92.2,IND,Paramathi-Velur,Namakkal,Central,GEN
95,SELVARASU S,Anna Puratchi Thalaivar Amma Dravida Munnetra Kazhagam,334,92.2,Anna Puratchi Thalaivar Amma Dravida Munnetra Kazhagam,Paramathi-Velur,Namakkal,Central,GEN
95,SEKAR C,IND,309,92.2,IND,Paramathi-Velur,Namakkal,Central,GEN
95,RAMAN V,Bahujan Samaj Party,259,92.2,BSP,Paramathi-Velur,Namakkal,Central,GEN
95,SEKAR V,IND,249,92.2,IND,Paramathi-Velur,Namakkal,Central,GEN
95,RAJA R,IND,232,92.2,IND,Paramathi-Velur,Namakkal,Central,GEN
95,GOPALAN G,IND,231,92.2,IND,Paramathi-Velur,Namakkal,Central,GEN
95,PARAMESHWARI S,IND,192,92.2,IND,Paramathi-Velur,Namakkal,Central,GEN
95,SUDHARSAN K,IND,172,92.2,IND,Paramathi-Velur,Namakkal,Central,GEN
95,PALANISAMY S,IND,169,92.2,IND,Paramathi-Velur,Namakkal,Central,GEN
95,KANDASAMY S,IND,158,92.2,IND,Paramathi-Velur,Namakkal,Central,GEN
95,VIJAY SURYABHALAAJI K R,All India Puratchi Thalaivar Makkal Munnettra Kazhagam,137,92.2,All India Puratchi Thalaivar Makkal Munnettra Kazhagam,Paramathi-Velur,Namakkal,Central,GEN
95,BAKKIAM P,Anaithinthiya Anna Dravida Makkal Seyal katchi,116,92.2,Anaithinthiya Anna Dravida Makkal Seyal katchi,Paramathi-Velur,Namakkal,Central,GEN
95,PRATHAP K,IND,112,92.2,IND,Paramathi-Velur,Namakkal,Central,GEN
95,THANGARASU M,IND,100,92.2,IND,Paramathi-Velur,Namakkal,Central,GEN
95,LATHA A,IND,90,92.2,IND,Paramathi-Velur,Namakkal,Central,GEN
95,KARTHIK R,IND,83,92.2,IND,Paramathi-Velur,Namakkal,Central,GEN
95,SURESH R,IND,82,92.2,IND,Paramathi-Velur,Namakkal,Central,GEN
95,RAMASAMY N,IND,71,92.2,IND,Paramathi-Velur,Namakkal,Central,GEN
95,MURTHI,IND,53,92.2,IND,Paramathi-Velur,Namakkal,Central,GEN
95,RAMESH R,IND,53,92.2,IND,Paramathi-Velur,Namakkal,Central,GEN
95,VIJAYAKUMAR A,IND,53,92.2,IND,Paramathi-Velur,Namakkal,Central,GEN
95,BALAJI R,IND,52,92.2,IND,Paramathi-Velur,Namakkal,Central,GEN
95,RANJITH K,IND,50,92.2,IND,Paramathi-Velur,Namakkal,Central,GEN
95,RAMESH P,IND,37,92.2,IND,Paramathi-Velur,Namakkal,Central,GEN
95,MOORTHI M,IND,36,92.2,IND,Paramathi-Velur,Namakkal,Central,GEN
96,ARUNRAJ K G,TVK,79500,90.87,TVK,Tiruchengode,Namakkal,Central,GEN
96,SRMT SEKAR (A) CHANDRASEKAR R,AIADMK,51328,90.87,AIADMK,Tiruchengode,Namakkal,Central,GEN
96,ESWARAN E R,DMK,49465,90.87,DMK,Tiruchengode,Namakkal,Central,GEN
96,REVATHI K,NTK,6085,90.87,NTK,Tiruchengode,Namakkal,Central,GEN
96,SARAVANASUNDARAM S,IND,1190,90.87,IND,Tiruchengode,Namakkal,Central,GEN
96,NOTA,NOTA,520,90.87,NOTA,Tiruchengode,Namakkal,Central,GEN
96,DEEPAKRAJAN V,IND,497,90.87,IND,Tiruchengode,Namakkal,Central,GEN
96,SHARAVANAN A K,Tamizhaga Vaazhvurimai Katchi,354,90.87,Tamizhaga Vaazhvurimai Katchi,Tiruchengode,Namakkal,Central,GEN
96,PALANISAMY K,IND,324,90.87,IND,Tiruchengode,Namakkal,Central,GEN
96,RAMESH S,IND,298,90.87,IND,Tiruchengode,Namakkal,Central,GEN
96,CHINNATHAMBI K,Republican Party of India (Athawale),296,90.87,Republican Party of India (Athawale),Tiruchengode,Namakkal,Central,GEN
96,SATHEESKUMAR P,IND,251,90.87,IND,Tiruchengode,Namakkal,Central,GEN
96,DHINESH KARIKALAN,IND,247,90.87,IND,Tiruchengode,Namakkal,Central,GEN
96,BALAJI CHEZHIAN P,IND,189,90.87,IND,Tiruchengode,Namakkal,Central,GEN
96,RAJAKUMAR P,IND,96,90.87,IND,Tiruchengode,Namakkal,Central,GEN
96,ESWARAN M,IND,93,90.87,IND,Tiruchengode,Namakkal,Central,GEN
96,DHANAPAL SUBRAMANIYAM,Anaithinthiya Anna Dravida Makkal Seyal katchi,91,90.87,Anaithinthiya Anna Dravida Makkal Seyal katchi,Tiruchengode,Namakkal,Central,GEN
96,VISWANATHAN P,IND,53,90.87,IND,Tiruchengode,Namakkal,Central,GEN
96,THIRUKKUMARAN P,Makkal Munnetra Katchi,52,90.87,Makkal Munnetra Katchi,Tiruchengode,Namakkal,Central,GEN
96,ARULPRAKASAM S,IND,49,90.87,IND,Tiruchengode,Namakkal,Central,GEN
96,MAHESHKUMAR N,IND,45,90.87,IND,Tiruchengode,Namakkal,Central,GEN
96,MUNUSAMY A T,Samaniya Makkal Nala Katchi,38,90.87,Samaniya Makkal Nala Katchi,Tiruchengode,Namakkal,Central,GEN
96,REVANTH S N,IND,37,90.87,IND,Tiruchengode,Namakkal,Central,GEN
96,ARJUNAN L K,IND,24,90.87,IND,Tiruchengode,Namakkal,Central,GEN
97,C.VIJAYALAKSHMI,TVK,81179,88.28,TVK,Kumarapalayam,Namakkal,Central,GEN
97,P.THANGAMANI,AIADMK,73483,88.28,AIADMK,Kumarapalayam,Namakkal,Central,GEN
97,S.BALU,DMK,39993,88.28,DMK,Kumarapalayam,Namakkal,Central,GEN
97,UVARANI SURESH,NTK,7663,88.28,NTK,Kumarapalayam,Namakkal,Central,GEN
97,NOTA,NOTA,665,88.28,NOTA,Kumarapalayam,Namakkal,Central,GEN
97,SELVARAJ,IND,437,88.28,IND,Kumarapalayam,Namakkal,Central,GEN
97,K. PALANIVEL,IND,326,88.28,IND,Kumarapalayam,Namakkal,Central,GEN
97,PANNERSELVAM,Anaithinthiya Anna Dravida Makkal Seyal katchi,233,88.28,Anaithinthiya Anna Dravida Makkal Seyal katchi,Kumarapalayam,Namakkal,Central,GEN
97,A.MURUGANANDHAN,IND,185,88.28,IND,Kumarapalayam,Namakkal,Central,GEN
97,P.SENTHILKUMAR,IND,184,88.28,IND,Kumarapalayam,Namakkal,Central,GEN
97,J KARTHI,Vishwa Tamil Kazhagam,142,88.28,Vishwa Tamil Kazhagam,Kumarapalayam,Namakkal,Central,GEN
97,AMIRTHALINGAM,IND,128,88.28,IND,Kumarapalayam,Namakkal,Central,GEN
97,KARTHI,IND,120,88.28,IND,Kumarapalayam,Namakkal,Central,GEN
97,R.KUMARESAN,IND,97,88.28,IND,Kumarapalayam,Namakkal,Central,GEN
97,S JAYAVEL,IND,75,88.28,IND,Kumarapalayam,Namakkal,Central,GEN
97,G. SAMUELRAJ,IND,72,88.28,IND,Kumarapalayam,Namakkal,Central,GEN
97,PALANISAMY,Samaniya Makkal Nala Katchi,71,88.28,Samaniya Makkal Nala Katchi,Kumarapalayam,Namakkal,Central,GEN
97,SIVARAJ,IND,68,88.28,IND,Kumarapalayam,Namakkal,Central,GEN
97,R.RAJA,IND,65,88.28,IND,Kumarapalayam,Namakkal,Central,GEN
97,SARAVANAN,IND,56,88.28,IND,Kumarapalayam,Namakkal,Central,GEN
97,GOPALAKRISHNAN,IND,52,88.28,IND,Kumarapalayam,Namakkal,Central,GEN
97,VENKATACHALAM,IND,30,88.28,IND,Kumarapalayam,Namakkal,Central,GEN
98,M.VIJAY BALAJI,TVK,69747,79.01,TVK,Erode (East),Erode,Kongu,GEN
98,GOPINATH PALANIYAPPAN,INC,45781,79.01,INC,Erode (East),Erode,Kongu,GEN
98,R.MANOHARAN,AIADMK,38183,79.01,AIADMK,Erode (East),Erode,Kongu,GEN
98,S.THANDAVAMOORTHY,NTK,4987,79.01,NTK,Erode (East),Erode,Kongu,GEN
98,NOTA,NOTA,879,79.01,NOTA,Erode (East),Erode,Kongu,GEN
98,J.MUTHU BAVA,IND,858,79.01,IND,Erode (East),Erode,Kongu,GEN
98,H.MOHAMED GAIPEER,IND,321,79.01,IND,Erode (East),Erode,Kongu,GEN
98,B.CHITRA,Bahujan Samaj Party,256,79.01,BSP,Erode (East),Erode,Kongu,GEN
98,M.KAMAL KUMAR,Vishwa Tamil Kazhagam,227,79.01,Vishwa Tamil Kazhagam,Erode (East),Erode,Kongu,GEN
98,R.VAIRAM,IND,196,79.01,IND,Erode (East),Erode,Kongu,GEN
98,K.MANIKANNAN,Samaniya Makkal Nala Katchi,173,79.01,Samaniya Makkal Nala Katchi,Erode (East),Erode,Kongu,GEN
98,NATHIYA.S,IND,136,79.01,IND,Erode (East),Erode,Kongu,GEN
98,C.THIYAGARAJAN,IND,132,79.01,IND,Erode (East),Erode,Kongu,GEN
98,M.DHARANI KUMAR,IND,96,79.01,IND,Erode (East),Erode,Kongu,GEN
98,A.MANIKANDAN,Tamizhaga Vaazhvurimai Katchi,86,79.01,Tamizhaga Vaazhvurimai Katchi,Erode (East),Erode,Kongu,GEN
98,K.DHAVASIAPPAN,Tamilaga Makkal Nala Katchi,80,79.01,Tamilaga Makkal Nala Katchi,Erode (East),Erode,Kongu,GEN
98,R.DHANDAPANI,Veerath Thiyagi Viswanathadoss Thozhilalarkal Katchi,76,79.01,Veerath Thiyagi Viswanathadoss Thozhilalarkal Katchi,Erode (East),Erode,Kongu,GEN
98,S.LAKSHMANATHAN,IND,67,79.01,IND,Erode (East),Erode,Kongu,GEN
98,M.V.KARTHY,IND,66,79.01,IND,Erode (East),Erode,Kongu,GEN
98,SHANMUGAM.P,IND,55,79.01,IND,Erode (East),Erode,Kongu,GEN
98,M.MURUGESAN,IND,51,79.01,IND,Erode (East),Erode,Kongu,GEN
99,ANANTH MOGHAN K.K.,TVK,96836,81.21,TVK,Erode (West),Erode,Kongu,GEN
99,S. MUTHUSAMY,DMK,74586,81.21,DMK,Erode (West),Erode,Kongu,GEN
99,M. YUVARAJA,BJP,38185,81.21,BJP,Erode (West),Erode,Kongu,GEN
99,N. VIJAY,NTK,8124,81.21,NTK,Erode (West),Erode,Kongu,GEN
99,NOTA,NOTA,1257,81.21,NOTA,Erode (West),Erode,Kongu,GEN
99,V . PALANI,Bahujan Samaj Party,516,81.21,BSP,Erode (West),Erode,Kongu,GEN
99,K. KALAIYARASAN,Party for the Rights of Other backward Classes,439,81.21,Party for the Rights of Other backward Classes,Erode (West),Erode,Kongu,GEN
99,C. RAJENDRAN,IND,332,81.21,IND,Erode (West),Erode,Kongu,GEN
99,SHANMUGAM M.,IND,235,81.21,IND,Erode (West),Erode,Kongu,GEN
99,A. RAMU,IND,227,81.21,IND,Erode (West),Erode,Kongu,GEN
99,MOORTHI P.,IND,205,81.21,IND,Erode (West),Erode,Kongu,GEN
99,M. NATARAJ,Vishwa Tamil Kazhagam,177,81.21,Vishwa Tamil Kazhagam,Erode (West),Erode,Kongu,GEN
99,V. DHANALAKSHMI,Tamizhaga Vaazhvurimai Katchi,163,81.21,Tamizhaga Vaazhvurimai Katchi,Erode (West),Erode,Kongu,GEN
99,M. RUKMANI,Samaniya Makkal Nala Katchi,118,81.21,Samaniya Makkal Nala Katchi,Erode (West),Erode,Kongu,GEN
100,D.SHANMUGAN,TVK,60715,84.7,TVK,Modakurichi,Erode,Kongu,GEN
100,S.KIRTHIKA,BJP,58285,84.7,BJP,Modakurichi,Erode,Kongu,GEN
100,S.SENTHILNATHAN,DMK,58236,84.7,DMK,Modakurichi,Erode,Kongu,GEN
100,M.ARUNKUMAR,NTK,6723,84.7,NTK,Modakurichi,Erode,Kongu,GEN
100,R.KARTHIKEYAN,Tamizhaga Vaazhvurimai Katchi,2239,84.7,Tamizhaga Vaazhvurimai Katchi,Modakurichi,Erode,Kongu,GEN
100,NOTA,NOTA,925,84.7,NOTA,Modakurichi,Erode,Kongu,GEN
100,R.VELUSAMY,IND,918,84.7,IND,Modakurichi,Erode,Kongu,GEN
100,K.MUNIYAPPAN,Bahujan Samaj Party,651,84.7,BSP,Modakurichi,Erode,Kongu,GEN
100,L.BHARATHI,IND,585,84.7,IND,Modakurichi,Erode,Kongu,GEN
100,A.DURAISAMY,IND,303,84.7,IND,Modakurichi,Erode,Kongu,GEN
100,K.DHANABAL,IND,284,84.7,IND,Modakurichi,Erode,Kongu,GEN
100,A.KATHIRVEL,IND,245,84.7,IND,Modakurichi,Erode,Kongu,GEN
100,R.NATARAJAN,IND,227,84.7,IND,Modakurichi,Erode,Kongu,GEN
100,M.RAVIKUMAR,Ganasangam Party of India,223,84.7,Ganasangam Party of India,Modakurichi,Erode,Kongu,GEN
100,M.RAMESH,Namathu Kongu Munnetra Kalagam,200,84.7,Namathu Kongu Munnetra Kalagam,Modakurichi,Erode,Kongu,GEN
101,SATHYABAMA.P,AIADMK,81100,90.27,AIADMK,Dharapuram,Erode,Kongu,SC
101,INDIRANI.T,DMK,64373,90.27,DMK,Dharapuram,Erode,Kongu,SC
101,GOWRI CHITRA,TVK,46438,90.27,TVK,Dharapuram,Erode,Kongu,SC
101,DHIVYA,NTK,6026,90.27,NTK,Dharapuram,Erode,Kongu,SC
101,NOTA,NOTA,1058,90.27,NOTA,Dharapuram,Erode,Kongu,SC
101,ROHINI.S,IND,357,90.27,IND,Dharapuram,Erode,Kongu,SC
101,MOHANRAJ.M,IND,174,90.27,IND,Dharapuram,Erode,Kongu,SC
101,ANANTHI.S,IND,151,90.27,IND,Dharapuram,Erode,Kongu,SC
101,INDHIRANI.C,IND,142,90.27,IND,Dharapuram,Erode,Kongu,SC
101,GOWRI.P,IND,125,90.27,IND,Dharapuram,Erode,Kongu,SC
102,NSN NATARAJ,AIADMK,71122,91.75,AIADMK,Kangayam,Erode,Kongu,GEN
102,MANI GOUNDER,TVK,62989,91.75,TVK,Kangayam,Erode,Kongu,GEN
102,M.P.SAMINATHAN,DMK,59230,91.75,DMK,Kangayam,Erode,Kongu,GEN
102,KARMEGAN.M,NTK,7068,91.75,NTK,Kangayam,Erode,Kongu,GEN
102,NOTA,NOTA,706,91.75,NOTA,Kangayam,Erode,Kongu,GEN
102,P.THIRUGNANASAMBANTHAM,Party for the Rights of Other backward Classes,499,91.75,Party for the Rights of Other backward Classes,Kangayam,Erode,Kongu,GEN
102,P.PARTHIBAN,IND,312,91.75,IND,Kangayam,Erode,Kongu,GEN
102,R. IMMANUVEL,IND,282,91.75,IND,Kangayam,Erode,Kongu,GEN
102,P.MANI,IND,274,91.75,IND,Kangayam,Erode,Kongu,GEN
102,B.RAJENDRAN,IND,265,91.75,IND,Kangayam,Erode,Kongu,GEN
102,PALANISAMY,IND,203,91.75,IND,Kangayam,Erode,Kongu,GEN
102,R.VIJAYALAKSHMI,Ganasangam Party of India,176,91.75,Ganasangam Party of India,Kangayam,Erode,Kongu,GEN
102,KARTHIKEYAN,IND,164,91.75,IND,Kangayam,Erode,Kongu,GEN
102,GOWTHAM,IND,98,91.75,IND,Kangayam,Erode,Kongu,GEN
102,T.NATARAJ,IND,78,91.75,IND,Kangayam,Erode,Kongu,GEN
102,K.ARUMUGAM,IND,68,91.75,IND,Kangayam,Erode,Kongu,GEN
103,JAYAKUMAR. S,AIADMK,70302,92.79,AIADMK,Perundurai,Erode,Kongu,GEN
103,THOPPU VENKATACHALAM (ALIAS) N.D. VENKATACHALAM,DMK,60609,92.79,DMK,Perundurai,Erode,Kongu,GEN
103,ARUNACHALAM. V. P,TVK,59483,92.79,TVK,Perundurai,Erode,Kongu,GEN
103,INGUR. C. LOGANATHAN,NTK,6468,92.79,NTK,Perundurai,Erode,Kongu,GEN
103,VENKATACHALAM. C,IND,878,92.79,IND,Perundurai,Erode,Kongu,GEN
103,NOTA,NOTA,812,92.79,NOTA,Perundurai,Erode,Kongu,GEN
103,ESWARAN. P,Bahujan Samaj Party,565,92.79,BSP,Perundurai,Erode,Kongu,GEN
103,GEORGE STEPHEN. A,IND,345,92.79,IND,Perundurai,Erode,Kongu,GEN
103,JAYAPRAKASH. K,IND,289,92.79,IND,Perundurai,Erode,Kongu,GEN
103,SHANTHOSH KRISHNAN. S,Tamizhaga Vaazhvurimai Katchi,271,92.79,Tamizhaga Vaazhvurimai Katchi,Perundurai,Erode,Kongu,GEN
103,SANTHOSH. S,IND,259,92.79,IND,Perundurai,Erode,Kongu,GEN
103,PALANISAMY. M,IND,174,92.79,IND,Perundurai,Erode,Kongu,GEN
103,SELVARAJU. M,IND,154,92.79,IND,Perundurai,Erode,Kongu,GEN
103,VALARMATHI. P,Samaniya Makkal Nala Katchi,77,92.79,Samaniya Makkal Nala Katchi,Perundurai,Erode,Kongu,GEN
104,KARUPPANAN. K.C,AIADMK,75577,94.93,AIADMK,Bhavani,Erode,Kongu,GEN
104,BALAKRISHNAN,TVK,68181,94.93,TVK,Bhavani,Erode,Kongu,GEN
104,CHANDRASEKAR. K.A,DMK,54087,94.93,DMK,Bhavani,Erode,Kongu,GEN
104,MOHANADEVI. R,NTK,6195,94.93,NTK,Bhavani,Erode,Kongu,GEN
104,NOTA,NOTA,1409,94.93,NOTA,Bhavani,Erode,Kongu,GEN
104,MANIKKAM. P,IND,526,94.93,IND,Bhavani,Erode,Kongu,GEN
104,SEKAR. K,Bahujan Samaj Party,456,94.93,BSP,Bhavani,Erode,Kongu,GEN
104,ARUMUGAM. P.V,IND,382,94.93,IND,Bhavani,Erode,Kongu,GEN
104,PALANISAMY. P.K,Tamizhaga Vaazhvurimai Katchi,354,94.93,Tamizhaga Vaazhvurimai Katchi,Bhavani,Erode,Kongu,GEN
104,KANNAN. M,IND,331,94.93,IND,Bhavani,Erode,Kongu,GEN
104,VIMALRAJ. R,Makkal Munnetra Katchi,253,94.93,Makkal Munnetra Katchi,Bhavani,Erode,Kongu,GEN
104,PERUMAL. V.M,IND,210,94.93,IND,Bhavani,Erode,Kongu,GEN
104,BOOPATHI RAJARAJA CHOZHAN. M,IND,134,94.93,IND,Bhavani,Erode,Kongu,GEN
104,KARTHIKEYAN. P,IND,127,94.93,IND,Bhavani,Erode,Kongu,GEN
104,PARASAKTHI. P,Samaniya Makkal Nala Katchi,101,94.93,Samaniya Makkal Nala Katchi,Bhavani,Erode,Kongu,GEN
105,HARIBASKAR.P,AIADMK,60042,91.38,AIADMK,Anthiyur,Erode,Kongu,GEN
105,SIVABALAN.M,DMK,58782,91.38,DMK,Anthiyur,Erode,Kongu,GEN
105,VIJAY VENKATESH.M,TVK,56372,91.38,TVK,Anthiyur,Erode,Kongu,GEN
105,AALANGATTUR ANANDHI,NTK,5287,91.38,NTK,Anthiyur,Erode,Kongu,GEN
105,VEERAN.K,IND,990,91.38,IND,Anthiyur,Erode,Kongu,GEN
105,DHANABAL.C,IND,782,91.38,IND,Anthiyur,Erode,Kongu,GEN
105,NOTA,NOTA,754,91.38,NOTA,Anthiyur,Erode,Kongu,GEN
105,RAMASAMY.S,Samaniya Makkal Nala Katchi,611,91.38,Samaniya Makkal Nala Katchi,Anthiyur,Erode,Kongu,GEN
105,GOBAL.S.C.R,Aanaithinthiya Jananayaka Pathukappu Kazhagam,432,91.38,Aanaithinthiya Jananayaka Pathukappu Kazhagam,Anthiyur,Erode,Kongu,GEN
105,EASWARAMURTHI.K,Tamizhaga Vaazhvurimai Katchi,390,91.38,Tamizhaga Vaazhvurimai Katchi,Anthiyur,Erode,Kongu,GEN
105,KAVIBHARATHI.K,Bahujan Samaj Party,380,91.38,BSP,Anthiyur,Erode,Kongu,GEN
105,SANKARKUMAR.K.A,IND,330,91.38,IND,Anthiyur,Erode,Kongu,GEN
105,SHEIK DAVOOD.A.M,IND,250,91.38,IND,Anthiyur,Erode,Kongu,GEN
105,KARTHI.M,IND,197,91.38,IND,Anthiyur,Erode,Kongu,GEN
105,SELVI.A,IND,176,91.38,IND,Anthiyur,Erode,Kongu,GEN
106,SENGOTTAIYAN.K.A,TVK,82612,97.83,TVK,Gobichettipalayam,Tirupur,Kongu,GEN
106,NALLASIVAM.N,DMK,65992,97.83,DMK,Gobichettipalayam,Tirupur,Kongu,GEN
106,PRABHU.V.B,AIADMK,56232,97.83,AIADMK,Gobichettipalayam,Tirupur,Kongu,GEN
106,SEETHALAKSHMI.M.K,NTK,8137,97.83,NTK,Gobichettipalayam,Tirupur,Kongu,GEN
106,THIRUVENGATESH.M,Tamizhaga Vaazhvurimai Katchi,1746,97.83,Tamizhaga Vaazhvurimai Katchi,Gobichettipalayam,Tirupur,Kongu,GEN
106,NOTA,NOTA,907,97.83,NOTA,Gobichettipalayam,Tirupur,Kongu,GEN
106,RAVIKUMAR.R,Bahujan Samaj Party,760,97.83,BSP,Gobichettipalayam,Tirupur,Kongu,GEN
106,PALANISAMYRAAJ.M,IND,539,97.83,IND,Gobichettipalayam,Tirupur,Kongu,GEN
106,BHUVANESHWARI.A,IND,499,97.83,IND,Gobichettipalayam,Tirupur,Kongu,GEN
106,VENKATACHALAM,IND,470,97.83,IND,Gobichettipalayam,Tirupur,Kongu,GEN
106,DHANAPAL.K,IND,349,97.83,IND,Gobichettipalayam,Tirupur,Kongu,GEN
106,SUMATHI.G,IND,332,97.83,IND,Gobichettipalayam,Tirupur,Kongu,GEN
106,SELVAKUMAR.R,IND,292,97.83,IND,Gobichettipalayam,Tirupur,Kongu,GEN
106,MALARVIZHI,Party for the Rights of Other backward Classes,197,97.83,Party for the Rights of Other backward Classes,Gobichettipalayam,Tirupur,Kongu,GEN
106,ANANDHAKUMAR.M,IND,161,97.83,IND,Gobichettipalayam,Tirupur,Kongu,GEN
106,RAMESH.P,IND,149,97.83,IND,Gobichettipalayam,Tirupur,Kongu,GEN
106,SEETHA.R,IND,139,97.83,IND,Gobichettipalayam,Tirupur,Kongu,GEN
106,SAKTHIVEL.G,IND,114,97.83,IND,Gobichettipalayam,Tirupur,Kongu,GEN
106,SHANMUGAM.G,IND,100,97.83,IND,Gobichettipalayam,Tirupur,Kongu,GEN
107,V.P.TAMILSELVI,TVK,72391,90.17,TVK,Bhavanisagar,Tirupur,Kongu,SC
107,A.BANNARI,AIADMK,67822,90.17,AIADMK,Bhavanisagar,Tirupur,Kongu,SC
107,P.L.SUNDARAM,CPI,63107,90.17,CPI,Bhavanisagar,Tirupur,Kongu,SC
107,S.SOUNDARYA,NTK,5832,90.17,NTK,Bhavanisagar,Tirupur,Kongu,SC
107,NOTA,NOTA,1804,90.17,NOTA,Bhavanisagar,Tirupur,Kongu,SC
107,B.PALANISWAMY,Bahujan Samaj Party,1029,90.17,BSP,Bhavanisagar,Tirupur,Kongu,SC
107,DR.HANUMAIAH.C,IND,556,90.17,IND,Bhavanisagar,Tirupur,Kongu,SC
107,RAMAKRISHNAN,IND,543,90.17,IND,Bhavanisagar,Tirupur,Kongu,SC
107,C.PALANICHAMY,IND,481,90.17,IND,Bhavanisagar,Tirupur,Kongu,SC
107,S.PALANISWAMY,IND,333,90.17,IND,Bhavanisagar,Tirupur,Kongu,SC
107,RAKKI,All India Puratchi Thalaivar Makkal Munnettra Kazhagam,327,90.17,All India Puratchi Thalaivar Makkal Munnettra Kazhagam,Bhavanisagar,Tirupur,Kongu,SC
107,GOPALAN.M,IND,193,90.17,IND,Bhavanisagar,Tirupur,Kongu,SC
107,A.AMRISH,IND,177,90.17,IND,Bhavanisagar,Tirupur,Kongu,SC
108,BHOJARAJAN.M,BJP,48488,78.34,BJP,Udhagamandalam,Tirupur,Kongu,GEN
108,IBRAHIM.R,TVK,47512,78.34,TVK,Udhagamandalam,Tirupur,Kongu,GEN
108,RAMACHANDRAN.B,INC,45658,78.34,INC,Udhagamandalam,Tirupur,Kongu,GEN
108,RAGUPATHY.B,NTK,4641,78.34,NTK,Udhagamandalam,Tirupur,Kongu,GEN
108,NOTA,NOTA,1525,78.34,NOTA,Udhagamandalam,Tirupur,Kongu,GEN
108,MANIAN.R,IND,462,78.34,IND,Udhagamandalam,Tirupur,Kongu,GEN
108,SAVEETHA.R,Tamizhaga Vaazhvurimai Katchi,418,78.34,Tamizhaga Vaazhvurimai Katchi,Udhagamandalam,Tirupur,Kongu,GEN
109,DHRAVIDAMANI.M,DMK,65590,83.93,DMK,Gudalur,Tirupur,Kongu,SC
109,PON.JAYASEELAN,AIADMK,42757,83.93,AIADMK,Gudalur,Tirupur,Kongu,SC
109,DEEPAK SAI KISHORE.A,TVK,34962,83.93,TVK,Gudalur,Tirupur,Kongu,SC
109,KARTHIK.R,NTK,6199,83.93,NTK,Gudalur,Tirupur,Kongu,SC
109,NOTA,NOTA,871,83.93,NOTA,Gudalur,Tirupur,Kongu,SC
109,THILAGARAJ.N,IND,443,83.93,IND,Gudalur,Tirupur,Kongu,SC
109,RAJ.S.K,Veerath Thiyagi Viswanathadoss Thozhilalarkal Katchi,419,83.93,Veerath Thiyagi Viswanathadoss Thozhilalarkal Katchi,Gudalur,Tirupur,Kongu,SC
110,M. RAJU,DMK,50470,82.34,DMK,Coonoor,Tirupur,Kongu,GEN
110,A. RAMU,AIADMK,42371,82.34,AIADMK,Coonoor,Tirupur,Kongu,GEN
110,C. THANGARAJU,TVK,42225,82.34,TVK,Coonoor,Tirupur,Kongu,GEN
110,K. DEENU,NTK,4695,82.34,NTK,Coonoor,Tirupur,Kongu,GEN
110,NOTA,NOTA,720,82.34,NOTA,Coonoor,Tirupur,Kongu,GEN
110,C. DINESH KUMAR,IND,573,82.34,IND,Coonoor,Tirupur,Kongu,GEN
110,D. VIDHYASAGAR,IND,340,82.34,IND,Coonoor,Tirupur,Kongu,GEN
111,SUNILANAND,TVK,75664,85.5,TVK,Mettupalayam,Tirupur,Kongu,GEN
111,SMT.KAVITHA KALYANASUNDARAM,DMK,67896,85.5,DMK,Mettupalayam,Tirupur,Kongu,GEN
111,O.K.CHINNARAJ,AIADMK,61736,85.5,AIADMK,Mettupalayam,Tirupur,Kongu,GEN
111,T.R.SHANMUGASUNDARAM,IND,26756,85.5,IND,Mettupalayam,Tirupur,Kongu,GEN
111,S.GOPALAKRISHNAN,NTK,6508,85.5,NTK,Mettupalayam,Tirupur,Kongu,GEN
111,NOTA,NOTA,839,85.5,NOTA,Mettupalayam,Tirupur,Kongu,GEN
111,V.SENTHIL KUMAR,IND,612,85.5,IND,Mettupalayam,Tirupur,Kongu,GEN
111,V.ANANDKUMAR,IND,596,85.5,IND,Mettupalayam,Tirupur,Kongu,GEN
111,R.CHINNARAJ,IND,586,85.5,IND,Mettupalayam,Tirupur,Kongu,GEN
111,S.ABDUL RAHIMAN,Veerath Thiyagi Viswanathadoss Thozhilalarkal Katchi,458,85.5,Veerath Thiyagi Viswanathadoss Thozhilalarkal Katchi,Mettupalayam,Tirupur,Kongu,GEN
111,"SIVARAJ,R.",Anna Puratchi Thalaivar Amma Dravida Munnetra Kazhagam,387,85.5,Anna Puratchi Thalaivar Amma Dravida Munnetra Kazhagam,Mettupalayam,Tirupur,Kongu,GEN
111,R.SANGEETHA,Naadaalum Makkal Katchi,356,85.5,Naadaalum Makkal Katchi,Mettupalayam,Tirupur,Kongu,GEN
111,"DHAMOTHARAN,V.",All India Puratchi Thalaivar Makkal Munnettra Kazhagam,296,85.5,All India Puratchi Thalaivar Makkal Munnettra Kazhagam,Mettupalayam,Tirupur,Kongu,GEN
111,S.KAVITHA,IND,263,85.5,IND,Mettupalayam,Tirupur,Kongu,GEN
111,N.SARAVANA KUMAR,IND,252,85.5,IND,Mettupalayam,Tirupur,Kongu,GEN
111,A.SATHIYALEELA,IND,238,85.5,IND,Mettupalayam,Tirupur,Kongu,GEN
111,C.MAHENDRAN,IND,190,85.5,IND,Mettupalayam,Tirupur,Kongu,GEN
111,C.NAGARAJ,Party for the Rights of Other backward Classes,161,85.5,Party for the Rights of Other backward Classes,Mettupalayam,Tirupur,Kongu,GEN
111,M.PALANICHAMI,IND,120,85.5,IND,Mettupalayam,Tirupur,Kongu,GEN
111,T.AMIRTHALINGAM,IND,119,85.5,IND,Mettupalayam,Tirupur,Kongu,GEN
111,"RANGASAMY,P.",IND,99,85.5,IND,Mettupalayam,Tirupur,Kongu,GEN
111,MANOHARAN,IND,98,85.5,IND,Mettupalayam,Tirupur,Kongu,GEN
111,P.RAVICHANDRAN,IND,89,85.5,IND,Mettupalayam,Tirupur,Kongu,GEN
112,KAMALI.S,TVK,84209,89.46,TVK,Avanashi,Tirupur,Kongu,SC
112,DR. L. MURUGAN,BJP,68836,89.46,BJP,Avanashi,Tirupur,Kongu,SC
112,DR. GOKILAMANI.V,DMK,65530,89.46,DMK,Avanashi,Tirupur,Kongu,SC
112,MENAKA. V,NTK,7704,89.46,NTK,Avanashi,Tirupur,Kongu,SC
112,NOTA,NOTA,1563,89.46,NOTA,Avanashi,Tirupur,Kongu,SC
112,GOKILAMANI. M,IND,652,89.46,IND,Avanashi,Tirupur,Kongu,SC
112,GOVINDAN.P,Bahujan Samaj Party,585,89.46,BSP,Avanashi,Tirupur,Kongu,SC
112,DHANABAL.R,IND,546,89.46,IND,Avanashi,Tirupur,Kongu,SC
112,ARUMUGAM.R,Ganasangam Party of India,501,89.46,Ganasangam Party of India,Avanashi,Tirupur,Kongu,SC
112,MOORTHI.R,IND,313,89.46,IND,Avanashi,Tirupur,Kongu,SC
112,SUBRAMANI.C.K,IND,264,89.46,IND,Avanashi,Tirupur,Kongu,SC
112,CHINNASAMY.V,Tamizhaga Vaazhvurimai Katchi,259,89.46,Tamizhaga Vaazhvurimai Katchi,Avanashi,Tirupur,Kongu,SC
112,ANANDHI.S,IND,235,89.46,IND,Avanashi,Tirupur,Kongu,SC
112,SATHIYARASU. R,IND,215,89.46,IND,Avanashi,Tirupur,Kongu,SC
112,ARUMUGAM. P,IND,188,89.46,IND,Avanashi,Tirupur,Kongu,SC
113,V.SATHYABAMA,TVK,131401,74.28,TVK,Tiruppur (North),Tirupur,Kongu,GEN
113,M.S.M.ANANDAN,AIADMK,61409,74.28,AIADMK,Tiruppur (North),Tirupur,Kongu,GEN
113,M.RAVI ALIAS M.SUBRAMANIAN,CPI,53964,74.28,CPI,Tiruppur (North),Tirupur,Kongu,GEN
113,R.ABINAYA,NTK,13157,74.28,NTK,Tiruppur (North),Tirupur,Kongu,GEN
113,NOTA,NOTA,1078,74.28,NOTA,Tiruppur (North),Tirupur,Kongu,GEN
113,L.JAMES REYNOLD,Bahujan Samaj Party,380,74.28,BSP,Tiruppur (North),Tirupur,Kongu,GEN
113,T.KRISHNASWAMY,Anna Puratchi Thalaivar Amma Dravida Munnetra Kazhagam,351,74.28,Anna Puratchi Thalaivar Amma Dravida Munnetra Kazhagam,Tiruppur (North),Tirupur,Kongu,GEN
113,G.BALAKRISHNAN,IND,247,74.28,IND,Tiruppur (North),Tirupur,Kongu,GEN
113,K.VENKADASWAMY,IND,218,74.28,IND,Tiruppur (North),Tirupur,Kongu,GEN
113,PY.DHATCHINAMURTHY,Tamizhaga Vaazhvurimai Katchi,214,74.28,Tamizhaga Vaazhvurimai Katchi,Tiruppur (North),Tirupur,Kongu,GEN
113,R.VISHNUMOORTHY,IND,198,74.28,IND,Tiruppur (North),Tirupur,Kongu,GEN
113,P.RAVI,IND,196,74.28,IND,Tiruppur (North),Tirupur,Kongu,GEN
113,K.ANAND,IND,193,74.28,IND,Tiruppur (North),Tirupur,Kongu,GEN
113,M.RANGASAMY,IND,179,74.28,IND,Tiruppur (North),Tirupur,Kongu,GEN
113,GANISHKAR,IND,172,74.28,IND,Tiruppur (North),Tirupur,Kongu,GEN
113,S.ANANDHAKUMAR,IND,100,74.28,IND,Tiruppur (North),Tirupur,Kongu,GEN
114,BALAMURUGAN. S,TVK,73793,74.77,TVK,Tiruppur (South),Nilgiris,Kongu,GEN
114,DINESHKUMAR. N,DMK,60892,74.77,DMK,Tiruppur (South),Nilgiris,Kongu,GEN
114,THANGARAJ. S,BJP,34617,74.77,BJP,Tiruppur (South),Nilgiris,Kongu,GEN
114,DINESH. P.N,NTK,6956,74.77,NTK,Tiruppur (South),Nilgiris,Kongu,GEN
114,NOTA,NOTA,644,74.77,NOTA,Tiruppur (South),Nilgiris,Kongu,GEN
114,KALIMUTHU. K,All India Forward Bloc,626,74.77,All India Forward Bloc,Tiruppur (South),Nilgiris,Kongu,GEN
114,DINESHKUMAR,IND,235,74.77,IND,Tiruppur (South),Nilgiris,Kongu,GEN
114,RANGASAMY. S,Bahujan Samaj Party,234,74.77,BSP,Tiruppur (South),Nilgiris,Kongu,GEN
114,DINESHKUMAR,IND,203,74.77,IND,Tiruppur (South),Nilgiris,Kongu,GEN
114,KESAVAMURTHI. N,IND,194,74.77,IND,Tiruppur (South),Nilgiris,Kongu,GEN
114,MALARVIZHI. G,Indhu Dravida Makkal Katchi,170,74.77,Indhu Dravida Makkal Katchi,Tiruppur (South),Nilgiris,Kongu,GEN
114,MAHALINGAM. V,IND,167,74.77,IND,Tiruppur (South),Nilgiris,Kongu,GEN
114,VASANTHAMANI. K,IND,142,74.77,IND,Tiruppur (South),Nilgiris,Kongu,GEN
114,VENKATACHALAM. G,IND,139,74.77,IND,Tiruppur (South),Nilgiris,Kongu,GEN
114,DHANABAL. D,IND,132,74.77,IND,Tiruppur (South),Nilgiris,Kongu,GEN
114,DINESHKUMAR. V,IND,116,74.77,IND,Tiruppur (South),Nilgiris,Kongu,GEN
114,VIJAYAKUMAR. M,Anna Puratchi Thalaivar Amma Dravida Munnetra Kazhagam,81,74.77,Anna Puratchi Thalaivar Amma Dravida Munnetra Kazhagam,Tiruppur (South),Nilgiris,Kongu,GEN
114,JOHN BASHA. A,Tamizhaga Vaazhvurimai Katchi,76,74.77,Tamizhaga Vaazhvurimai Katchi,Tiruppur (South),Nilgiris,Kongu,GEN
114,RATHINAVEL. M,IND,72,74.77,IND,Tiruppur (South),Nilgiris,Kongu,GEN
114,AMUTHAVEL. P,IND,69,74.77,IND,Tiruppur (South),Nilgiris,Kongu,GEN
114,MOHAMED MUBARAK ALI,Ganasangam Party of India,60,74.77,Ganasangam Party of India,Tiruppur (South),Nilgiris,Kongu,GEN
114,VENKADASAMY. K,IND,60,74.77,IND,Tiruppur (South),Nilgiris,Kongu,GEN
114,DR. RAMAKRISHNAN. S,IND,50,74.77,IND,Tiruppur (South),Nilgiris,Kongu,GEN
114,KARTHIKADEVI. K,IND,45,74.77,IND,Tiruppur (South),Nilgiris,Kongu,GEN
114,RAMESH. S,IND,41,74.77,IND,Tiruppur (South),Nilgiris,Kongu,GEN
115,K.RAMKUMAR,TVK,121297,79.69,TVK,Palladam,Nilgiris,Kongu,GEN
115,K.P.PARAMASIVAM,AIADMK,83400,79.69,AIADMK,Palladam,Nilgiris,Kongu,GEN
115,K.SELVARAJ,DMK,78625,79.69,DMK,Palladam,Nilgiris,Kongu,GEN
115,K.V.THAMILINIYAN,NTK,13141,79.69,NTK,Palladam,Nilgiris,Kongu,GEN
115,NOTA,NOTA,1417,79.69,NOTA,Palladam,Nilgiris,Kongu,GEN
115,K.RATHINASAMY,Bahujan Samaj Party,578,79.69,BSP,Palladam,Nilgiris,Kongu,GEN
115,V.MOHANRAJ,IND,407,79.69,IND,Palladam,Nilgiris,Kongu,GEN
115,A. RAMESH,IND,364,79.69,IND,Palladam,Nilgiris,Kongu,GEN
115,A.ANNADURAI,IND,346,79.69,IND,Palladam,Nilgiris,Kongu,GEN
115,S.DHARMARAJ,Tamilaga Makkal Nala Katchi,327,79.69,Tamilaga Makkal Nala Katchi,Palladam,Nilgiris,Kongu,GEN
115,ANNADURAI.R,IND,285,79.69,IND,Palladam,Nilgiris,Kongu,GEN
115,S.ARUMUGAM,IND,274,79.69,IND,Palladam,Nilgiris,Kongu,GEN
115,K.SAKTHIVEL,Anna Puratchi Thalaivar Amma Dravida Munnetra Kazhagam,184,79.69,Anna Puratchi Thalaivar Amma Dravida Munnetra Kazhagam,Palladam,Nilgiris,Kongu,GEN
115,G.SELVARAJ,IND,163,79.69,IND,Palladam,Nilgiris,Kongu,GEN
115,M. SELVARAJ,IND,123,79.69,IND,Palladam,Nilgiris,Kongu,GEN
115,A.SARAVANAN,IND,83,79.69,IND,Palladam,Nilgiris,Kongu,GEN
116,NM.SUKUMAR,TVK,90531,85.39,TVK,Sulur,Nilgiris,Kongu,GEN
116,V.P.KANDASAMY,AIADMK,85741,85.39,AIADMK,Sulur,Nilgiris,Kongu,GEN
116,THALAPATHY MURUGESAN,DMK,83654,85.39,DMK,Sulur,Nilgiris,Kongu,GEN
116,DR.S.RAJASEKARAN,NTK,10147,85.39,NTK,Sulur,Nilgiris,Kongu,GEN
116,NOTA,NOTA,1353,85.39,NOTA,Sulur,Nilgiris,Kongu,GEN
116,MURUGESH.R.,IND,437,85.39,IND,Sulur,Nilgiris,Kongu,GEN
116,KANTHASAMY.K.,Anna Puratchi Thalaivar Amma Dravida Munnetra Kazhagam,283,85.39,Anna Puratchi Thalaivar Amma Dravida Munnetra Kazhagam,Sulur,Nilgiris,Kongu,GEN
116,KANDASAMY.R.,IND,271,85.39,IND,Sulur,Nilgiris,Kongu,GEN
116,PAPPA MUTHULAKSHMI.P.,All India Puratchi Thalaivar Makkal Munnettra Kazhagam,216,85.39,All India Puratchi Thalaivar Makkal Munnettra Kazhagam,Sulur,Nilgiris,Kongu,GEN
116,SUMAN SINGH.R.,Tamizhaga Vaazhvurimai Katchi,205,85.39,Tamizhaga Vaazhvurimai Katchi,Sulur,Nilgiris,Kongu,GEN
116,PALANISAMY.M.,Party for the Rights of Other backward Classes,156,85.39,Party for the Rights of Other backward Classes,Sulur,Nilgiris,Kongu,GEN
116,MURUGESAN.N.,IND,139,85.39,IND,Sulur,Nilgiris,Kongu,GEN
116,NAGARAJ.K.,Ganasangam Party of India,137,85.39,Ganasangam Party of India,Sulur,Nilgiris,Kongu,GEN
116,KANDASAMY.A.,IND,109,85.39,IND,Sulur,Nilgiris,Kongu,GEN
116,KANDASAMY.V.,IND,90,85.39,IND,Sulur,Nilgiris,Kongu,GEN
116,NELSON.W.,Tamilaga Makkal Nala Katchi,75,85.39,Tamilaga Makkal Nala Katchi,Sulur,Nilgiris,Kongu,GEN
117,KANIMOZHI SANTHOSH,TVK,146466,75.45,TVK,Kavundampalayam,Coimbatore,Kongu,GEN
117,ARUNKUMAR PRG,AIADMK,104326,75.45,AIADMK,Kavundampalayam,Coimbatore,Kongu,GEN
117,SURYA PRAKASH K.P,INC,90726,75.45,INC,Kavundampalayam,Coimbatore,Kongu,GEN
117,KALAMANI JAGANATHAN,NTK,16834,75.45,NTK,Kavundampalayam,Coimbatore,Kongu,GEN
117,NOTA,NOTA,2116,75.45,NOTA,Kavundampalayam,Coimbatore,Kongu,GEN
117,KANIMOZHI.K,IND,567,75.45,IND,Kavundampalayam,Coimbatore,Kongu,GEN
117,K.VELMURUGAN,Bahujan Samaj Party,524,75.45,BSP,Kavundampalayam,Coimbatore,Kongu,GEN
117,THOZHAR.N.ARUNKUMAR,Tamizhaga Vaazhvurimai Katchi,424,75.45,Tamizhaga Vaazhvurimai Katchi,Kavundampalayam,Coimbatore,Kongu,GEN
117,S.THAMARAI KANNAN,Party for the Rights of Other backward Classes,356,75.45,Party for the Rights of Other backward Classes,Kavundampalayam,Coimbatore,Kongu,GEN
117,A.BALAMURUGAN,IND,340,75.45,IND,Kavundampalayam,Coimbatore,Kongu,GEN
117,M.RAJALINGAM,IND,338,75.45,IND,Kavundampalayam,Coimbatore,Kongu,GEN
117,MALLIGA.M,All India Puratchi Thalaivar Makkal Munnettra Kazhagam,314,75.45,All India Puratchi Thalaivar Makkal Munnettra Kazhagam,Kavundampalayam,Coimbatore,Kongu,GEN
117,M.JOHN BOSCO,IND,306,75.45,IND,Kavundampalayam,Coimbatore,Kongu,GEN
117,SURIYAKUMAR.K,IND,235,75.45,IND,Kavundampalayam,Coimbatore,Kongu,GEN
117,V.PUSHPANANTHAM,Tamizhaga Murpokku Makkal Katchi,119,75.45,Tamizhaga Murpokku Makkal Katchi,Kavundampalayam,Coimbatore,Kongu,GEN
118,V. SAMPATHKUMAR,TVK,92500,71.44,TVK,Coimbatore North,Coimbatore,Kongu,GEN
118,DURAI. SENTHAMIL SELVAN B.E,DMK,70508,71.44,DMK,Coimbatore North,Coimbatore,Kongu,GEN
118,VANATHI SRINIVASAN,BJP,49722,71.44,BJP,Coimbatore North,Coimbatore,Kongu,GEN
118,NARMADHA. G.,NTK,9036,71.44,NTK,Coimbatore North,Coimbatore,Kongu,GEN
118,NOTA,NOTA,1020,71.44,NOTA,Coimbatore North,Coimbatore,Kongu,GEN
118,P. KRISHNASAMY,Bahujan Samaj Party,383,71.44,BSP,Coimbatore North,Coimbatore,Kongu,GEN
118,A.K. SENTHAMIZH SELVAN,IND,351,71.44,IND,Coimbatore North,Coimbatore,Kongu,GEN
118,K. UDHAYAKUMAR,Thamizhaka Padaippalar Makkal Katchi,327,71.44,Thamizhaka Padaippalar Makkal Katchi,Coimbatore North,Coimbatore,Kongu,GEN
118,R. SAMPATH KUMAR,IND,310,71.44,IND,Coimbatore North,Coimbatore,Kongu,GEN
118,BALU. P.M.,IND,276,71.44,IND,Coimbatore North,Coimbatore,Kongu,GEN
118,PALANIKUMAR. V.,IND,152,71.44,IND,Coimbatore North,Coimbatore,Kongu,GEN
118,S. SAMPATHKUMAR,IND,134,71.44,IND,Coimbatore North,Coimbatore,Kongu,GEN
118,S. SENTHILKUMAR,Samaniya Makkal Nala Katchi,121,71.44,Samaniya Makkal Nala Katchi,Coimbatore North,Coimbatore,Kongu,GEN
118,P. SARAVANAN,IND,121,71.44,IND,Coimbatore North,Coimbatore,Kongu,GEN
118,V. KRISHNAN,IND,118,71.44,IND,Coimbatore North,Coimbatore,Kongu,GEN
118,K. RAGHUL GANDHI,All India Puratchi Thalaivar Makkal Munnettra Kazhagam,112,71.44,All India Puratchi Thalaivar Makkal Munnettra Kazhagam,Coimbatore North,Coimbatore,Kongu,GEN
118,G.D. KRISHNAKUMAR,IND,104,71.44,IND,Coimbatore North,Coimbatore,Kongu,GEN
118,RAJASEKARAN. B.,Tamizhaga Vaazhvurimai Katchi,96,71.44,Tamizhaga Vaazhvurimai Katchi,Coimbatore North,Coimbatore,Kongu,GEN
118,RAVI. V,IND,95,71.44,IND,Coimbatore North,Coimbatore,Kongu,GEN
118,R. MANIAN,IND,89,71.44,IND,Coimbatore North,Coimbatore,Kongu,GEN
118,S. DHANA RAJ,IND,87,71.44,IND,Coimbatore North,Coimbatore,Kongu,GEN
118,S. MEENAKSHI SUNDARAM,Tamizhaga Murpokku Makkal Katchi,75,71.44,Tamizhaga Murpokku Makkal Katchi,Coimbatore North,Coimbatore,Kongu,GEN
118,K. SAMPATH KUMAR,IND,71,71.44,IND,Coimbatore North,Coimbatore,Kongu,GEN
118,V. LINGARAJA,IND,65,71.44,IND,Coimbatore North,Coimbatore,Kongu,GEN
118,R. SETHURAGUNATHAN,IND,60,71.44,IND,Coimbatore North,Coimbatore,Kongu,GEN
118,R. SATHISH KUMAR,IND,54,71.44,IND,Coimbatore North,Coimbatore,Kongu,GEN
118,A. MARIMUTHU,IND,54,71.44,IND,Coimbatore North,Coimbatore,Kongu,GEN
118,G. RAJKUMAR,IND,42,71.44,IND,Coimbatore North,Coimbatore,Kongu,GEN
118,A. RAMESH,IND,26,71.44,IND,Coimbatore North,Coimbatore,Kongu,GEN
119,S.P.VELUMANI,AIADMK,93316,82.27,AIADMK,Thondamuthur,Coimbatore,Kongu,GEN
119,SATHISH RAJU (ALIAS) K.P.R. SATHISH,TVK,78591,82.27,TVK,Thondamuthur,Coimbatore,Kongu,GEN
119,N.R.KARTHIKEYAN,DMK,75917,82.27,DMK,Thondamuthur,Coimbatore,Kongu,GEN
119,RAJABU NISHA.Z,NTK,6976,82.27,NTK,Thondamuthur,Coimbatore,Kongu,GEN
119,NOTA,NOTA,1000,82.27,NOTA,Thondamuthur,Coimbatore,Kongu,GEN
119,RAFEEQ.A.M.,IND,317,82.27,IND,Thondamuthur,Coimbatore,Kongu,GEN
119,BALAMANI.V,IND,304,82.27,IND,Thondamuthur,Coimbatore,Kongu,GEN
119,NIRMALKUMAR.R,IND,258,82.27,IND,Thondamuthur,Coimbatore,Kongu,GEN
119,KARTHIKEYAN.R-POOLUVAPATTI,IND,241,82.27,IND,Thondamuthur,Coimbatore,Kongu,GEN
119,SHAJAHAN.S,Tamizhaga Vaazhvurimai Katchi,215,82.27,Tamizhaga Vaazhvurimai Katchi,Thondamuthur,Coimbatore,Kongu,GEN
119,DEEPA.G.S,IND,195,82.27,IND,Thondamuthur,Coimbatore,Kongu,GEN
119,SIVARAMAN.C,IND,185,82.27,IND,Thondamuthur,Coimbatore,Kongu,GEN
119,VIJAYA.K,IND,183,82.27,IND,Thondamuthur,Coimbatore,Kongu,GEN
119,MANOKARAN.K,IND,142,82.27,IND,Thondamuthur,Coimbatore,Kongu,GEN
119,KALAIVANI.S,IND,125,82.27,IND,Thondamuthur,Coimbatore,Kongu,GEN
119,KARTHIKEYAN.R-THONDAMUTHUR,IND,108,82.27,IND,Thondamuthur,Coimbatore,Kongu,GEN
119,ARULKUMAR.P,IND,104,82.27,IND,Thondamuthur,Coimbatore,Kongu,GEN
119,DEVADASS.K,IND,99,82.27,IND,Thondamuthur,Coimbatore,Kongu,GEN
119,KARTHIKEYAN.M,IND,90,82.27,IND,Thondamuthur,Coimbatore,Kongu,GEN
119,KOWSALYA.V,IND,77,82.27,IND,Thondamuthur,Coimbatore,Kongu,GEN
119,KARTHIKEYAN.R,IND,54,82.27,IND,Thondamuthur,Coimbatore,Kongu,GEN
119,VISWANATHAN.M,IND,52,82.27,IND,Thondamuthur,Coimbatore,Kongu,GEN
120,V SENTHILBALAJI,DMK,59724,72.97,DMK,Coimbatore South,Coimbatore,Kongu,GEN
120,V. SENTHILKUMAR,TVK,57453,72.97,TVK,Coimbatore South,Coimbatore,Kongu,GEN
120,AMMAN K.ARJUNAN,AIADMK,31689,72.97,AIADMK,Coimbatore South,Coimbatore,Kongu,GEN
120,PERARIVALAN. V,NTK,5062,72.97,NTK,Coimbatore South,Coimbatore,Kongu,GEN
120,NOTA,NOTA,759,72.97,NOTA,Coimbatore South,Coimbatore,Kongu,GEN
120,J. PRAVEENKUMAR,IND,170,72.97,IND,Coimbatore South,Coimbatore,Kongu,GEN
120,GOKULA KRISHNAN.S,Tamizhaga Vaazhvurimai Katchi,158,72.97,Tamizhaga Vaazhvurimai Katchi,Coimbatore South,Coimbatore,Kongu,GEN
120,M. SENTHILKUMAR,IND,158,72.97,IND,Coimbatore South,Coimbatore,Kongu,GEN
120,B. DHANDAPANI,New Generation People's Party,157,72.97,New Generation People's Party,Coimbatore South,Coimbatore,Kongu,GEN
120,P. PALANIVEL,IND,154,72.97,IND,Coimbatore South,Coimbatore,Kongu,GEN
120,K. DINESH KUMAR,IND,117,72.97,IND,Coimbatore South,Coimbatore,Kongu,GEN
120,B. YUVARAJ,IND,105,72.97,IND,Coimbatore South,Coimbatore,Kongu,GEN
120,V. SENTHILKUMAR,IND,92,72.97,IND,Coimbatore South,Coimbatore,Kongu,GEN
120,S. RANGARAJ,IND,67,72.97,IND,Coimbatore South,Coimbatore,Kongu,GEN
120,IMTHIYAS,IND,65,72.97,IND,Coimbatore South,Coimbatore,Kongu,GEN
120,V. VELMURUGAN,IND,48,72.97,IND,Coimbatore South,Coimbatore,Kongu,GEN
120,VENKATACHALAM PARAMASIVAM,IND,43,72.97,IND,Coimbatore South,Coimbatore,Kongu,GEN
120,T. MAGIZHAN,IND,40,72.97,IND,Coimbatore South,Coimbatore,Kongu,GEN
120,K. RAJAPANDIAN,IND,40,72.97,IND,Coimbatore South,Coimbatore,Kongu,GEN
120,L. HAKKIM,IND,38,72.97,IND,Coimbatore South,Coimbatore,Kongu,GEN
120,J. SURIYAKUMAR,IND,37,72.97,IND,Coimbatore South,Coimbatore,Kongu,GEN
120,G. MAHESHWARAN,Tamizhaga Murpokku Makkal Katchi,36,72.97,Tamizhaga Murpokku Makkal Katchi,Coimbatore South,Coimbatore,Kongu,GEN
120,P. SANGARARAJ,IND,36,72.97,IND,Coimbatore South,Coimbatore,Kongu,GEN
120,M. JOHN BOSCO,IND,33,72.97,IND,Coimbatore South,Coimbatore,Kongu,GEN
120,D. VIGNESHWARAN,IND,32,72.97,IND,Coimbatore South,Coimbatore,Kongu,GEN
120,K. VIJAYAN,IND,32,72.97,IND,Coimbatore South,Coimbatore,Kongu,GEN
120,N. ABILAZAN,IND,31,72.97,IND,Coimbatore South,Coimbatore,Kongu,GEN
120,P. MANOJ,IND,28,72.97,IND,Coimbatore South,Coimbatore,Kongu,GEN
120,K.S. RAJAGOPAL,IND,27,72.97,IND,Coimbatore South,Coimbatore,Kongu,GEN
120,GOPALAKRISHNAN,IND,24,72.97,IND,Coimbatore South,Coimbatore,Kongu,GEN
120,P. KATHIRAVAN,IND,23,72.97,IND,Coimbatore South,Coimbatore,Kongu,GEN
120,M. RAVICHANDRAN,IND,21,72.97,IND,Coimbatore South,Coimbatore,Kongu,GEN
121,K.S.SRI GIRI PRASATH,TVK,84163,73.47,TVK,Singanallur,Coimbatore,Kongu,GEN
121,V.SRINIDHI,INC,65024,73.47,INC,Singanallur,Coimbatore,Kongu,GEN
121,K.R.JAYARAM,AIADMK,57783,73.47,AIADMK,Singanallur,Coimbatore,Kongu,GEN
121,NEHRUJI GUNASEKARAN,NTK,9203,73.47,NTK,Singanallur,Coimbatore,Kongu,GEN
121,NOTA,NOTA,1346,73.47,NOTA,Singanallur,Coimbatore,Kongu,GEN
121,SIVAJI PERUMAL,Bahujan Samaj Party,428,73.47,BSP,Singanallur,Coimbatore,Kongu,GEN
121,N.R.APPATHURAI,All India Puratchi Thalaivar Makkal Munnettra Kazhagam,318,73.47,All India Puratchi Thalaivar Makkal Munnettra Kazhagam,Singanallur,Coimbatore,Kongu,GEN
121,THAHIR HUSSAIN,IND,278,73.47,IND,Singanallur,Coimbatore,Kongu,GEN
121,AKBAR ALI,IND,255,73.47,IND,Singanallur,Coimbatore,Kongu,GEN
121,MURUGAN.O,Ganasangam Party of India,228,73.47,Ganasangam Party of India,Singanallur,Coimbatore,Kongu,GEN
121,S.S.SUNDHARAM,Rashtriya Samaj Dal (R),201,73.47,Rashtriya Samaj Dal (R),Singanallur,Coimbatore,Kongu,GEN
121,P.TAMILSELVI,IND,174,73.47,IND,Singanallur,Coimbatore,Kongu,GEN
121,JANANI.D,IND,168,73.47,IND,Singanallur,Coimbatore,Kongu,GEN
121,S.SATHEESH,IND,160,73.47,IND,Singanallur,Coimbatore,Kongu,GEN
121,SARVESWARAN,Party for the Rights of Other backward Classes,151,73.47,Party for the Rights of Other backward Classes,Singanallur,Coimbatore,Kongu,GEN
121,N.RAJASEKARAN,IND,130,73.47,IND,Singanallur,Coimbatore,Kongu,GEN
121,K.KUMAR BABU,IND,127,73.47,IND,Singanallur,Coimbatore,Kongu,GEN
121,UMA PARAMASIVAM,IND,115,73.47,IND,Singanallur,Coimbatore,Kongu,GEN
121,RAJKUMAR.M,IND,111,73.47,IND,Singanallur,Coimbatore,Kongu,GEN
121,SUBARAMANIAN.N,IND,102,73.47,IND,Singanallur,Coimbatore,Kongu,GEN
121,V.BALAMURUGAN,IND,91,73.47,IND,Singanallur,Coimbatore,Kongu,GEN
121,M.ASHOK KUMAR,IND,82,73.47,IND,Singanallur,Coimbatore,Kongu,GEN
121,VIJAYAKUMAR,IND,66,73.47,IND,Singanallur,Coimbatore,Kongu,GEN
121,DR.K.RAJKUMAR,IND,65,73.47,IND,Singanallur,Coimbatore,Kongu,GEN
121,VASANTHI,IND,59,73.47,IND,Singanallur,Coimbatore,Kongu,GEN
121,KARTHIK,IND,54,73.47,IND,Singanallur,Coimbatore,Kongu,GEN
121,R.MANIKANDABRABHU,IND,53,73.47,IND,Singanallur,Coimbatore,Kongu,GEN
121,AYOOB RIYAS,IND,50,73.47,IND,Singanallur,Coimbatore,Kongu,GEN
121,A.MOUNAKUMAR,IND,48,73.47,IND,Singanallur,Coimbatore,Kongu,GEN
122,VIGNESH K,TVK,99950,83.43,TVK,Kinathukadavu,Coimbatore,Kongu,GEN
122,SABARI KARTHIKEYAN K.V.K.S,DMK,88240,83.43,DMK,Kinathukadavu,Coimbatore,Kongu,GEN
122,DAMODARAN S,AIADMK,67789,83.43,AIADMK,Kinathukadavu,Coimbatore,Kongu,GEN
122,BANUPRIYA M,NTK,9667,83.43,NTK,Kinathukadavu,Coimbatore,Kongu,GEN
122,NOTA,NOTA,1717,83.43,NOTA,Kinathukadavu,Coimbatore,Kongu,GEN
122,MARIYAPPAN R,Ganasangam Party of India,554,83.43,Ganasangam Party of India,Kinathukadavu,Coimbatore,Kongu,GEN
123,K. NITHYANANDHAN,DMK,62013,87.77,DMK,Pollachi,Coimbatore,Kongu,GEN
123,POLLACHI V. JAYARAMAN,AIADMK,57386,87.77,AIADMK,Pollachi,Coimbatore,Kongu,GEN
123,G. RAMANATHAN,TVK,53819,87.77,TVK,Pollachi,Coimbatore,Kongu,GEN
123,N. SENTHIL KUMAR,NTK,4866,87.77,NTK,Pollachi,Coimbatore,Kongu,GEN
123,NOTA,NOTA,849,87.77,NOTA,Pollachi,Coimbatore,Kongu,GEN
123,M. JAYARAM,IND,596,87.77,IND,Pollachi,Coimbatore,Kongu,GEN
123,C.M. ARUCHAMY,Bahujan Samaj Party,329,87.77,BSP,Pollachi,Coimbatore,Kongu,GEN
123,S. JEYARAM,IND,323,87.77,IND,Pollachi,Coimbatore,Kongu,GEN
123,M. JAYARAMAN,IND,269,87.77,IND,Pollachi,Coimbatore,Kongu,GEN
123,M. JAYAPRATHAP,IND,227,87.77,IND,Pollachi,Coimbatore,Kongu,GEN
123,V. KARTHIKEYAN,IND,192,87.77,IND,Pollachi,Coimbatore,Kongu,GEN
123,T. NITHYANANTHAM,IND,126,87.77,IND,Pollachi,Coimbatore,Kongu,GEN
123,K. NITHYANANDAN,IND,114,87.77,IND,Pollachi,Coimbatore,Kongu,GEN
123,P. NAGARAJ,IND,87,87.77,IND,Pollachi,Coimbatore,Kongu,GEN
124,KUTTY (ALIAS) SUDHAKAR. A,DMK,54671,82.53,DMK,Valparai,Coimbatore,Kongu,SC
124,DR. SRIDHARAN. A,TVK,45300,82.53,TVK,Valparai,Coimbatore,Kongu,SC
124,LEKSHMANA SINGH. D,AIADMK,43728,82.53,AIADMK,Valparai,Coimbatore,Kongu,SC
124,UMADEVI. P,NTK,5256,82.53,NTK,Valparai,Coimbatore,Kongu,SC
124,NOTA,NOTA,675,82.53,NOTA,Valparai,Coimbatore,Kongu,SC
124,PERUMAL. K,IND,479,82.53,IND,Valparai,Coimbatore,Kongu,SC
124,LAKSHMI. N,IND,322,82.53,IND,Valparai,Coimbatore,Kongu,SC
125,JAYAKUMAR M.,DMK,68549,82.32,DMK,Udumalpet,Coimbatore,Kongu,GEN
125,RADHAKRISHNAN K.,AIADMK,65667,82.32,AIADMK,Udumalpet,Coimbatore,Kongu,GEN
125,SANKAR K.,TVK,59831,82.32,TVK,Udumalpet,Coimbatore,Kongu,GEN
125,RAM KUMAR M.,NTK,6702,82.32,NTK,Udumalpet,Coimbatore,Kongu,GEN
125,NOTA,NOTA,1149,82.32,NOTA,Udumalpet,Coimbatore,Kongu,GEN
125,PADMENDRAPRAKASH A.,IND,470,82.32,IND,Udumalpet,Coimbatore,Kongu,GEN
125,MAHENDRAN A.,IND,322,82.32,IND,Udumalpet,Coimbatore,Kongu,GEN
125,UMAR ALI D.,IND,315,82.32,IND,Udumalpet,Coimbatore,Kongu,GEN
125,RAMASAMY S.,IND,227,82.32,IND,Udumalpet,Coimbatore,Kongu,GEN
125,KALIMUTHU S.,IND,135,82.32,IND,Udumalpet,Coimbatore,Kongu,GEN
125,GANESH S.,IND,124,82.32,IND,Udumalpet,Coimbatore,Kongu,GEN
125,ELSY C.,IND,84,82.32,IND,Udumalpet,Coimbatore,Kongu,GEN
126,R JAYARAMAKRISHNAN,DMK,70458,83.52,DMK,Madathukulam,Coimbatore,Kongu,GEN
126,C SHANMUGAVELU,AMMK,54490,83.52,AMMK,Madathukulam,Coimbatore,Kongu,GEN
126,R THIRUMALAI,TVK,52684,83.52,TVK,Madathukulam,Coimbatore,Kongu,GEN
126,M RADHAMANI,NTK,6578,83.52,NTK,Madathukulam,Coimbatore,Kongu,GEN
126,NOTA,NOTA,911,83.52,NOTA,Madathukulam,Coimbatore,Kongu,GEN
126,K VADIVAZHAGAN BALAJI,IND,664,83.52,IND,Madathukulam,Coimbatore,Kongu,GEN
126,AK SENTHILKUMAR,Puthiya Tamilagam,621,83.52,Puthiya Tamilagam,Madathukulam,Coimbatore,Kongu,GEN
126,SP MAHENDRAN,IND,464,83.52,IND,Madathukulam,Coimbatore,Kongu,GEN
126,M SHANUGAVEL,IND,397,83.52,IND,Madathukulam,Coimbatore,Kongu,GEN
126,S SHANMUGAVEL,IND,301,83.52,IND,Madathukulam,Coimbatore,Kongu,GEN
126,P THANGARAJ,IND,263,83.52,IND,Madathukulam,Coimbatore,Kongu,GEN
126,M AHAMED ALI,IND,206,83.52,IND,Madathukulam,Coimbatore,Kongu,GEN
126,A SHANMUGAVEL,IND,120,83.52,IND,Madathukulam,Coimbatore,Kongu,GEN
126,K SHANMUGAVEL,IND,92,83.52,IND,Madathukulam,Coimbatore,Kongu,GEN
127,RAVIMANOHARAN. K,AIADMK,66986,84.53,AIADMK,Palani,Dindigul,South,GEN
127,DR. PRAVEEN KUMAR. M,TVK,66293,84.53,TVK,Palani,Dindigul,South,GEN
127,PANDI. N,CPI(M),65534,84.53,CPIM,Palani,Dindigul,South,GEN
127,MURUGESWARI. B,NTK,6300,84.53,NTK,Palani,Dindigul,South,GEN
127,NOTA,NOTA,750,84.53,NOTA,Palani,Dindigul,South,GEN
127,NACHIMUTHU. S,Bahujan Samaj Party,585,84.53,BSP,Palani,Dindigul,South,GEN
127,JAYAKUMAR. T,IND,520,84.53,IND,Palani,Dindigul,South,GEN
127,PRAVEENKUMAR. R,IND,283,84.53,IND,Palani,Dindigul,South,GEN
127,RAMAMOORTHI. G,Rashtriya Samaj Dal (R),273,84.53,Rashtriya Samaj Dal (R),Palani,Dindigul,South,GEN
127,ASHOKKUMAR. G,IND,254,84.53,IND,Palani,Dindigul,South,GEN
127,BALACHANDRAN. M,IND,214,84.53,IND,Palani,Dindigul,South,GEN
127,MADHESWARI. R,IND,178,84.53,IND,Palani,Dindigul,South,GEN
127,VAYKKALDURAI. K,Puthiya Tamilagam,151,84.53,Puthiya Tamilagam,Palani,Dindigul,South,GEN
127,THANNASIAPPAN. P,IND,136,84.53,IND,Palani,Dindigul,South,GEN
127,THIRUMALAISAMY. B,IND,92,84.53,IND,Palani,Dindigul,South,GEN
127,ANBARASU. R,IND,70,84.53,IND,Palani,Dindigul,South,GEN
128,SAKKARAPANI. R,DMK,93099,94.54,DMK,Oddanchatram,Dindigul,South,GEN
128,VIDIYAL S. SEKAR,BJP,49850,94.54,BJP,Oddanchatram,Dindigul,South,GEN
128,MOHAN. S,TVK,49155,94.54,TVK,Oddanchatram,Dindigul,South,GEN
128,RAGUPATHI. P,NTK,5454,94.54,NTK,Oddanchatram,Dindigul,South,GEN
128,NOTA,NOTA,1491,94.54,NOTA,Oddanchatram,Dindigul,South,GEN
128,PRABAHARAN. M,IND,646,94.54,IND,Oddanchatram,Dindigul,South,GEN
128,MURUGARAJ. P,Bahujan Samaj Party,516,94.54,BSP,Oddanchatram,Dindigul,South,GEN
128,ALAGIYANNAN. A,IND,301,94.54,IND,Oddanchatram,Dindigul,South,GEN
128,NAGUL PRAKASH. A,IND,240,94.54,IND,Oddanchatram,Dindigul,South,GEN
128,RAGHUNATH. K,IND,216,94.54,IND,Oddanchatram,Dindigul,South,GEN
128,MANIKANNAN. A,IND,192,94.54,IND,Oddanchatram,Dindigul,South,GEN
128,KUMARRATHINAM. M,IND,175,94.54,IND,Oddanchatram,Dindigul,South,GEN
128,CHELLAMUTHU. K,IND,101,94.54,IND,Oddanchatram,Dindigul,South,GEN
128,ANANTHRAJ. T,IND,99,94.54,IND,Oddanchatram,Dindigul,South,GEN
128,ARUMUGAM. M,IND,89,94.54,IND,Oddanchatram,Dindigul,South,GEN
129,I. PERIASAMY,DMK,106240,87.58,DMK,Athoor,Dindigul,South,GEN
129,N. KALAISELVI,TVK,83872,87.58,TVK,Athoor,Dindigul,South,GEN
129,A. VISWANATHAN,AIADMK,32477,87.58,AIADMK,Athoor,Dindigul,South,GEN
129,DR. A. SIMON JUSTIN,NTK,9946,87.58,NTK,Athoor,Dindigul,South,GEN
129,NOTA,NOTA,812,87.58,NOTA,Athoor,Dindigul,South,GEN
129,D. SANKAR,Naadaalum Makkal Katchi,720,87.58,Naadaalum Makkal Katchi,Athoor,Dindigul,South,GEN
129,M.K. NAGENDRAN,Aanaithinthiya Jananayaka Pathukappu Kazhagam,576,87.58,Aanaithinthiya Jananayaka Pathukappu Kazhagam,Athoor,Dindigul,South,GEN
129,K. VISVANATHAN,IND,538,87.58,IND,Athoor,Dindigul,South,GEN
129,S. KARTHIGAISELVAN,Bahujan Samaj Party,531,87.58,BSP,Athoor,Dindigul,South,GEN
129,P. MANIVEL,IND,353,87.58,IND,Athoor,Dindigul,South,GEN
129,M. PERIYASAMY,IND,236,87.58,IND,Athoor,Dindigul,South,GEN
129,K. JAYAPRAKASH,Puthiya Tamilagam,230,87.58,Puthiya Tamilagam,Athoor,Dindigul,South,GEN
129,K. KATHIRESAN,IND,200,87.58,IND,Athoor,Dindigul,South,GEN
129,S. BALA MURUGAN,Tamizhaga Vaazhvurimai Katchi,183,87.58,Tamizhaga Vaazhvurimai Katchi,Athoor,Dindigul,South,GEN
129,D. NAGARAJ,IND,155,87.58,IND,Athoor,Dindigul,South,GEN
129,K. VELMURUGAN,IND,114,87.58,IND,Athoor,Dindigul,South,GEN
130,AYYANAR.R,TVK,68580,86.49,TVK,Nilakottai,Dindigul,South,SC
130,NAGAJOTHI.S,DMK,65655,86.49,DMK,Nilakottai,Dindigul,South,SC
130,THENMOZHI.S,AIADMK,49924,86.49,AIADMK,Nilakottai,Dindigul,South,SC
130,DR.KAILAI RAJAN.D,NTK,8615,86.49,NTK,Nilakottai,Dindigul,South,SC
130,SELVAM.P B.A. B.L.,Republican Party of India (A),763,86.49,Republican Party of India (A),Nilakottai,Dindigul,South,SC
130,NOTA,NOTA,642,86.49,NOTA,Nilakottai,Dindigul,South,SC
130,MANIKANDAN.P,IND,515,86.49,IND,Nilakottai,Dindigul,South,SC
130,RAJALAKSHMI.M,Bahujan Samaj Party,505,86.49,BSP,Nilakottai,Dindigul,South,SC
130,SANKAR.P,Puthiya Tamilagam,441,86.49,Puthiya Tamilagam,Nilakottai,Dindigul,South,SC
130,VIJAYAPANDIYAN.M,IND,415,86.49,IND,Nilakottai,Dindigul,South,SC
130,ANBALAGAN.G,All India Puratchi Thalaivar Makkal Munnettra Kazhagam,399,86.49,All India Puratchi Thalaivar Makkal Munnettra Kazhagam,Nilakottai,Dindigul,South,SC
130,MANOHARAN.M,IND,349,86.49,IND,Nilakottai,Dindigul,South,SC
130,ALAPPAN.A,IND,331,86.49,IND,Nilakottai,Dindigul,South,SC
130,PERUMAL.N,IND,238,86.49,IND,Nilakottai,Dindigul,South,SC
130,CHELLAM.K,IND,162,86.49,IND,Nilakottai,Dindigul,South,SC
130,KARUPPAIAH.S,IND,59,86.49,IND,Nilakottai,Dindigul,South,SC
131,NATHAM VISWANATHAN R,AIADMK,85708,91.69,AIADMK,Natham,Dindigul,South,GEN
131,SELVAKUMAR K,DMK,73839,91.69,DMK,Natham,Dindigul,South,GEN
131,RAMESH L N,TVK,64997,91.69,TVK,Natham,Dindigul,South,GEN
131,ALAGAMMAL A,NTK,9677,91.69,NTK,Natham,Dindigul,South,GEN
131,ALEX S,Tamizhaga Vaazhvurimai Katchi,715,91.69,Tamizhaga Vaazhvurimai Katchi,Natham,Dindigul,South,GEN
131,NOTA,NOTA,596,91.69,NOTA,Natham,Dindigul,South,GEN
131,VADIVEL K,IND,584,91.69,IND,Natham,Dindigul,South,GEN
131,VIJAYAKUMAR S,IND,465,91.69,IND,Natham,Dindigul,South,GEN
131,GOPAL R,IND,307,91.69,IND,Natham,Dindigul,South,GEN
131,MURUGESAN C,IND,289,91.69,IND,Natham,Dindigul,South,GEN
131,MURUGAN K,IND,273,91.69,IND,Natham,Dindigul,South,GEN
131,RAJASEKARAN P,Aanaithinthiya Jananayaka Pathukappu Kazhagam,247,91.69,Aanaithinthiya Jananayaka Pathukappu Kazhagam,Natham,Dindigul,South,GEN
131,MARIA AROCKIAM S,IND,245,91.69,IND,Natham,Dindigul,South,GEN
131,RAMA JANARTHANAN S,IND,233,91.69,IND,Natham,Dindigul,South,GEN
131,VENKATESH P,IND,175,91.69,IND,Natham,Dindigul,South,GEN
131,SATHAM USAIN M,IND,155,91.69,IND,Natham,Dindigul,South,GEN
131,VENKATESAN G,IND,149,91.69,IND,Natham,Dindigul,South,GEN
131,MANIKANDAN V,IND,138,91.69,IND,Natham,Dindigul,South,GEN
131,TAMILSELVAN C,IND,111,91.69,IND,Natham,Dindigul,South,GEN
131,VIJAYAKUMAR S,Puthiya Tamilagam,103,91.69,Puthiya Tamilagam,Natham,Dindigul,South,GEN
131,DHANDABANI K,IND,81,91.69,IND,Natham,Dindigul,South,GEN
131,SUNDAR C,IND,53,91.69,IND,Natham,Dindigul,South,GEN
132,SENTHILKUMAR. I.P,DMK,74489,80.51,DMK,Dindigul,Dindigul,South,GEN
132,NAZEER RAJA. G,TVK,73358,80.51,TVK,Dindigul,Dindigul,South,GEN
132,SREENIVASAN. C,AIADMK,53986,80.51,AIADMK,Dindigul,Dindigul,South,GEN
132,MUTHARASI. S,NTK,7299,80.51,NTK,Dindigul,Dindigul,South,GEN
132,NOTA,NOTA,833,80.51,NOTA,Dindigul,Dindigul,South,GEN
132,SELVADHAYANITHI. M,IND,252,80.51,IND,Dindigul,Dindigul,South,GEN
132,SHEIK BAREETH.B,Tamizhaga Vaazhvurimai Katchi,249,80.51,Tamizhaga Vaazhvurimai Katchi,Dindigul,Dindigul,South,GEN
132,NAGARAJ. N,IND,211,80.51,IND,Dindigul,Dindigul,South,GEN
132,PRADEEP. M,Puthiya Tamilagam,203,80.51,Puthiya Tamilagam,Dindigul,Dindigul,South,GEN
132,BABU. S,IND,197,80.51,IND,Dindigul,Dindigul,South,GEN
132,RAMUTHEVAR. P,All India Puratchi Thalaivar Makkal Munnettra Kazhagam,184,80.51,All India Puratchi Thalaivar Makkal Munnettra Kazhagam,Dindigul,Dindigul,South,GEN
132,SEENIVASAN. P,IND,176,80.51,IND,Dindigul,Dindigul,South,GEN
132,UMAR ALI. R,IND,103,80.51,IND,Dindigul,Dindigul,South,GEN
132,GOPI KRISHNAN PILLAI. S,Rashtriya Samaj Dal (R),96,80.51,Rashtriya Samaj Dal (R),Dindigul,Dindigul,South,GEN
132,SARANYA. M,IND,88,80.51,IND,Dindigul,Dindigul,South,GEN
132,ANIS BABU. M,IND,75,80.51,IND,Dindigul,Dindigul,South,GEN
132,AROCKIA DASS. J,IND,56,80.51,IND,Dindigul,Dindigul,South,GEN
132,KARMEGAM. R,IND,54,80.51,IND,Dindigul,Dindigul,South,GEN
132,GANESH PERUMAL. D,IND,45,80.51,IND,Dindigul,Dindigul,South,GEN
132,RAJENDRAN. G,IND,38,80.51,IND,Dindigul,Dindigul,South,GEN
132,MUNIYAPPAN. M,IND,32,80.51,IND,Dindigul,Dindigul,South,GEN
133,SAMINATHAN. T,DMK,84948,90.68,DMK,Vedasandur,Dindigul,South,GEN
133,PARAMASIVAM. V.P.B.,AIADMK,74885,90.68,AIADMK,Vedasandur,Dindigul,South,GEN
133,DR.NAKAJOTHI. N,TVK,56804,90.68,TVK,Vedasandur,Dindigul,South,GEN
133,KHAJA HUSSAIN AHAMED. A,NTK,7095,90.68,NTK,Vedasandur,Dindigul,South,GEN
133,MURUGAN. V,IND,727,90.68,IND,Vedasandur,Dindigul,South,GEN
133,NOTA,NOTA,474,90.68,NOTA,Vedasandur,Dindigul,South,GEN
133,MARIMUTHU. S,IND,355,90.68,IND,Vedasandur,Dindigul,South,GEN
133,MANIKANDAPRABHU. N C,IND,294,90.68,IND,Vedasandur,Dindigul,South,GEN
133,MANEESHANKAR. M.G.,IND,205,90.68,IND,Vedasandur,Dindigul,South,GEN
133,BOOMIRAJ. K,Samaniya Makkal Nala Katchi,184,90.68,Samaniya Makkal Nala Katchi,Vedasandur,Dindigul,South,GEN
133,RAVI. R,Communist Party of India (Marxist-Leninist) (Liberation),153,90.68,Communist Party of India (Marxist-Leninist) (Liberation),Vedasandur,Dindigul,South,GEN
133,RAMESH. T,Tamizhaga Vaazhvurimai Katchi,131,90.68,Tamizhaga Vaazhvurimai Katchi,Vedasandur,Dindigul,South,GEN
133,SELVARAJ. V,IND,94,90.68,IND,Vedasandur,Dindigul,South,GEN
133,NATCHIMUTHU. R,IND,78,90.68,IND,Vedasandur,Dindigul,South,GEN
133,SURESH. B,IND,72,90.68,IND,Vedasandur,Dindigul,South,GEN
133,DHIVAKAR. A,IND,55,90.68,IND,Vedasandur,Dindigul,South,GEN
134,ELANGO. R,DMK,70827,93.64,DMK,Aravakurichi,Karur,Kongu,GEN
134,KARTHIKEYAN. P,TVK,51445,93.64,TVK,Aravakurichi,Karur,Kongu,GEN
134,SELVAKUMAR. K,AIADMK,49289,93.64,AIADMK,Aravakurichi,Karur,Kongu,GEN
134,NAREN. S,NTK,5154,93.64,NTK,Aravakurichi,Karur,Kongu,GEN
134,NOTA,NOTA,637,93.64,NOTA,Aravakurichi,Karur,Kongu,GEN
134,RAVI. AG,Tamizhaga Vaazhvurimai Katchi,398,93.64,Tamizhaga Vaazhvurimai Katchi,Aravakurichi,Karur,Kongu,GEN
134,SUGANYA. S,Bahujan Samaj Party,359,93.64,BSP,Aravakurichi,Karur,Kongu,GEN
134,TAMILARASAN. M,IND,346,93.64,IND,Aravakurichi,Karur,Kongu,GEN
134,NATARAJAN. P,IND,326,93.64,IND,Aravakurichi,Karur,Kongu,GEN
134,ASIYA BEGUM,All India Puratchi Thalaivar Makkal Munnettra Kazhagam,290,93.64,All India Puratchi Thalaivar Makkal Munnettra Kazhagam,Aravakurichi,Karur,Kongu,GEN
134,SOWMIYA. R,IND,284,93.64,IND,Aravakurichi,Karur,Kongu,GEN
134,BOOPATHY. S,IND,284,93.64,IND,Aravakurichi,Karur,Kongu,GEN
134,SAKTHIVEL. R,Viduthalai Kalam Katchi,211,93.64,Viduthalai Kalam Katchi,Aravakurichi,Karur,Kongu,GEN
134,NARENDRAKUMAR. G,IND,158,93.64,IND,Aravakurichi,Karur,Kongu,GEN
134,SIVALINGAM. T,IND,122,93.64,IND,Aravakurichi,Karur,Kongu,GEN
134,SILAMBARASAN. P,IND,114,93.64,IND,Aravakurichi,Karur,Kongu,GEN
134,NATCHIMUTHU. V,IND,92,93.64,IND,Aravakurichi,Karur,Kongu,GEN
134,MANIKANDAN. T,IND,86,93.64,IND,Aravakurichi,Karur,Kongu,GEN
134,RAJASEKARAN. N,IND,70,93.64,IND,Aravakurichi,Karur,Kongu,GEN
134,ARASUMANI. G,IND,61,93.64,IND,Aravakurichi,Karur,Kongu,GEN
134,KIRUBANANTH. S,IND,61,93.64,IND,Aravakurichi,Karur,Kongu,GEN
134,MATHIYALAGAN. P,IND,58,93.64,IND,Aravakurichi,Karur,Kongu,GEN
134,RAJENDARAN. N,IND,56,93.64,IND,Aravakurichi,Karur,Kongu,GEN
134,ARIVALAGAN. M,IND,51,93.64,IND,Aravakurichi,Karur,Kongu,GEN
134,KAVIYARASU. T,IND,50,93.64,IND,Aravakurichi,Karur,Kongu,GEN
134,KATHIRESAN. M,IND,49,93.64,IND,Aravakurichi,Karur,Kongu,GEN
134,PRAVEEN. S,IND,47,93.64,IND,Aravakurichi,Karur,Kongu,GEN
134,MOHANKUMAR. K,IND,47,93.64,IND,Aravakurichi,Karur,Kongu,GEN
134,RAMALINGAM. V,IND,38,93.64,IND,Aravakurichi,Karur,Kongu,GEN
134,RAGUPATHI. S,IND,35,93.64,IND,Aravakurichi,Karur,Kongu,GEN
134,MURUGESAN. R,IND,33,93.64,IND,Aravakurichi,Karur,Kongu,GEN
135,M.R. VIJAYABHASKAR,AIADMK,71542,93.73,AIADMK,Karur,Karur,Kongu,GEN
135,MATHIYALAGAN  V.P,TVK,69721,93.73,TVK,Karur,Karur,Kongu,GEN
135,AASEE.M. THIAGARAJAN,DMK,67256,93.73,DMK,Karur,Karur,Kongu,GEN
135,KARUPPAIYA. R,NTK,5465,93.73,NTK,Karur,Karur,Kongu,GEN
135,NOTA,NOTA,539,93.73,NOTA,Karur,Karur,Kongu,GEN
135,JAYAGOPAL. P,Bahujan Samaj Party,302,93.73,BSP,Karur,Karur,Kongu,GEN
135,GUNASEKARAN. K,Tamizhaga Vaazhvurimai Katchi,252,93.73,Tamizhaga Vaazhvurimai Katchi,Karur,Karur,Kongu,GEN
135,KATHIRVEL. K,IND,143,93.73,IND,Karur,Karur,Kongu,GEN
135,KANDASAMY. P,IND,134,93.73,IND,Karur,Karur,Kongu,GEN
135,KATHIRAVAN. P,IND,103,93.73,IND,Karur,Karur,Kongu,GEN
135,RAMACHANDRAN. A,Ganasangam Party of India,101,93.73,Ganasangam Party of India,Karur,Karur,Kongu,GEN
135,ANBAZHAGAN. T,IND,67,93.73,IND,Karur,Karur,Kongu,GEN
135,ELAMATHI. S,IND,59,93.73,IND,Karur,Karur,Kongu,GEN
135,KRISHNAKUMAR. K,IND,53,93.73,IND,Karur,Karur,Kongu,GEN
135,KALIMUTHU. V,Samaniya Makkal Nala Katchi,51,93.73,Samaniya Makkal Nala Katchi,Karur,Karur,Kongu,GEN
135,MURALI. M,IND,47,93.73,IND,Karur,Karur,Kongu,GEN
135,ASARUDHEEN. A,IND,45,93.73,IND,Karur,Karur,Kongu,GEN
135,ARULMANIARASU. P,IND,43,93.73,IND,Karur,Karur,Kongu,GEN
135,SUBASH MALAYALAM. T,IND,39,93.73,IND,Karur,Karur,Kongu,GEN
135,PRAVEENKUMAR. J,IND,37,93.73,IND,Karur,Karur,Kongu,GEN
135,KALAIRAJ. K,IND,35,93.73,IND,Karur,Karur,Kongu,GEN
135,KARUNAMOORTHY. S,IND,34,93.73,IND,Karur,Karur,Kongu,GEN
135,ANBARASAN. N,IND,30,93.73,IND,Karur,Karur,Kongu,GEN
135,SAMPATH. S,IND,28,93.73,IND,Karur,Karur,Kongu,GEN
135,SEETHA LAKSHMI. D,IND,28,93.73,IND,Karur,Karur,Kongu,GEN
135,SENBAGAKUMAR. L,IND,28,93.73,IND,Karur,Karur,Kongu,GEN
135,MAILVAGANAN. B,IND,28,93.73,IND,Karur,Karur,Kongu,GEN
135,KANAGARAJ. S,IND,27,93.73,IND,Karur,Karur,Kongu,GEN
135,SIVAKUMAR. N,IND,27,93.73,IND,Karur,Karur,Kongu,GEN
135,BABU. G,IND,24,93.73,IND,Karur,Karur,Kongu,GEN
135,MUTHU. K.R,IND,23,93.73,IND,Karur,Karur,Kongu,GEN
135,SIVAKUMAR. V,IND,21,93.73,IND,Karur,Karur,Kongu,GEN
135,MOHAMAD ISMAIL. M,IND,21,93.73,IND,Karur,Karur,Kongu,GEN
135,PARAMESWARI,IND,20,93.73,IND,Karur,Karur,Kongu,GEN
135,HARIHARAN. S,IND,20,93.73,IND,Karur,Karur,Kongu,GEN
135,BHARATHI. P,IND,19,93.73,IND,Karur,Karur,Kongu,GEN
135,DEVASTIN AUGUSTIN. G,IND,18,93.73,IND,Karur,Karur,Kongu,GEN
135,SIVAKUMAR. A,IND,17,93.73,IND,Karur,Karur,Kongu,GEN
135,PALAMUTHIR SELVAN. O,IND,17,93.73,IND,Karur,Karur,Kongu,GEN
135,KALIMUTHU. R,IND,16,93.73,IND,Karur,Karur,Kongu,GEN
135,SURIYAKUMAR. J,IND,16,93.73,IND,Karur,Karur,Kongu,GEN
135,MARIAMMAL. P.M,IND,16,93.73,IND,Karur,Karur,Kongu,GEN
135,SATHISH KUMAR. S,IND,15,93.73,IND,Karur,Karur,Kongu,GEN
135,STEPHENRAJ. L,IND,15,93.73,IND,Karur,Karur,Kongu,GEN
135,DINESH KUMAR. K,IND,14,93.73,IND,Karur,Karur,Kongu,GEN
135,NANDHAKUMAR. A,IND,14,93.73,IND,Karur,Karur,Kongu,GEN
135,VANITHA. K.M,IND,14,93.73,IND,Karur,Karur,Kongu,GEN
135,SOUNDARYAN. K,IND,13,93.73,IND,Karur,Karur,Kongu,GEN
135,HARI RAAJ. B,IND,13,93.73,IND,Karur,Karur,Kongu,GEN
135,SATHISH. P,IND,12,93.73,IND,Karur,Karur,Kongu,GEN
135,KANAGARAJ. P,IND,11,93.73,IND,Karur,Karur,Kongu,GEN
135,THIYAGARAJAN. M,IND,11,93.73,IND,Karur,Karur,Kongu,GEN
135,PALANIRAJAN. K,IND,11,93.73,IND,Karur,Karur,Kongu,GEN
135,MANOJ. P,IND,11,93.73,IND,Karur,Karur,Kongu,GEN
135,YOONUS ALI. R,IND,11,93.73,IND,Karur,Karur,Kongu,GEN
135,THIRUGNANAM. M,IND,10,93.73,IND,Karur,Karur,Kongu,GEN
135,SARAVANAN. R,IND,9,93.73,IND,Karur,Karur,Kongu,GEN
135,THAMILALAGAN. A,IND,9,93.73,IND,Karur,Karur,Kongu,GEN
135,VIJAYA BASKAR. R.V,IND,9,93.73,IND,Karur,Karur,Kongu,GEN
135,KARTHIKPERUMAL. R,IND,8,93.73,IND,Karur,Karur,Kongu,GEN
135,GOPALA KRISHNAN. A,IND,8,93.73,IND,Karur,Karur,Kongu,GEN
135,SENTHILKUMAR. G,IND,8,93.73,IND,Karur,Karur,Kongu,GEN
135,SENTHILKUMAR. M,IND,8,93.73,IND,Karur,Karur,Kongu,GEN
135,THANGAVELRAJ. S,IND,8,93.73,IND,Karur,Karur,Kongu,GEN
135,DINESH. B,IND,8,93.73,IND,Karur,Karur,Kongu,GEN
135,RAJAPANDIAN. K,IND,8,93.73,IND,Karur,Karur,Kongu,GEN
135,DANIYA. P,IND,7,93.73,IND,Karur,Karur,Kongu,GEN
135,DURAISAMY. J,IND,5,93.73,IND,Karur,Karur,Kongu,GEN
135,PRASANTH. S,IND,5,93.73,IND,Karur,Karur,Kongu,GEN
135,MANIKANDAN,IND,5,93.73,IND,Karur,Karur,Kongu,GEN
135,MATHANRAJ. P,IND,5,93.73,IND,Karur,Karur,Kongu,GEN
135,VINOTHKUMAR.  N,IND,5,93.73,IND,Karur,Karur,Kongu,GEN
135,PALANIVEL. P,IND,4,93.73,IND,Karur,Karur,Kongu,GEN
135,BASKAR. P,IND,4,93.73,IND,Karur,Karur,Kongu,GEN
135,RAGURAMAN MURUGANANTHAM,IND,4,93.73,IND,Karur,Karur,Kongu,GEN
135,VIJAYAN. K,IND,4,93.73,IND,Karur,Karur,Kongu,GEN
135,SOUNDARA RAJAN. R,IND,3,93.73,IND,Karur,Karur,Kongu,GEN
135,PRAKASH. N,IND,3,93.73,IND,Karur,Karur,Kongu,GEN
135,VINEETH. B,IND,3,93.73,IND,Karur,Karur,Kongu,GEN
135,VIGNESHWARAN. D,IND,2,93.73,IND,Karur,Karur,Kongu,GEN
136,SATHYA. M,TVK,62378,96.0,TVK,Krishnarayapuram,Karur,Kongu,SC
136,DR. DHIVYA. S,AIADMK,58875,96.0,AIADMK,Krishnarayapuram,Karur,Kongu,SC
136,RAJA. C.K,DMK,57292,96.0,DMK,Krishnarayapuram,Karur,Kongu,SC
136,SATHIYA. V,NTK,6102,96.0,NTK,Krishnarayapuram,Karur,Kongu,SC
136,NOTA,NOTA,525,96.0,NOTA,Krishnarayapuram,Karur,Kongu,SC
136,PARAMESWARAN. M,IND,376,96.0,IND,Krishnarayapuram,Karur,Kongu,SC
136,GOMATHI. M,Bahujan Samaj Party,306,96.0,BSP,Krishnarayapuram,Karur,Kongu,SC
136,SASIKUMAR. M,IND,306,96.0,IND,Krishnarayapuram,Karur,Kongu,SC
136,MANICKAVEL. R,IND,267,96.0,IND,Krishnarayapuram,Karur,Kongu,SC
136,NAVEENTH. M,IND,257,96.0,IND,Krishnarayapuram,Karur,Kongu,SC
136,BALSAMY. B,Naadaalum Makkal Katchi,230,96.0,Naadaalum Makkal Katchi,Krishnarayapuram,Karur,Kongu,SC
136,PRASANTH. D,IND,228,96.0,IND,Krishnarayapuram,Karur,Kongu,SC
136,SAKTHIVEL. A,IND,226,96.0,IND,Krishnarayapuram,Karur,Kongu,SC
136,SENTHIL. P.M,IND,212,96.0,IND,Krishnarayapuram,Karur,Kongu,SC
136,SELVAKUMAR. S,IND,205,96.0,IND,Krishnarayapuram,Karur,Kongu,SC
136,GANESAN. P,IND,172,96.0,IND,Krishnarayapuram,Karur,Kongu,SC
136,CHELLADURAI. M,IND,171,96.0,IND,Krishnarayapuram,Karur,Kongu,SC
136,SARAVANAN. V,Tamizhaga Vaazhvurimai Katchi,167,96.0,Tamizhaga Vaazhvurimai Katchi,Krishnarayapuram,Karur,Kongu,SC
136,MURUGAN. S,IND,165,96.0,IND,Krishnarayapuram,Karur,Kongu,SC
136,DINESH KUMAR.A,IND,123,96.0,IND,Krishnarayapuram,Karur,Kongu,SC
136,VIMALRAJ. S,IND,121,96.0,IND,Krishnarayapuram,Karur,Kongu,SC
136,SOUNDRAPANDIAN. S,Ganasangam Party of India,118,96.0,Ganasangam Party of India,Krishnarayapuram,Karur,Kongu,SC
136,DINESH KUMAR. N,IND,116,96.0,IND,Krishnarayapuram,Karur,Kongu,SC
136,MURUGANANDHAM. P.K,IND,92,96.0,IND,Krishnarayapuram,Karur,Kongu,SC
136,RAJAGURU.M,Samaniya Makkal Nala Katchi,79,96.0,Samaniya Makkal Nala Katchi,Krishnarayapuram,Karur,Kongu,SC
136,BABY. P,IND,71,96.0,IND,Krishnarayapuram,Karur,Kongu,SC
136,INDRAGANDHI. P,IND,68,96.0,IND,Krishnarayapuram,Karur,Kongu,SC
136,MAHAMUNI. A,IND,64,96.0,IND,Krishnarayapuram,Karur,Kongu,SC
136,PORSELVAN. B.S,IND,45,96.0,IND,Krishnarayapuram,Karur,Kongu,SC
137,SURIYANUR. A. CHANDRAN,DMK,68138,98.0,DMK,Kulithalai,Karur,Kongu,GEN
137,G.BALASUBRAMANI,TVK,67559,98.0,TVK,Kulithalai,Karur,Kongu,GEN
137,S.KARUNAKARAN,AIADMK,60317,98.0,AIADMK,Kulithalai,Karur,Kongu,GEN
137,SELVA.NANMAARAN,NTK,7978,98.0,NTK,Kulithalai,Karur,Kongu,GEN
137,NOTA,NOTA,612,98.0,NOTA,Kulithalai,Karur,Kongu,GEN
137,S.SENTHILKUMAR,IND,607,98.0,IND,Kulithalai,Karur,Kongu,GEN
137,V.CHINNASAMY,IND,488,98.0,IND,Kulithalai,Karur,Kongu,GEN
137,P.SELVAKUMAR,IND,452,98.0,IND,Kulithalai,Karur,Kongu,GEN
137,D.SARAVANAN,IND,381,98.0,IND,Kulithalai,Karur,Kongu,GEN
137,P.MURUGAN,Ganasangam Party of India,330,98.0,Ganasangam Party of India,Kulithalai,Karur,Kongu,GEN
137,K.SHEIKANWARDEEN,IND,302,98.0,IND,Kulithalai,Karur,Kongu,GEN
137,T.SELVARAJ,IND,217,98.0,IND,Kulithalai,Karur,Kongu,GEN
137,J.SANTHOSH KUMAR,IND,206,98.0,IND,Kulithalai,Karur,Kongu,GEN
137,K.HAKKIM,IND,182,98.0,IND,Kulithalai,Karur,Kongu,GEN
137,B.SAMPATHKUMAR,IND,162,98.0,IND,Kulithalai,Karur,Kongu,GEN
137,CHANDRASEKAR.P,IND,133,98.0,IND,Kulithalai,Karur,Kongu,GEN
137,M.VADIVELAN,IND,117,98.0,IND,Kulithalai,Karur,Kongu,GEN
137,M.ARUNKUMAR,IND,113,98.0,IND,Kulithalai,Karur,Kongu,GEN
137,O.KATHALINGAM,IND,95,98.0,IND,Kulithalai,Karur,Kongu,GEN
137,M.GAYATHIRI,IND,84,98.0,IND,Kulithalai,Karur,Kongu,GEN
137,B.KAJAHMOHIDEEN,IND,83,98.0,IND,Kulithalai,Karur,Kongu,GEN
137,T.MURUGANANTHAM,IND,82,98.0,IND,Kulithalai,Karur,Kongu,GEN
137,K.VEERAMALAI,IND,79,98.0,IND,Kulithalai,Karur,Kongu,GEN
137,S.IMRANKHAN,IND,68,98.0,IND,Kulithalai,Karur,Kongu,GEN
137,M.TAMILSELVAN,IND,67,98.0,IND,Kulithalai,Karur,Kongu,GEN
137,N.RAMAKRISHNAN,IND,63,98.0,IND,Kulithalai,Karur,Kongu,GEN
137,R.ARUNKUMAR,IND,53,98.0,IND,Kulithalai,Karur,Kongu,GEN
137,M.MAYILVAGANAN,IND,46,98.0,IND,Kulithalai,Karur,Kongu,GEN
137,J.MADHAVAN,IND,41,98.0,IND,Kulithalai,Karur,Kongu,GEN
137,J.PRADHAP,IND,36,98.0,IND,Kulithalai,Karur,Kongu,GEN
138,R. KATHIRAVAN,TVK,83041,89.34,TVK,Manapparai,Tiruchirappalli,Delta,GEN
138,DR. PL. VIJAYAKUMAR,AIADMK,81615,89.34,AIADMK,Manapparai,Tiruchirappalli,Delta,GEN
138,P. ABDUL SAMED,DMK,61355,89.34,DMK,Manapparai,Tiruchirappalli,Delta,GEN
138,M. ARUNAGIRI,NTK,10070,89.34,NTK,Manapparai,Tiruchirappalli,Delta,GEN
138,NOTA,NOTA,949,89.34,NOTA,Manapparai,Tiruchirappalli,Delta,GEN
138,AROCKIARAJ .A,Samaniya Makkal Nala Katchi,721,89.34,Samaniya Makkal Nala Katchi,Manapparai,Tiruchirappalli,Delta,GEN
138,P. VIJAYAKUMAR,IND,595,89.34,IND,Manapparai,Tiruchirappalli,Delta,GEN
138,RAJESH .M,IND,554,89.34,IND,Manapparai,Tiruchirappalli,Delta,GEN
138,SARPHUDIN,IND,333,89.34,IND,Manapparai,Tiruchirappalli,Delta,GEN
138,P. MEENA,Puthiya Tamilagam,275,89.34,Puthiya Tamilagam,Manapparai,Tiruchirappalli,Delta,GEN
138,M. KARUPPAN,IND,274,89.34,IND,Manapparai,Tiruchirappalli,Delta,GEN
138,A. SENTHIL KUMAR,IND,272,89.34,IND,Manapparai,Tiruchirappalli,Delta,GEN
138,PERIYAKKA,IND,238,89.34,IND,Manapparai,Tiruchirappalli,Delta,GEN
138,P. CHINNAN,IND,183,89.34,IND,Manapparai,Tiruchirappalli,Delta,GEN
138,KATHIRAVAN .M,IND,180,89.34,IND,Manapparai,Tiruchirappalli,Delta,GEN
138,M. VIJAYA KUMAR,IND,173,89.34,IND,Manapparai,Tiruchirappalli,Delta,GEN
138,RAJAVARMAN .R,Tamizhaga Vaazhvurimai Katchi,155,89.34,Tamizhaga Vaazhvurimai Katchi,Manapparai,Tiruchirappalli,Delta,GEN
138,KUTTAIAN,IND,126,89.34,IND,Manapparai,Tiruchirappalli,Delta,GEN
138,A. RAMAN,IND,107,89.34,IND,Manapparai,Tiruchirappalli,Delta,GEN
139,RAMESH,TVK,103235,90.68,TVK,Srirangam,Tiruchirappalli,Delta,GEN
139,S. DURAIRAJ,DMK,69645,90.68,DMK,Srirangam,Tiruchirappalli,Delta,GEN
139,R.MANOHARAN,AIADMK,65819,90.68,AIADMK,Srirangam,Tiruchirappalli,Delta,GEN
139,DHARMARAJ. M,NTK,11026,90.68,NTK,Srirangam,Tiruchirappalli,Delta,GEN
139,NOTA,NOTA,929,90.68,NOTA,Srirangam,Tiruchirappalli,Delta,GEN
139,VIJAY .A,All India Puratchi Thalaivar Makkal Munnettra Kazhagam,438,90.68,All India Puratchi Thalaivar Makkal Munnettra Kazhagam,Srirangam,Tiruchirappalli,Delta,GEN
139,MURALI .N,Tamizhaga Vaazhvurimai Katchi,405,90.68,Tamizhaga Vaazhvurimai Katchi,Srirangam,Tiruchirappalli,Delta,GEN
139,RAMESH.R,IND,404,90.68,IND,Srirangam,Tiruchirappalli,Delta,GEN
139,ALLIMUTHU.M,Bahujan Samaj Party,371,90.68,BSP,Srirangam,Tiruchirappalli,Delta,GEN
139,KRISHNAKUMAR.A,IND,298,90.68,IND,Srirangam,Tiruchirappalli,Delta,GEN
139,SHASHI KIRAN .K .N,IND,298,90.68,IND,Srirangam,Tiruchirappalli,Delta,GEN
139,S. DURAIRAJ,IND,298,90.68,IND,Srirangam,Tiruchirappalli,Delta,GEN
139,KAMARAJ.K,Samaniya Makkal Nala Katchi,292,90.68,Samaniya Makkal Nala Katchi,Srirangam,Tiruchirappalli,Delta,GEN
139,MUTHUKUMAR.P,IND,289,90.68,IND,Srirangam,Tiruchirappalli,Delta,GEN
139,ANBARASAN.M,IND,261,90.68,IND,Srirangam,Tiruchirappalli,Delta,GEN
139,KARTHICK.S,IND,218,90.68,IND,Srirangam,Tiruchirappalli,Delta,GEN
139,KUMAR. P,Akila Inthiya Makkal Marumalarchi Kazhakam,166,90.68,Akila Inthiya Makkal Marumalarchi Kazhakam,Srirangam,Tiruchirappalli,Delta,GEN
139,NEWTON.A,Puthiya Tamilagam,166,90.68,Puthiya Tamilagam,Srirangam,Tiruchirappalli,Delta,GEN
139,K. SAKTHIVEL,Anna Puratchi Thalaivar Amma Dravida Munnetra Kazhagam,158,90.68,Anna Puratchi Thalaivar Amma Dravida Munnetra Kazhagam,Srirangam,Tiruchirappalli,Delta,GEN
139,RAVICHANDIRAN.N,IND,99,90.68,IND,Srirangam,Tiruchirappalli,Delta,GEN
139,PARAMASIVAM,IND,86,90.68,IND,Srirangam,Tiruchirappalli,Delta,GEN
139,MOHAMED MUSTHAFA. M,IND,84,90.68,IND,Srirangam,Tiruchirappalli,Delta,GEN
140,K.N.NEHRU,DMK,88235,78.37,DMK,Tiruchirapalli (West),Tiruchirappalli,Delta,GEN
140,G.RAMAMOORTHI,TVK,83449,78.37,TVK,Tiruchirapalli (West),Tiruchirappalli,Delta,GEN
140,M.RAJASEKARAN,AMMK,14136,78.37,AMMK,Tiruchirapalli (West),Tiruchirappalli,Delta,GEN
140,K.BHUVANESWARI,NTK,7470,78.37,NTK,Tiruchirapalli (West),Tiruchirappalli,Delta,GEN
140,NOTA,NOTA,1098,78.37,NOTA,Tiruchirapalli (West),Tiruchirappalli,Delta,GEN
140,CHINNAIYAN POOSARI,Bahujan Samaj Party,453,78.37,BSP,Tiruchirapalli (West),Tiruchirappalli,Delta,GEN
140,JEEVANANTHAM.M,IND,323,78.37,IND,Tiruchirapalli (West),Tiruchirappalli,Delta,GEN
140,R.PRABU,Tamizhaga Vaazhvurimai Katchi,310,78.37,Tamizhaga Vaazhvurimai Katchi,Tiruchirapalli (West),Tiruchirappalli,Delta,GEN
140,A.VASUDEVAN,IND,158,78.37,IND,Tiruchirapalli (West),Tiruchirappalli,Delta,GEN
140,SAMPATH,IND,152,78.37,IND,Tiruchirapalli (West),Tiruchirappalli,Delta,GEN
140,A.VEERAMANI,Samaniya Makkal Nala Katchi,140,78.37,Samaniya Makkal Nala Katchi,Tiruchirapalli (West),Tiruchirappalli,Delta,GEN
140,SUNDARAPANDIYARAJA,IND,122,78.37,IND,Tiruchirapalli (West),Tiruchirappalli,Delta,GEN
140,P.RAJENDRAN,IND,117,78.37,IND,Tiruchirapalli (West),Tiruchirappalli,Delta,GEN
140,M.KALAIMANI,IND,108,78.37,IND,Tiruchirapalli (West),Tiruchirappalli,Delta,GEN
140,M.CHANDRASEKARAN,IND,76,78.37,IND,Tiruchirapalli (West),Tiruchirappalli,Delta,GEN
141,C. JOSEPH VIJAY,TVK,91381,79.0,TVK,Tiruchirapalli (East),Tiruchirappalli,Delta,GEN
141,S. INIGO IRUDAYARAJ,DMK,63965,79.0,DMK,Tiruchirapalli (East),Tiruchirappalli,Delta,GEN
141,G. RAJASEKARAN,AIADMK,19715,79.0,AIADMK,Tiruchirapalli (East),Tiruchirappalli,Delta,GEN
141,DR.KRISHNASAMY .V,NTK,4790,79.0,NTK,Tiruchirapalli (East),Tiruchirappalli,Delta,GEN
141,NOTA,NOTA,514,79.0,NOTA,Tiruchirapalli (East),Tiruchirappalli,Delta,GEN
141,P. CHARLES SAGAYARAJ,IND,390,79.0,IND,Tiruchirapalli (East),Tiruchirappalli,Delta,GEN
141,VIJAIA MOHANAAJI .MA,Vidial Valarchi Perani,235,79.0,Vidial Valarchi Perani,Tiruchirapalli (East),Tiruchirappalli,Delta,GEN
141,R. ELANGOVAN,Bahujan Samaj Party,234,79.0,BSP,Tiruchirapalli (East),Tiruchirappalli,Delta,GEN
141,ROYAL RAJA,Tamizhaga Vaazhvurimai Katchi,167,79.0,Tamizhaga Vaazhvurimai Katchi,Tiruchirapalli (East),Tiruchirappalli,Delta,GEN
141,VIJAY .K,All India Jananayaka Makkal Kazhagam,141,79.0,All India Jananayaka Makkal Kazhagam,Tiruchirapalli (East),Tiruchirappalli,Delta,GEN
141,KANNAN .S,IND,138,79.0,IND,Tiruchirapalli (East),Tiruchirappalli,Delta,GEN
141,C. NANDA KUMAR,All India Puratchi Thalaivar Makkal Munnettra Kazhagam,132,79.0,All India Puratchi Thalaivar Makkal Munnettra Kazhagam,Tiruchirapalli (East),Tiruchirappalli,Delta,GEN
141,G. SEBASTIAN ANAND,IND,124,79.0,IND,Tiruchirapalli (East),Tiruchirappalli,Delta,GEN
141,S. PANNEER SELVAM,IND,109,79.0,IND,Tiruchirapalli (East),Tiruchirappalli,Delta,GEN
141,ANAND SELVARAJ,National Maha Sabha Party,105,79.0,National Maha Sabha Party,Tiruchirapalli (East),Tiruchirappalli,Delta,GEN
141,SUKUMAR .S,Thamizhaka Padaippalar Makkal Katchi,101,79.0,Thamizhaka Padaippalar Makkal Katchi,Tiruchirapalli (East),Tiruchirappalli,Delta,GEN
141,T. GANGAI ULAGANATHAN,IND,79,79.0,IND,Tiruchirapalli (East),Tiruchirappalli,Delta,GEN
141,N. GOBINATH,Puthiya Tamilagam,63,79.0,Puthiya Tamilagam,Tiruchirapalli (East),Tiruchirappalli,Delta,GEN
141,P. RAJENDRAN,IND,48,79.0,IND,Tiruchirapalli (East),Tiruchirappalli,Delta,GEN
141,R. MUTHUKUMAR,Samaniya Makkal Nala Katchi,31,79.0,Samaniya Makkal Nala Katchi,Tiruchirapalli (East),Tiruchirappalli,Delta,GEN
141,J. ROBERT CHRISTY,IND,31,79.0,IND,Tiruchirapalli (East),Tiruchirappalli,Delta,GEN
142,VIJAYAKUMAR (A) NAVALPATTU S. VIJI,TVK,89837,78.84,TVK,Thiruverambur,Tiruchirappalli,Delta,GEN
142,ANBIL MAHESH POYYAMOZHI,DMK,81132,78.84,DMK,Thiruverambur,Tiruchirappalli,Delta,GEN
142,KUMAR. P,AIADMK,29473,78.84,AIADMK,Thiruverambur,Tiruchirappalli,Delta,GEN
142,RAJESSH. T,NTK,9311,78.84,NTK,Thiruverambur,Tiruchirappalli,Delta,GEN
142,NOTA,NOTA,745,78.84,NOTA,Thiruverambur,Tiruchirappalli,Delta,GEN
142,MURUGANANTHAM. G,IND,441,78.84,IND,Thiruverambur,Tiruchirappalli,Delta,GEN
142,POULOSH. D,IND,291,78.84,IND,Thiruverambur,Tiruchirappalli,Delta,GEN
142,RANJITH. S,Tamizhaga Vaazhvurimai Katchi,253,78.84,Tamizhaga Vaazhvurimai Katchi,Thiruverambur,Tiruchirappalli,Delta,GEN
142,PITCHAIMUTHU. A,Puthiya Tamilagam,237,78.84,Puthiya Tamilagam,Thiruverambur,Tiruchirappalli,Delta,GEN
142,DR. MOHANA CHELVAN. P,IND,203,78.84,IND,Thiruverambur,Tiruchirappalli,Delta,GEN
142,VISITHRA. S,Bahujan Samaj Party,194,78.84,BSP,Thiruverambur,Tiruchirappalli,Delta,GEN
142,SHAJAGAN. A,IND,182,78.84,IND,Thiruverambur,Tiruchirappalli,Delta,GEN
142,KUMARAVEL. T,Thamizhaka Padaippalar Makkal Katchi,178,78.84,Thamizhaka Padaippalar Makkal Katchi,Thiruverambur,Tiruchirappalli,Delta,GEN
142,VETRIVEL KANNA. P,IND,173,78.84,IND,Thiruverambur,Tiruchirappalli,Delta,GEN
142,JAYACHANDRAN. P,IND,133,78.84,IND,Thiruverambur,Tiruchirappalli,Delta,GEN
142,JOSEPH. L,Samaniya Makkal Nala Katchi,114,78.84,Samaniya Makkal Nala Katchi,Thiruverambur,Tiruchirappalli,Delta,GEN
142,DEEPAK. P,IND,114,78.84,IND,Thiruverambur,Tiruchirappalli,Delta,GEN
142,CHARLES. S,IND,101,78.84,IND,Thiruverambur,Tiruchirappalli,Delta,GEN
142,SUBBULAKSHMI. R,IND,92,78.84,IND,Thiruverambur,Tiruchirappalli,Delta,GEN
142,YESURAJ. I,IND,64,78.84,IND,Thiruverambur,Tiruchirappalli,Delta,GEN
142,VIJAYAKUMAR. N,IND,54,78.84,IND,Thiruverambur,Tiruchirappalli,Delta,GEN
142,KUMAR. P,IND,48,78.84,IND,Thiruverambur,Tiruchirappalli,Delta,GEN
142,VIJAYAKUMAR. C,IND,48,78.84,IND,Thiruverambur,Tiruchirappalli,Delta,GEN
142,RAMACHANDRAN. V,IND,47,78.84,IND,Thiruverambur,Tiruchirappalli,Delta,GEN
142,HABEEB RAHAMAN. H,IND,44,78.84,IND,Thiruverambur,Tiruchirappalli,Delta,GEN
142,KUMAR. K,IND,40,78.84,IND,Thiruverambur,Tiruchirappalli,Delta,GEN
142,VINCENTRAJ. A,IND,34,78.84,IND,Thiruverambur,Tiruchirappalli,Delta,GEN
143,LEEMAROSE MARTIN,AIADMK,60795,90.04,AIADMK,Lalgudi,Tiruchirappalli,Delta,GEN
143,KU PA KRISHNAN,TVK,58056,90.04,TVK,Lalgudi,Tiruchirappalli,Delta,GEN
143,T. PARIVALLAL,DMK,55565,90.04,DMK,Lalgudi,Tiruchirappalli,Delta,GEN
143,N. MADHAN,NTK,6992,90.04,NTK,Lalgudi,Tiruchirappalli,Delta,GEN
143,R. DINESHKUMAR,IND,403,90.04,IND,Lalgudi,Tiruchirappalli,Delta,GEN
143,K. IMMACULATE MARY,Samaniya Makkal Nala Katchi,399,90.04,Samaniya Makkal Nala Katchi,Lalgudi,Tiruchirappalli,Delta,GEN
143,NOTA,NOTA,390,90.04,NOTA,Lalgudi,Tiruchirappalli,Delta,GEN
143,PRATHEEBA,Bahujan Samaj Party,348,90.04,BSP,Lalgudi,Tiruchirappalli,Delta,GEN
143,R. PONSILAMBU,IND,340,90.04,IND,Lalgudi,Tiruchirappalli,Delta,GEN
143,DHANAMOORTHY .R,IND,220,90.04,IND,Lalgudi,Tiruchirappalli,Delta,GEN
143,JOSEPHIN,All India Puratchi Thalaivar Makkal Munnettra Kazhagam,192,90.04,All India Puratchi Thalaivar Makkal Munnettra Kazhagam,Lalgudi,Tiruchirappalli,Delta,GEN
143,E. YESUDOSS,Tamilaga Makkal Nala Katchi,183,90.04,Tamilaga Makkal Nala Katchi,Lalgudi,Tiruchirappalli,Delta,GEN
143,V. MUTHUSAMY,IND,170,90.04,IND,Lalgudi,Tiruchirappalli,Delta,GEN
143,JINNAH JAKEER HUSSAIN,IND,139,90.04,IND,Lalgudi,Tiruchirappalli,Delta,GEN
143,P. SARAVANAN,Tamizhaga Vaazhvurimai Katchi,135,90.04,Tamizhaga Vaazhvurimai Katchi,Lalgudi,Tiruchirappalli,Delta,GEN
143,P. ELANCHEZHIYAN,Puthiya Tamilagam,131,90.04,Puthiya Tamilagam,Lalgudi,Tiruchirappalli,Delta,GEN
143,K. SENTHILKUMAR,IND,130,90.04,IND,Lalgudi,Tiruchirappalli,Delta,GEN
143,M. RAMESHKUMAR,IND,120,90.04,IND,Lalgudi,Tiruchirappalli,Delta,GEN
143,MANSOOR ALIKHAN,IND,101,90.04,IND,Lalgudi,Tiruchirappalli,Delta,GEN
143,K. DHARMARAJ,IND,86,90.04,IND,Lalgudi,Tiruchirappalli,Delta,GEN
143,A. JEGAN SALAMONDOSS,IND,72,90.04,IND,Lalgudi,Tiruchirappalli,Delta,GEN
143,A. AMALAN SAVARIMUTHU,IND,68,90.04,IND,Lalgudi,Tiruchirappalli,Delta,GEN
143,M. KRISHNAN,IND,66,90.04,IND,Lalgudi,Tiruchirappalli,Delta,GEN
143,MOHAMED ABUBAKKAR SIDDIQ,IND,60,90.04,IND,Lalgudi,Tiruchirappalli,Delta,GEN
143,R. TAMILARASAN,IND,52,90.04,IND,Lalgudi,Tiruchirappalli,Delta,GEN
144,KATHIRAVAN. S,DMK,81447,89.74,DMK,Manachanallur,Tiruchirappalli,Delta,GEN
144,V.SARAVANAN,TVK,69083,89.74,TVK,Manachanallur,Tiruchirappalli,Delta,GEN
144,R.V. BHARATHAN,AIADMK,46066,89.74,AIADMK,Manachanallur,Tiruchirappalli,Delta,GEN
144,THENMOZHI. R,NTK,9289,89.74,NTK,Manachanallur,Tiruchirappalli,Delta,GEN
144,NOTA,NOTA,599,89.74,NOTA,Manachanallur,Tiruchirappalli,Delta,GEN
144,RAMESH KUMAR. G,IND,498,89.74,IND,Manachanallur,Tiruchirappalli,Delta,GEN
144,NAGARAJAN. V,IND,456,89.74,IND,Manachanallur,Tiruchirappalli,Delta,GEN
144,BALAKRISHNAN (A) AMOOR BALU,Bahujan Samaj Party,384,89.74,BSP,Manachanallur,Tiruchirappalli,Delta,GEN
144,RADHAKRISHNAN. S,IND,341,89.74,IND,Manachanallur,Tiruchirappalli,Delta,GEN
144,RAMPRASAD. N,IND,230,89.74,IND,Manachanallur,Tiruchirappalli,Delta,GEN
144,BALU. M,Puthiya Tamilagam,186,89.74,Puthiya Tamilagam,Manachanallur,Tiruchirappalli,Delta,GEN
144,RAJU. V,IND,153,89.74,IND,Manachanallur,Tiruchirappalli,Delta,GEN
144,K. SENTHILKUMAR,Samaniya Makkal Nala Katchi,140,89.74,Samaniya Makkal Nala Katchi,Manachanallur,Tiruchirappalli,Delta,GEN
144,KARTHIKEYAN. P,IND,132,89.74,IND,Manachanallur,Tiruchirappalli,Delta,GEN
144,SARAVANAKUMAR. S,IND,130,89.74,IND,Manachanallur,Tiruchirappalli,Delta,GEN
144,RAJASEHAR. R,IND,117,89.74,IND,Manachanallur,Tiruchirappalli,Delta,GEN
144,SHANMUGAM. V.T,IND,113,89.74,IND,Manachanallur,Tiruchirappalli,Delta,GEN
144,DIVESH. S,IND,103,89.74,IND,Manachanallur,Tiruchirappalli,Delta,GEN
144,SATHEESKUMAR. K,IND,80,89.74,IND,Manachanallur,Tiruchirappalli,Delta,GEN
144,REVATHI. S,Akila Inthiya Makkal Marumalarchi Kazhakam,75,89.74,Akila Inthiya Makkal Marumalarchi Kazhakam,Manachanallur,Tiruchirappalli,Delta,GEN
144,VEERAIYA. C,Tamizhaga Vaazhvurimai Katchi,62,89.74,Tamizhaga Vaazhvurimai Katchi,Manachanallur,Tiruchirappalli,Delta,GEN
144,JAYARAMAN. M,IND,52,89.74,IND,Manachanallur,Tiruchirappalli,Delta,GEN
144,GOPALAKRISHNAN. V,IND,44,89.74,IND,Manachanallur,Tiruchirappalli,Delta,GEN
145,M.VIGNESH,TVK,71281,86.8,TVK,Musiri,Tiruchirappalli,Delta,GEN
145,N.S.KARUNAIRAAJA,DMK,53839,86.8,DMK,Musiri,Tiruchirappalli,Delta,GEN
145,N.YOGANATHAN,AIADMK,52061,86.8,AIADMK,Musiri,Tiruchirappalli,Delta,GEN
145,G. BAKIYALAKSHMI,NTK,8357,86.8,NTK,Musiri,Tiruchirappalli,Delta,GEN
145,NOTA,NOTA,1093,86.8,NOTA,Musiri,Tiruchirappalli,Delta,GEN
145,M.CHINNAIYAN,Puthiya Tamilagam,677,86.8,Puthiya Tamilagam,Musiri,Tiruchirappalli,Delta,GEN
145,P.LOGANATHAN M.SC.M.PHIL.,IND,487,86.8,IND,Musiri,Tiruchirappalli,Delta,GEN
145,SENTHILKUMAR,IND,308,86.8,IND,Musiri,Tiruchirappalli,Delta,GEN
145,MALARMANNAN.M,Samaniya Makkal Nala Katchi,281,86.8,Samaniya Makkal Nala Katchi,Musiri,Tiruchirappalli,Delta,GEN
145,C.PALANISAMY,Tamizhaga Vaazhvurimai Katchi,265,86.8,Tamizhaga Vaazhvurimai Katchi,Musiri,Tiruchirappalli,Delta,GEN
145,K.DHIVYA,Rashtriya Samaj Dal (R),253,86.8,Rashtriya Samaj Dal (R),Musiri,Tiruchirappalli,Delta,GEN
145,S.VENKATESHWARAN,Anti Corruption Dynamic Party,239,86.8,Anti Corruption Dynamic Party,Musiri,Tiruchirappalli,Delta,GEN
146,RAVISANKAR.M,TVK,66263,92.28,TVK,Thuraiyur,Tiruchirappalli,Delta,SC
146,E.SAROJA,AIADMK,56649,92.28,AIADMK,Thuraiyur,Tiruchirappalli,Delta,SC
146,M.LENIN PRASATH,INC,49222,92.28,INC,Thuraiyur,Tiruchirappalli,Delta,SC
146,S  KOWSALYA,NTK,8436,92.28,NTK,Thuraiyur,Tiruchirappalli,Delta,SC
146,NOTA,NOTA,697,92.28,NOTA,Thuraiyur,Tiruchirappalli,Delta,SC
146,P.SRINIVASAN,Bahujan Samaj Party,588,92.28,BSP,Thuraiyur,Tiruchirappalli,Delta,SC
146,GNANAVETTIYAN SIVAPERUMAL .K,Tamizhaga Vaazhvurimai Katchi,513,92.28,Tamizhaga Vaazhvurimai Katchi,Thuraiyur,Tiruchirappalli,Delta,SC
146,M. RAVICHANDRAN,IND,391,92.28,IND,Thuraiyur,Tiruchirappalli,Delta,SC
146,K.SELVAM,IND,356,92.28,IND,Thuraiyur,Tiruchirappalli,Delta,SC
146,G. DHINESHKUMAR,IND,326,92.28,IND,Thuraiyur,Tiruchirappalli,Delta,SC
146,T. RAJAMANICKAM,Puthiya Tamilagam,236,92.28,Puthiya Tamilagam,Thuraiyur,Tiruchirappalli,Delta,SC
146,N. MUTHAZHAGU,IND,213,92.28,IND,Thuraiyur,Tiruchirappalli,Delta,SC
146,SELVAM .G,IND,193,92.28,IND,Thuraiyur,Tiruchirappalli,Delta,SC
146,P.SAROJA,IND,141,92.28,IND,Thuraiyur,Tiruchirappalli,Delta,SC
146,K.SAROJA,IND,107,92.28,IND,Thuraiyur,Tiruchirappalli,Delta,SC
146,E.SAROJA,IND,95,92.28,IND,Thuraiyur,Tiruchirappalli,Delta,SC
147,SIVAKUMAR. K,TVK,90882,92.35,TVK,Perambalur,Perambalur,Central,SC
147,DR. JAYALAKSHMI. S.T,DMK,76489,92.35,DMK,Perambalur,Perambalur,Central,SC
147,THAMIZHSELVAN. R,AIADMK,72716,92.35,AIADMK,Perambalur,Perambalur,Central,SC
147,SUGANYA. J,NTK,9474,92.35,NTK,Perambalur,Perambalur,Central,SC
147,NOTA,NOTA,1160,92.35,NOTA,Perambalur,Perambalur,Central,SC
147,ARIVAZHAGAN. D,Bahujan Samaj Party,678,92.35,BSP,Perambalur,Perambalur,Central,SC
147,SUBRAMANIAN. R,IND,595,92.35,IND,Perambalur,Perambalur,Central,SC
147,SHIYAMALA. M,IND,421,92.35,IND,Perambalur,Perambalur,Central,SC
147,DHAMODHARAN. S,Tamizhaga Vaazhvurimai Katchi,360,92.35,Tamizhaga Vaazhvurimai Katchi,Perambalur,Perambalur,Central,SC
147,CHANDRAKUMAR. P,IND,339,92.35,IND,Perambalur,Perambalur,Central,SC
147,JAYACHANDRAN. B,IND,305,92.35,IND,Perambalur,Perambalur,Central,SC
147,ANANDAJOTHI PARAMASIVAM,IND,235,92.35,IND,Perambalur,Perambalur,Central,SC
148,SIVASANKAR. S.S,DMK,87237,90.48,DMK,Kunnam,Perambalur,Central,GEN
148,SARANYA. A,AIADMK,71680,90.48,AIADMK,Kunnam,Perambalur,Central,GEN
148,REVATHI MUTHAMILSELVAN,TVK,59170,90.48,TVK,Kunnam,Perambalur,Central,GEN
148,KEERTHIVASAN. R,NTK,7482,90.48,NTK,Kunnam,Perambalur,Central,GEN
148,THANASEKAR. R,IND,677,90.48,IND,Kunnam,Perambalur,Central,GEN
148,ELANGOVAN. K,Naadaalum Makkal Katchi,546,90.48,Naadaalum Makkal Katchi,Kunnam,Perambalur,Central,GEN
148,SHAJAHAN,IND,541,90.48,IND,Kunnam,Perambalur,Central,GEN
148,NALLATHAMBI. P,IND,507,90.48,IND,Kunnam,Perambalur,Central,GEN
148,NOTA,NOTA,484,90.48,NOTA,Kunnam,Perambalur,Central,GEN
148,VINOTHKUMAR. M,IND,421,90.48,IND,Kunnam,Perambalur,Central,GEN
148,NALLUSAMY. K.M,Bahujan Samaj Party,409,90.48,BSP,Kunnam,Perambalur,Central,GEN
148,MUTHAMILSELVAN. D,IND,268,90.48,IND,Kunnam,Perambalur,Central,GEN
148,UDHAYASURIYAN. T,IND,210,90.48,IND,Kunnam,Perambalur,Central,GEN
148,RAJA. S.P,Tamizhaga Vaazhvurimai Katchi,189,90.48,Tamizhaga Vaazhvurimai Katchi,Kunnam,Perambalur,Central,GEN
148,SIVASANKARAN. P,IND,172,90.48,IND,Kunnam,Perambalur,Central,GEN
148,ANBUTHAMIZHAN. T,Thamizh Perarasu Katchi,149,90.48,Thamizh Perarasu Katchi,Kunnam,Perambalur,Central,GEN
148,VIVEK. T,IND,144,90.48,IND,Kunnam,Perambalur,Central,GEN
148,SAMINATHAN. C,IND,137,90.48,IND,Kunnam,Perambalur,Central,GEN
148,CHANDRASEKAR. P,IND,85,90.48,IND,Kunnam,Perambalur,Central,GEN
148,KATHIRAVAN. A.C,IND,62,90.48,IND,Kunnam,Perambalur,Central,GEN
149,RAJENDRAN S,AIADMK,95219,96.75,AIADMK,Ariyalur,Ariyalur,Central,GEN
149,LATHA BALU,DMK,70721,96.75,DMK,Ariyalur,Ariyalur,Central,GEN
149,SIVAKUMAR M,TVK,57359,96.75,TVK,Ariyalur,Ariyalur,Central,GEN
149,PUGAZHENDHI D,NTK,8527,96.75,NTK,Ariyalur,Ariyalur,Central,GEN
149,JOTHIBASU K,IND,691,96.75,IND,Ariyalur,Ariyalur,Central,GEN
149,NOTA,NOTA,641,96.75,NOTA,Ariyalur,Ariyalur,Central,GEN
149,THANGA. SHANMUGA SUNDARAM,Naadaalum Makkal Katchi,637,96.75,Naadaalum Makkal Katchi,Ariyalur,Ariyalur,Central,GEN
149,VETRIVEL G,IND,554,96.75,IND,Ariyalur,Ariyalur,Central,GEN
149,STALIN V,Bahujan Samaj Party,475,96.75,BSP,Ariyalur,Ariyalur,Central,GEN
149,SEMMALAI T,IND,259,96.75,IND,Ariyalur,Ariyalur,Central,GEN
149,RAJKUMAR K,IND,201,96.75,IND,Ariyalur,Ariyalur,Central,GEN
149,SUDHAKAR M,Tamizhaga Vaazhvurimai Katchi,177,96.75,Tamizhaga Vaazhvurimai Katchi,Ariyalur,Ariyalur,Central,GEN
149,KUMAR K,IND,136,96.75,IND,Ariyalur,Ariyalur,Central,GEN
149,RAJKUMAR S,All India Puratchi Thalaivar Makkal Munnettra Kazhagam,117,96.75,All India Puratchi Thalaivar Makkal Munnettra Kazhagam,Ariyalur,Ariyalur,Central,GEN
149,KRISHNAMOORTHY C,IND,74,96.75,IND,Ariyalur,Ariyalur,Central,GEN
149,ELAIYARAJA C,IND,70,96.75,IND,Ariyalur,Ariyalur,Central,GEN
150,VAITHILINGAM G.,PMK,88992,92.09,PMK,Jayankondam,Ariyalur,Central,GEN
150,KANNAN KA.SO.KA.,DMK,70502,92.09,DMK,Jayankondam,Ariyalur,Central,GEN
150,KAVITHA RAJENDRAN G.,TVK,55538,92.09,TVK,Jayankondam,Ariyalur,Central,GEN
150,REVATHI K.,NTK,6192,92.09,NTK,Jayankondam,Ariyalur,Central,GEN
150,RAVISANKAR N.,Aanaithinthiya Jananayaka Pathukappu Kazhagam,1203,92.09,Aanaithinthiya Jananayaka Pathukappu Kazhagam,Jayankondam,Ariyalur,Central,GEN
150,CHANTHIRASEKAR S.,IND,984,92.09,IND,Jayankondam,Ariyalur,Central,GEN
150,VINOTHSAVARIREMIJEAS C.,IND,792,92.09,IND,Jayankondam,Ariyalur,Central,GEN
150,RAVANAN M.,Naadaalum Makkal Katchi,711,92.09,Naadaalum Makkal Katchi,Jayankondam,Ariyalur,Central,GEN
150,SANKAR M.,Rashtriya Samaj Dal (R),608,92.09,Rashtriya Samaj Dal (R),Jayankondam,Ariyalur,Central,GEN
150,ANANDHAKUMAR R.,IND,583,92.09,IND,Jayankondam,Ariyalur,Central,GEN
150,JAYABALAN G.,Vada Tamil Nadu Munnetra Katchi,528,92.09,Vada Tamil Nadu Munnetra Katchi,Jayankondam,Ariyalur,Central,GEN
150,CHINNADURAI S.,Bahujan Samaj Party,475,92.09,BSP,Jayankondam,Ariyalur,Central,GEN
150,NOTA,NOTA,416,92.09,NOTA,Jayankondam,Ariyalur,Central,GEN
150,PAGUTHARIVALAN A.,Tamizhaga Vaazhvurimai Katchi,269,92.09,Tamizhaga Vaazhvurimai Katchi,Jayankondam,Ariyalur,Central,GEN
150,GURUNATHAN N.,IND,177,92.09,IND,Jayankondam,Ariyalur,Central,GEN
150,KANNAN K.,IND,158,92.09,IND,Jayankondam,Ariyalur,Central,GEN
150,AZHAGESAN V.R.,Desiya Makkal Sakthi Katchi,151,92.09,Desiya Makkal Sakthi Katchi,Jayankondam,Ariyalur,Central,GEN
150,ISAC NEWTAN J.,IND,115,92.09,IND,Jayankondam,Ariyalur,Central,GEN
150,VEZHAVENTHAN D.,IND,100,92.09,IND,Jayankondam,Ariyalur,Central,GEN
150,VENKATAJALAPATHI R.,IND,54,92.09,IND,Jayankondam,Ariyalur,Central,GEN
151,GANESAN C.V,DMK,63106,87.4,DMK,Tittakudi,Cuddalore,Central,SC
151,RAJASEKAR A,TVK,60477,87.4,TVK,Tittakudi,Cuddalore,Central,SC
151,MURUGUMARAN N,AIADMK,42502,87.4,AIADMK,Tittakudi,Cuddalore,Central,SC
151,MAHALAKSHMI V,NTK,5709,87.4,NTK,Tittakudi,Cuddalore,Central,SC
151,NOTA,NOTA,584,87.4,NOTA,Tittakudi,Cuddalore,Central,SC
151,VELMURUGAN G,IND,549,87.4,IND,Tittakudi,Cuddalore,Central,SC
151,PALANIVEL R,All India Puratchi Thalaivar Makkal Munnettra Kazhagam,443,87.4,All India Puratchi Thalaivar Makkal Munnettra Kazhagam,Tittakudi,Cuddalore,Central,SC
151,MURUGAN A,IND,401,87.4,IND,Tittakudi,Cuddalore,Central,SC
151,RAVICHANDRAN K.P,Bahujan Samaj Party,399,87.4,BSP,Tittakudi,Cuddalore,Central,SC
151,SATHYA M,Aanaithinthiya Jananayaka Pathukappu Kazhagam,362,87.4,Aanaithinthiya Jananayaka Pathukappu Kazhagam,Tittakudi,Cuddalore,Central,SC
151,JAYA K,Tamizhaga Vaazhvurimai Katchi,338,87.4,Tamizhaga Vaazhvurimai Katchi,Tittakudi,Cuddalore,Central,SC
151,PERINBAM D,IND,315,87.4,IND,Tittakudi,Cuddalore,Central,SC
151,SILAMBARASAN J,IND,275,87.4,IND,Tittakudi,Cuddalore,Central,SC
151,JAYARAMAN N,Bahujan Dravida Party,158,87.4,Bahujan Dravida Party,Tittakudi,Cuddalore,Central,SC
151,PADMANATHAN V,IND,136,87.4,IND,Tittakudi,Cuddalore,Central,SC
152,PREMALLATHA VIJAYAKANT,DMDK,69351,88.96,DMDK,Vriddhachalam,Cuddalore,Central,GEN
152,VIJAY.S,TVK,66964,88.96,TVK,Vriddhachalam,Cuddalore,Central,GEN
152,DR.TAMIZHARASI.P,PMK,59791,88.96,PMK,Vriddhachalam,Cuddalore,Central,GEN
152,ANANTHI DHANDAPANI,NTK,6047,88.96,NTK,Vriddhachalam,Cuddalore,Central,GEN
152,ARIVAZHAGAN.E.N,Tamizhaga Vaazhvurimai Katchi,1896,88.96,Tamizhaga Vaazhvurimai Katchi,Vriddhachalam,Cuddalore,Central,GEN
152,ARIVUDAINAMBI.S,Anti Corruption Dynamic Party,904,88.96,Anti Corruption Dynamic Party,Vriddhachalam,Cuddalore,Central,GEN
152,NOTA,NOTA,755,88.96,NOTA,Vriddhachalam,Cuddalore,Central,GEN
152,DURAI.K,IND,738,88.96,IND,Vriddhachalam,Cuddalore,Central,GEN
152,GNANASUNDARI.M,Aanaithinthiya Jananayaka Pathukappu Kazhagam,611,88.96,Aanaithinthiya Jananayaka Pathukappu Kazhagam,Vriddhachalam,Cuddalore,Central,GEN
152,SIVAPRAKASAM.V,Bahujan Samaj Party,374,88.96,BSP,Vriddhachalam,Cuddalore,Central,GEN
152,SRINIVASAN.R,IND,328,88.96,IND,Vriddhachalam,Cuddalore,Central,GEN
152,BALU.P,IND,252,88.96,IND,Vriddhachalam,Cuddalore,Central,GEN
152,SIDHARTHAN.S,Desiya Makkal Sakthi Katchi,225,88.96,Desiya Makkal Sakthi Katchi,Vriddhachalam,Cuddalore,Central,GEN
152,EZHILKUMAR.K,IND,175,88.96,IND,Vriddhachalam,Cuddalore,Central,GEN
152,DEIVEEGADASS.M,IND,163,88.96,IND,Vriddhachalam,Cuddalore,Central,GEN
152,JAYAPRAKASH.S,IND,162,88.96,IND,Vriddhachalam,Cuddalore,Central,GEN
152,SIVASANKARAN.K,IND,161,88.96,IND,Vriddhachalam,Cuddalore,Central,GEN
152,SATHIYA.B,Anna Makkal Katchi,160,88.96,Anna Makkal Katchi,Vriddhachalam,Cuddalore,Central,GEN
152,PRABAKARAN.T,IND,129,88.96,IND,Vriddhachalam,Cuddalore,Central,GEN
153,RAJENDRAN.R,AIADMK,63731,86.46,AIADMK,Neyveli,Cuddalore,Central,GEN
153,SABA.RAJENDRAN,DMK,52769,86.46,DMK,Neyveli,Cuddalore,Central,GEN
153,ANAND.K,TVK,34291,86.46,TVK,Neyveli,Cuddalore,Central,GEN
153,THIRUMALVALAVAN.T,Tamizhaga Vaazhvurimai Katchi,11381,86.46,Tamizhaga Vaazhvurimai Katchi,Neyveli,Cuddalore,Central,GEN
153,VEERAMANI.B,NTK,4444,86.46,NTK,Neyveli,Cuddalore,Central,GEN
153,NOTA,NOTA,768,86.46,NOTA,Neyveli,Cuddalore,Central,GEN
153,KARTHIKEYAN.C.M,IND,459,86.46,IND,Neyveli,Cuddalore,Central,GEN
153,MANIMARAN.P,IND,347,86.46,IND,Neyveli,Cuddalore,Central,GEN
153,CHEZHIYAN.G,IND,221,86.46,IND,Neyveli,Cuddalore,Central,GEN
153,MAYAKRISHNAN.K,Veerath Thiyagi Viswanathadoss Thozhilalarkal Katchi,136,86.46,Veerath Thiyagi Viswanathadoss Thozhilalarkal Katchi,Neyveli,Cuddalore,Central,GEN
153,JOTHIMURUGAN.V,Bahujan Samaj Party,131,86.46,BSP,Neyveli,Cuddalore,Central,GEN
153,SATHIYASEELAN.M,IND,102,86.46,IND,Neyveli,Cuddalore,Central,GEN
154,MOHAN. K,AIADMK,78398,95.13,AIADMK,Panruti,Cuddalore,Central,GEN
154,ABDUR RAHMAN. A.R,VCK,67735,95.13,VCK,Panruti,Cuddalore,Central,GEN
154,MANIKANDAN. M,TVK,56022,95.13,TVK,Panruti,Cuddalore,Central,GEN
154,BANUPRIYA. M,NTK,4884,95.13,NTK,Panruti,Cuddalore,Central,GEN
154,SURENDAR. R,Tamizhaga Vaazhvurimai Katchi,1449,95.13,Tamizhaga Vaazhvurimai Katchi,Panruti,Cuddalore,Central,GEN
154,NOTA,NOTA,907,95.13,NOTA,Panruti,Cuddalore,Central,GEN
154,MOHAMMED SAFI. A,IND,431,95.13,IND,Panruti,Cuddalore,Central,GEN
154,SRIKANTHU. S,Bahujan Samaj Party,412,95.13,BSP,Panruti,Cuddalore,Central,GEN
154,PRAKASH. R,Thamizhaka Padaippalar Makkal Katchi,388,95.13,Thamizhaka Padaippalar Makkal Katchi,Panruti,Cuddalore,Central,GEN
154,RAMALINGAM. A,IND,141,95.13,IND,Panruti,Cuddalore,Central,GEN
155,B.RAJKUMAR,TVK,70856,87.77,TVK,Cuddalore,Cuddalore,Central,GEN
155,A.S.CHANDARASEKARAN,INC,55337,87.77,INC,Cuddalore,Cuddalore,Central,GEN
155,M.C.SAMPATH,AIADMK,55258,87.77,AIADMK,Cuddalore,Cuddalore,Central,GEN
155,S.SARASU,NTK,5766,87.77,NTK,Cuddalore,Cuddalore,Central,GEN
155,NOTA,NOTA,894,87.77,NOTA,Cuddalore,Cuddalore,Central,GEN
155,K.LENIN,Tamizhaga Vaazhvurimai Katchi,623,87.77,Tamizhaga Vaazhvurimai Katchi,Cuddalore,Cuddalore,Central,GEN
155,S. RAMASAMY,All India Puratchi Thalaivar Makkal Munnettra Kazhagam,375,87.77,All India Puratchi Thalaivar Makkal Munnettra Kazhagam,Cuddalore,Cuddalore,Central,GEN
155,P.NAGASUNDARAM,IND,327,87.77,IND,Cuddalore,Cuddalore,Central,GEN
155,R. VEERAMANI,IND,214,87.77,IND,Cuddalore,Cuddalore,Central,GEN
155,R.RAMACHANDRAN,IND,211,87.77,IND,Cuddalore,Cuddalore,Central,GEN
155,P.NATARAJAN,Bahujan Samaj Party,136,87.77,BSP,Cuddalore,Cuddalore,Central,GEN
155,E.GURUBARAN,IND,97,87.77,IND,Cuddalore,Cuddalore,Central,GEN
155,R.MAYAVAN,IND,97,87.77,IND,Cuddalore,Cuddalore,Central,GEN
155,E.FAROOK ALI,IND,74,87.77,IND,Cuddalore,Cuddalore,Central,GEN
155,V. SUGANTHI,IND,62,87.77,IND,Cuddalore,Cuddalore,Central,GEN
155,S.RAJAMOHAN,IND,51,87.77,IND,Cuddalore,Cuddalore,Central,GEN
156,M.R.K.PANNEERSELVAM,DMK,76695,95.0,DMK,Kurinjipadi,Cuddalore,Central,GEN
156,A  BHUVANENTHIRAN,AIADMK,69106,95.0,AIADMK,Kurinjipadi,Cuddalore,Central,GEN
156,RAJKUMAR D,TVK,53110,95.0,TVK,Kurinjipadi,Cuddalore,Central,GEN
156,T  KANNAN,Tamizhaga Vaazhvurimai Katchi,7113,95.0,Tamizhaga Vaazhvurimai Katchi,Kurinjipadi,Cuddalore,Central,GEN
156,KAVITHA RENGANATHAN,NTK,4813,95.0,NTK,Kurinjipadi,Cuddalore,Central,GEN
156,ARUMUGAM  R,IND,928,95.0,IND,Kurinjipadi,Cuddalore,Central,GEN
156,NOTA,NOTA,629,95.0,NOTA,Kurinjipadi,Cuddalore,Central,GEN
156,MANIMALA  R,IND,458,95.0,IND,Kurinjipadi,Cuddalore,Central,GEN
156,R  SRINIVASAN,Tamil Telugu National Party,323,95.0,Tamil Telugu National Party,Kurinjipadi,Cuddalore,Central,GEN
156,M  KANAGARAJ,Bahujan Samaj Party,273,95.0,BSP,Kurinjipadi,Cuddalore,Central,GEN
156,DHANAKESAVAMOORTHY A.C.T,IND,265,95.0,IND,Kurinjipadi,Cuddalore,Central,GEN
156,MUTHAZHAGAN  N,IND,252,95.0,IND,Kurinjipadi,Cuddalore,Central,GEN
157,ARUNMOZHITHEVAN . A,AIADMK,75707,91.2,AIADMK,Bhuvanagiri,Cuddalore,Central,GEN
157,SARAVANAN. DURAI . K,DMK,73220,91.2,DMK,Bhuvanagiri,Cuddalore,Central,GEN
157,MAHALINGAM . T,TVK,49904,91.2,TVK,Bhuvanagiri,Cuddalore,Central,GEN
157,SUMATHI . S,NTK,5105,91.2,NTK,Bhuvanagiri,Cuddalore,Central,GEN
157,MUTHAMIZHAN . SEVA,Tamizhaga Vaazhvurimai Katchi,912,91.2,Tamizhaga Vaazhvurimai Katchi,Bhuvanagiri,Cuddalore,Central,GEN
157,NOTA,NOTA,681,91.2,NOTA,Bhuvanagiri,Cuddalore,Central,GEN
157,KUMARAVELU . M,Bahujan Samaj Party,363,91.2,BSP,Bhuvanagiri,Cuddalore,Central,GEN
157,BALAMURUGAN . G. C,IND,339,91.2,IND,Bhuvanagiri,Cuddalore,Central,GEN
157,BALAMURUGAN . M. R,IND,324,91.2,IND,Bhuvanagiri,Cuddalore,Central,GEN
157,ARUNMOZHI . V,IND,308,91.2,IND,Bhuvanagiri,Cuddalore,Central,GEN
157,RAJA SEKAR . G,IND,239,91.2,IND,Bhuvanagiri,Cuddalore,Central,GEN
157,SARAVANAN . J,IND,89,91.2,IND,Bhuvanagiri,Cuddalore,Central,GEN
157,IYYAPPAN . S,IND,70,91.2,IND,Bhuvanagiri,Cuddalore,Central,GEN
157,EZHILVENTHAN . P,IND,49,91.2,IND,Bhuvanagiri,Cuddalore,Central,GEN
158,THAMIMUN ANSARI. M,DMK,69739,86.08,DMK,Chidambaram,Cuddalore,Central,GEN
158,PANDIAN. K.A,AIADMK,63992,86.08,AIADMK,Chidambaram,Cuddalore,Central,GEN
158,NEDUNCHEZHIYAN,TVK,54584,86.08,TVK,Chidambaram,Cuddalore,Central,GEN
158,THAMIZH,NTK,6169,86.08,NTK,Chidambaram,Cuddalore,Central,GEN
158,NOTA,NOTA,816,86.08,NOTA,Chidambaram,Cuddalore,Central,GEN
158,DHANASEKARAN. M,All India Puratchi Thalaivar Makkal Munnettra Kazhagam,339,86.08,All India Puratchi Thalaivar Makkal Munnettra Kazhagam,Chidambaram,Cuddalore,Central,GEN
158,MANIMARAN. D,IND,211,86.08,IND,Chidambaram,Cuddalore,Central,GEN
158,THIRUGNANAM. K,IND,163,86.08,IND,Chidambaram,Cuddalore,Central,GEN
158,ER. JAYAKKUMAR. R,IND,160,86.08,IND,Chidambaram,Cuddalore,Central,GEN
158,VENKATESAN. D,IND,157,86.08,IND,Chidambaram,Cuddalore,Central,GEN
158,EASAN NATARAJAN. T,IND,130,86.08,IND,Chidambaram,Cuddalore,Central,GEN
158,MUNISANKAR. K,Anna Puratchi Thalaivar Amma Dravida Munnetra Kazhagam,126,86.08,Anna Puratchi Thalaivar Amma Dravida Munnetra Kazhagam,Chidambaram,Cuddalore,Central,GEN
159,L.E. JOTHIMANI,VCK,85179,87.02,VCK,Kattumannarkoil,Cuddalore,Central,SC
159,A. SOZHAN,PMK,52116,87.02,PMK,Kattumannarkoil,Cuddalore,Central,SC
159,S. SEENUVASAN,TVK,43156,87.02,TVK,Kattumannarkoil,Cuddalore,Central,SC
159,SIVAJOTHI .M,NTK,4563,87.02,NTK,Kattumannarkoil,Cuddalore,Central,SC
159,ALAVANTHAR .M,Tamizhaga Vaazhvurimai Katchi,563,87.02,Tamizhaga Vaazhvurimai Katchi,Kattumannarkoil,Cuddalore,Central,SC
159,SANKARKUMAR .S,IND,509,87.02,IND,Kattumannarkoil,Cuddalore,Central,SC
159,NOTA,NOTA,465,87.02,NOTA,Kattumannarkoil,Cuddalore,Central,SC
159,S. MURALI,Aanaithinthiya Jananayaka Pathukappu Kazhagam,342,87.02,Aanaithinthiya Jananayaka Pathukappu Kazhagam,Kattumannarkoil,Cuddalore,Central,SC
159,M.A.T. ARCHUNAN,IND,324,87.02,IND,Kattumannarkoil,Cuddalore,Central,SC
159,SATHEESHKUMAR .M,Bahujan Samaj Party,252,87.02,BSP,Kattumannarkoil,Cuddalore,Central,SC
159,G. KALYANA SUNDARAM,All India Jananayaka Makkal Kazhagam,247,87.02,All India Jananayaka Makkal Kazhagam,Kattumannarkoil,Cuddalore,Central,SC
159,BABU .B,Rashtriya Samaj Dal (R),189,87.02,Rashtriya Samaj Dal (R),Kattumannarkoil,Cuddalore,Central,SC
160,SENTHILSELVAN.R,DMK,71449,86.22,DMK,Sirkali,Nagapattinam,Delta,SC
160,SAKTHI.M,AIADMK,60032,86.22,AIADMK,Sirkali,Nagapattinam,Delta,SC
160,GOPINATH.S,TVK,59149,86.22,TVK,Sirkali,Nagapattinam,Delta,SC
160,SUBASH.R,NTK,7397,86.22,NTK,Sirkali,Nagapattinam,Delta,SC
160,GAJENDRAN.KANAGA,Bahujan Samaj Party,640,86.22,BSP,Sirkali,Nagapattinam,Delta,SC
160,NOTA,NOTA,555,86.22,NOTA,Sirkali,Nagapattinam,Delta,SC
160,MALATHI.A,All India Puratchi Thalaivar Makkal Munnettra Kazhagam,365,86.22,All India Puratchi Thalaivar Makkal Munnettra Kazhagam,Sirkali,Nagapattinam,Delta,SC
160,PANDIYAN.C.R,Indhu Dravida Makkal Katchi,249,86.22,Indhu Dravida Makkal Katchi,Sirkali,Nagapattinam,Delta,SC
160,TAMILVENTHAN.R,IND,217,86.22,IND,Sirkali,Nagapattinam,Delta,SC
160,PETHAPERUMAL.K,Tamizhaga Vaazhvurimai Katchi,201,86.22,Tamizhaga Vaazhvurimai Katchi,Sirkali,Nagapattinam,Delta,SC
160,BABUSANKAR.R,Our Mahathma National Party,194,86.22,Our Mahathma National Party,Sirkali,Nagapattinam,Delta,SC
161,JAMAL MOHAMED YOUNOOS. Y.N,INC,68011,81.94,INC,Mayiladuthurai,Nagapattinam,Delta,GEN
161,PALANISAMY. A   M.COM.,PMK,57166,81.94,PMK,Mayiladuthurai,Nagapattinam,Delta,GEN
161,HAROON RASHEED. S.S,TVK,52538,81.94,TVK,Mayiladuthurai,Nagapattinam,Delta,GEN
161,KASIRAMAN. K,NTK,6886,81.94,NTK,Mayiladuthurai,Nagapattinam,Delta,GEN
161,NOTA,NOTA,474,81.94,NOTA,Mayiladuthurai,Nagapattinam,Delta,GEN
161,ARAVAAZHI. K,All India Jananayaka Makkal Kazhagam,361,81.94,All India Jananayaka Makkal Kazhagam,Mayiladuthurai,Nagapattinam,Delta,GEN
161,VEERASAMY. T,IND,329,81.94,IND,Mayiladuthurai,Nagapattinam,Delta,GEN
161,SARAVANAN. K,Tamizhaga Vaazhvurimai Katchi,312,81.94,Tamizhaga Vaazhvurimai Katchi,Mayiladuthurai,Nagapattinam,Delta,GEN
161,GANGADHARAN. R,IND,307,81.94,IND,Mayiladuthurai,Nagapattinam,Delta,GEN
161,MANIMARAN,Veerath Thiyagi Viswanathadoss Thozhilalarkal Katchi,298,81.94,Veerath Thiyagi Viswanathadoss Thozhilalarkal Katchi,Mayiladuthurai,Nagapattinam,Delta,GEN
161,SAMPATH. L,IND,277,81.94,IND,Mayiladuthurai,Nagapattinam,Delta,GEN
161,THIMOTHY. T,IND,277,81.94,IND,Mayiladuthurai,Nagapattinam,Delta,GEN
161,NAVANITHAM. S,IND,245,81.94,IND,Mayiladuthurai,Nagapattinam,Delta,GEN
161,VENKATESAN. K,Bahujan Samaj Party,206,81.94,BSP,Mayiladuthurai,Nagapattinam,Delta,GEN
161,ANANTHAKUMAR. R,IND,198,81.94,IND,Mayiladuthurai,Nagapattinam,Delta,GEN
161,GOBALA KRISHNAN. S,IND,146,81.94,IND,Mayiladuthurai,Nagapattinam,Delta,GEN
161,NATARAJAN. R,IND,106,81.94,IND,Mayiladuthurai,Nagapattinam,Delta,GEN
161,BHARATHIRAJA. B,IND,104,81.94,IND,Mayiladuthurai,Nagapattinam,Delta,GEN
161,JAMAL MOHAMED,IND,82,81.94,IND,Mayiladuthurai,Nagapattinam,Delta,GEN
161,KARTHICK. A,Samaniya Makkal Nala Katchi,78,81.94,Samaniya Makkal Nala Katchi,Mayiladuthurai,Nagapattinam,Delta,GEN
161,RAMKUMAR. S BBA.LLB,IND,60,81.94,IND,Mayiladuthurai,Nagapattinam,Delta,GEN
162,NIVEDHA M MURUGAN,DMK,81096,88.94,DMK,Poompuhar,Nagapattinam,Delta,GEN
162,PAVUNRAJ. S,AIADMK,72836,88.94,AIADMK,Poompuhar,Nagapattinam,Delta,GEN
162,VIJAYALAIYAN. J,TVK,55902,88.94,TVK,Poompuhar,Nagapattinam,Delta,GEN
162,ILAYANAGULAN. K,NTK,6353,88.94,NTK,Poompuhar,Nagapattinam,Delta,GEN
162,MAYA VENKATESAN. M,IND,730,88.94,IND,Poompuhar,Nagapattinam,Delta,GEN
162,NOTA,NOTA,586,88.94,NOTA,Poompuhar,Nagapattinam,Delta,GEN
162,SHANGAMITHTHIRAN. A,IND,426,88.94,IND,Poompuhar,Nagapattinam,Delta,GEN
162,PRABAKARAN. V,Bahujan Samaj Party,345,88.94,BSP,Poompuhar,Nagapattinam,Delta,GEN
162,MUJIBUR RAHMAN. E.M.M,IND,312,88.94,IND,Poompuhar,Nagapattinam,Delta,GEN
162,PURATCHIDASAN. T,Anaithinthiya Anna Dravida Makkal Seyal katchi,264,88.94,Anaithinthiya Anna Dravida Makkal Seyal katchi,Poompuhar,Nagapattinam,Delta,GEN
162,INBARAJ. T,IND,179,88.94,IND,Poompuhar,Nagapattinam,Delta,GEN
162,NOOR NISHA. M,IND,107,88.94,IND,Poompuhar,Nagapattinam,Delta,GEN
162,ANANDARAJ. D,IND,105,88.94,IND,Poompuhar,Nagapattinam,Delta,GEN
162,MURUGAN. S,IND,83,88.94,IND,Poompuhar,Nagapattinam,Delta,GEN
163,M.H.JAWAHIRULLAH,DMK,56305,83.63,DMK,Nagapattinam,Nagapattinam,Delta,GEN
163,M.SUGUMAR,TVK,46524,83.63,TVK,Nagapattinam,Nagapattinam,Delta,GEN
163,THANKA.KATHIRAVAN,AIADMK,41586,83.63,AIADMK,Nagapattinam,Nagapattinam,Delta,GEN
163,FATHIMA FARHANA.S,NTK,5348,83.63,NTK,Nagapattinam,Nagapattinam,Delta,GEN
163,NOTA,NOTA,479,83.63,NOTA,Nagapattinam,Nagapattinam,Delta,GEN
163,J.V.DURAI,All India Youth Development Party,207,83.63,All India Youth Development Party,Nagapattinam,Nagapattinam,Delta,GEN
163,N.VIJAYARAGAVAN,IND,164,83.63,IND,Nagapattinam,Nagapattinam,Delta,GEN
163,N P BHASHGARAN,IND,155,83.63,IND,Nagapattinam,Nagapattinam,Delta,GEN
163,S.PREM,IND,150,83.63,IND,Nagapattinam,Nagapattinam,Delta,GEN
163,SAKTHIVEL,IND,136,83.63,IND,Nagapattinam,Nagapattinam,Delta,GEN
163,K.RAJASEKAR,Puthiya Tamilagam,86,83.63,Puthiya Tamilagam,Nagapattinam,Nagapattinam,Delta,GEN
163,M.IYYANKALAI,IND,72,83.63,IND,Nagapattinam,Nagapattinam,Delta,GEN
163,VALLABADAS.E,Tamizhaga Vaazhvurimai Katchi,60,83.63,Tamizhaga Vaazhvurimai Katchi,Nagapattinam,Nagapattinam,Delta,GEN
163,T.KATHIRAVAN,IND,54,83.63,IND,Nagapattinam,Nagapattinam,Delta,GEN
164,LATHA. T,CPI(M),56108,89.43,CPIM,Kilvelur,Nagapattinam,Delta,SC
164,SENTHIL PANDIAN. P,TVK,53830,89.43,TVK,Kilvelur,Nagapattinam,Delta,SC
164,VADIVEL RAVANAN. S,PMK,31675,89.43,PMK,Kilvelur,Nagapattinam,Delta,SC
164,KARTHIKA. M,NTK,8069,89.43,NTK,Kilvelur,Nagapattinam,Delta,SC
164,SURENTHAR. K,Puthiya Tamilagam,563,89.43,Puthiya Tamilagam,Kilvelur,Nagapattinam,Delta,SC
164,NOTA,NOTA,545,89.43,NOTA,Kilvelur,Nagapattinam,Delta,SC
164,VEDHA MUKUNDHAN,Aanaithinthiya Jananayaka Pathukappu Kazhagam,437,89.43,Aanaithinthiya Jananayaka Pathukappu Kazhagam,Kilvelur,Nagapattinam,Delta,SC
164,JAIVISHNUDEVI. M,IND,410,89.43,IND,Kilvelur,Nagapattinam,Delta,SC
165,MANIAN. O.S,AIADMK,59172,93.27,AIADMK,Vedaranyam,Nagapattinam,Delta,GEN
165,PUGAZHENDI. M,DMK,51841,93.27,DMK,Vedaranyam,Nagapattinam,Delta,GEN
165,KINGSLY GERALD. A,TVK,38347,93.27,TVK,Vedaranyam,Nagapattinam,Delta,GEN
165,KARTHICK. T,NTK,10396,93.27,NTK,Vedaranyam,Nagapattinam,Delta,GEN
165,NOTA,NOTA,563,93.27,NOTA,Vedaranyam,Nagapattinam,Delta,GEN
165,LINGESWARAN. M,All India Puratchi Thalaivar Makkal Munnettra Kazhagam,382,93.27,All India Puratchi Thalaivar Makkal Munnettra Kazhagam,Vedaranyam,Nagapattinam,Delta,GEN
165,VEERAKUMAR. V,IND,363,93.27,IND,Vedaranyam,Nagapattinam,Delta,GEN
165,THIVASKAR. B,IND,324,93.27,IND,Vedaranyam,Nagapattinam,Delta,GEN
165,RAJASIMMAN. D,IND,259,93.27,IND,Vedaranyam,Nagapattinam,Delta,GEN
165,SATHIYASEELAN. M,IND,207,93.27,IND,Vedaranyam,Nagapattinam,Delta,GEN
165,GOWTHAMAN. M,IND,204,93.27,IND,Vedaranyam,Nagapattinam,Delta,GEN
165,SELVAKUMAR. S,IND,158,93.27,IND,Vedaranyam,Nagapattinam,Delta,GEN
166,MARIMUTHU.K,CPI,74062,90.11,CPI,Thiruthuraipundi,Tiruvarur,Delta,SC
166,PANDIYAN.S,TVK,61140,90.11,TVK,Thiruthuraipundi,Tiruvarur,Delta,SC
166,BALATHANDAYUTHAM.U,AIADMK,43073,90.11,AIADMK,Thiruthuraipundi,Tiruvarur,Delta,SC
166,VINOTHINI.R,NTK,10176,90.11,NTK,Thiruthuraipundi,Tiruvarur,Delta,SC
166,NOTA,NOTA,797,90.11,NOTA,Thiruthuraipundi,Tiruvarur,Delta,SC
166,VIMALA.A,Bahujan Samaj Party,525,90.11,BSP,Thiruthuraipundi,Tiruvarur,Delta,SC
166,ARUMUGAM.N,Tamizhaga Vaazhvurimai Katchi,450,90.11,Tamizhaga Vaazhvurimai Katchi,Thiruthuraipundi,Tiruvarur,Delta,SC
166,JAYASANGAR.A,IND,365,90.11,IND,Thiruthuraipundi,Tiruvarur,Delta,SC
166,SIVAPRAKASAM.V,IND,278,90.11,IND,Thiruthuraipundi,Tiruvarur,Delta,SC
166,MURUGANANTHAM.V,IND,164,90.11,IND,Thiruthuraipundi,Tiruvarur,Delta,SC
167,KAMARAJ. S,AMMK,68416,84.46,AMMK,Mannargudi,Tiruvarur,Delta,GEN
167,RAJAA.T.R.B,DMK,66850,84.46,DMK,Mannargudi,Tiruvarur,Delta,GEN
167,RAJARAJAN.U,TVK,44266,84.46,TVK,Mannargudi,Tiruvarur,Delta,GEN
167,BHARATHISELVAN.R,NTK,8240,84.46,NTK,Mannargudi,Tiruvarur,Delta,GEN
167,RASUPILLAI.S,All India Puratchi Thalaivar Makkal Munnettra Kazhagam,1949,84.46,All India Puratchi Thalaivar Makkal Munnettra Kazhagam,Mannargudi,Tiruvarur,Delta,GEN
167,KAMARAJ.A,IND,664,84.46,IND,Mannargudi,Tiruvarur,Delta,GEN
167,NAMASIVAYAM.N,IND,659,84.46,IND,Mannargudi,Tiruvarur,Delta,GEN
167,GOVINDARAJ.G,Tamizhaga Vaazhvurimai Katchi,635,84.46,Tamizhaga Vaazhvurimai Katchi,Mannargudi,Tiruvarur,Delta,GEN
167,PRABHU. S,IND,633,84.46,IND,Mannargudi,Tiruvarur,Delta,GEN
167,NOTA,NOTA,405,84.46,NOTA,Mannargudi,Tiruvarur,Delta,GEN
167,KAMARAJ.S,Bahujan Samaj Party,387,84.46,BSP,Mannargudi,Tiruvarur,Delta,GEN
167,BHARATHI.B,Puthiya Tamilagam,343,84.46,Puthiya Tamilagam,Mannargudi,Tiruvarur,Delta,GEN
167,ARULPRAKASH. P,IND,285,84.46,IND,Mannargudi,Tiruvarur,Delta,GEN
167,DURAI ARASAN.K,IND,149,84.46,IND,Mannargudi,Tiruvarur,Delta,GEN
167,MUTHUVEL.V,Tamilaga Makkal Nala Katchi,115,84.46,Tamilaga Makkal Nala Katchi,Mannargudi,Tiruvarur,Delta,GEN
167,MARIMUTHU.A.V.M,IND,104,84.46,IND,Mannargudi,Tiruvarur,Delta,GEN
168,KALAIVANAN POONDI  K,DMK,93408,86.1,DMK,Thiruvarur,Tiruvarur,Delta,GEN
168,VEERAMANI V,TVK,75260,86.1,TVK,Thiruvarur,Tiruvarur,Delta,GEN
168,CHANDRASEKARAN  GOVI,BJP,36387,86.1,BJP,Thiruvarur,Tiruvarur,Delta,GEN
168,ASWINI B,NTK,10031,86.1,NTK,Thiruvarur,Tiruvarur,Delta,GEN
168,NOTA,NOTA,825,86.1,NOTA,Thiruvarur,Tiruvarur,Delta,GEN
168,SAHUL HAMEED M,IND,593,86.1,IND,Thiruvarur,Tiruvarur,Delta,GEN
168,THIYAGARAJAN .M,Puthiya Tamilagam,526,86.1,Puthiya Tamilagam,Thiruvarur,Tiruvarur,Delta,GEN
168,KANTHAN A,Tamizhaga Vaazhvurimai Katchi,503,86.1,Tamizhaga Vaazhvurimai Katchi,Thiruvarur,Tiruvarur,Delta,GEN
168,MUTHARASAN S,IND,342,86.1,IND,Thiruvarur,Tiruvarur,Delta,GEN
169,KAMARAJ. R,AIADMK,103462,94.12,AIADMK,Nannilam,Tiruvarur,Delta,GEN
169,MOHAMED MUBARAK,DMK,61738,94.12,DMK,Nannilam,Tiruvarur,Delta,GEN
169,PRABHAKARAN. S,TVK,54530,94.12,TVK,Nannilam,Tiruvarur,Delta,GEN
169,THENMOZHI DILIPKUMAR,NTK,8446,94.12,NTK,Nannilam,Tiruvarur,Delta,GEN
169,NOTA,NOTA,936,94.12,NOTA,Nannilam,Tiruvarur,Delta,GEN
169,RAJA. S,All India Puratchi Thalaivar Makkal Munnettra Kazhagam,861,94.12,All India Puratchi Thalaivar Makkal Munnettra Kazhagam,Nannilam,Tiruvarur,Delta,GEN
169,SIVARAMAN. T,Tamizhaga Vaazhvurimai Katchi,289,94.12,Tamizhaga Vaazhvurimai Katchi,Nannilam,Tiruvarur,Delta,GEN
169,RAVICHANDRAN. R,IND,251,94.12,IND,Nannilam,Tiruvarur,Delta,GEN
169,RAJASEKAR. R,IND,224,94.12,IND,Nannilam,Tiruvarur,Delta,GEN
169,TAMILSELVAN. M,Puthiya Tamilagam,219,94.12,Puthiya Tamilagam,Nannilam,Tiruvarur,Delta,GEN
169,MOHUMED RIYAS. K,IND,143,94.12,IND,Nannilam,Tiruvarur,Delta,GEN
169,SURESH. V,IND,104,94.12,IND,Nannilam,Tiruvarur,Delta,GEN
169,BHARATHIMOHAN.  K.S,IND,103,94.12,IND,Nannilam,Tiruvarur,Delta,GEN
169,SHANMUGARAJA. D,IND,86,94.12,IND,Nannilam,Tiruvarur,Delta,GEN
169,SANKAR. R,IND,52,94.12,IND,Nannilam,Tiruvarur,Delta,GEN
170,GOVI.CHEZHIAAN,DMK,79951,87.87,DMK,Thiruvidamarudur,Thanjavur,Delta,SC
170,S.PRABAKARAN,TVK,65835,87.87,TVK,Thiruvidamarudur,Thanjavur,Delta,SC
170,ELAMATHI SUBRAMANIAN,AIADMK,52922,87.87,AIADMK,Thiruvidamarudur,Thanjavur,Delta,SC
170,M.DIVYA BHARATHI,NTK,6363,87.87,NTK,Thiruvidamarudur,Thanjavur,Delta,SC
170,T.M.PURATCHI MANI,Bahujan Samaj Party,1043,87.87,BSP,Thiruvidamarudur,Thanjavur,Delta,SC
170,NOTA,NOTA,747,87.87,NOTA,Thiruvidamarudur,Thanjavur,Delta,SC
170,P.MANIKANDAN,IND,588,87.87,IND,Thiruvidamarudur,Thanjavur,Delta,SC
170,KANNAIYAN. T,Communist Party of India (Marxist-Leninist) (Liberation),321,87.87,Communist Party of India (Marxist-Leninist) (Liberation),Thiruvidamarudur,Thanjavur,Delta,SC
170,A.VISWANATHAN,Tamizhaga Vaazhvurimai Katchi,273,87.87,Tamizhaga Vaazhvurimai Katchi,Thiruvidamarudur,Thanjavur,Delta,SC
170,DHANASEKAR,IND,266,87.87,IND,Thiruvidamarudur,Thanjavur,Delta,SC
170,L.PRABAKARAN,IND,174,87.87,IND,Thiruvidamarudur,Thanjavur,Delta,SC
170,M.TAMILMARAN,IND,143,87.87,IND,Thiruvidamarudur,Thanjavur,Delta,SC
170,SELVARANI. S,IND,139,87.87,IND,Thiruvidamarudur,Thanjavur,Delta,SC
170,KEERTHIGA. K,IND,95,87.87,IND,Thiruvidamarudur,Thanjavur,Delta,SC
170,ARAVINDARAJ. R,IND,84,87.87,IND,Thiruvidamarudur,Thanjavur,Delta,SC
171,VINOTH,TVK,78650,84.7,TVK,Kumbakonam,Thanjavur,Delta,GEN
171,ANBALAGAN G,DMK,77971,84.7,DMK,Kumbakonam,Thanjavur,Delta,GEN
171,ASHOKKUMAR R,BJP,40103,84.7,BJP,Kumbakonam,Thanjavur,Delta,GEN
171,ANANDH M,NTK,7710,84.7,NTK,Kumbakonam,Thanjavur,Delta,GEN
171,STALIN MA KA,IND,1405,84.7,IND,Kumbakonam,Thanjavur,Delta,GEN
171,NOTA,NOTA,960,84.7,NOTA,Kumbakonam,Thanjavur,Delta,GEN
171,SRINIVASAN V,IND,384,84.7,IND,Kumbakonam,Thanjavur,Delta,GEN
171,ARIVAZHAGAN K,IND,241,84.7,IND,Kumbakonam,Thanjavur,Delta,GEN
171,SUNDAR G,Thamizh Desiya Munnetra Kazhagam,233,84.7,Thamizh Desiya Munnetra Kazhagam,Kumbakonam,Thanjavur,Delta,GEN
171,AROKIYARAJ V,Tamizhaga Vaazhvurimai Katchi,196,84.7,Tamizhaga Vaazhvurimai Katchi,Kumbakonam,Thanjavur,Delta,GEN
171,VIJAYAKUMAR C,IND,173,84.7,IND,Kumbakonam,Thanjavur,Delta,GEN
171,KARTHI G,IND,90,84.7,IND,Kumbakonam,Thanjavur,Delta,GEN
171,RAMAMOORTHI R,IND,89,84.7,IND,Kumbakonam,Thanjavur,Delta,GEN
171,SENTHAMILSELVI S,IND,83,84.7,IND,Kumbakonam,Thanjavur,Delta,GEN
172,A.M. SHAHJAHAN,IUML,69284,88.55,IUML,Papanasam,Thanjavur,Delta,GEN
172,AZARUDEEN UDUMAN ALI,TVK,68219,88.55,TVK,Papanasam,Thanjavur,Delta,GEN
172,DORAI. SHANMUGA PRABU,AIADMK,57072,88.55,AIADMK,Papanasam,Thanjavur,Delta,GEN
172,ANIS FATHIMA,NTK,9604,88.55,NTK,Papanasam,Thanjavur,Delta,GEN
172,NOTA,NOTA,716,88.55,NOTA,Papanasam,Thanjavur,Delta,GEN
172,C. CHANDRASEKARAN,Thamizh Desiya Munnetra Kazhagam,524,88.55,Thamizh Desiya Munnetra Kazhagam,Papanasam,Thanjavur,Delta,GEN
172,A. ANIS FATHIMA ABDUL RAHIM,IND,503,88.55,IND,Papanasam,Thanjavur,Delta,GEN
172,K. MASILAMANI,Communist Party of India (Marxist-Leninist) (Liberation),355,88.55,Communist Party of India (Marxist-Leninist) (Liberation),Papanasam,Thanjavur,Delta,GEN
172,B. DHAMODHARAN,Tamizhaga Vaazhvurimai Katchi,307,88.55,Tamizhaga Vaazhvurimai Katchi,Papanasam,Thanjavur,Delta,GEN
172,S. NATARAJAN,IND,297,88.55,IND,Papanasam,Thanjavur,Delta,GEN
172,V. THIYAGARAJAN,IND,248,88.55,IND,Papanasam,Thanjavur,Delta,GEN
172,V. KULANDHAIVELU,IND,205,88.55,IND,Papanasam,Thanjavur,Delta,GEN
172,A S THANGARASU,IND,201,88.55,IND,Papanasam,Thanjavur,Delta,GEN
172,K. RAJENDRAN,IND,188,88.55,IND,Papanasam,Thanjavur,Delta,GEN
173,DURAI. CHANDRASEKARAN,DMK,80425,90.58,DMK,Thiruvaiyaru,Thanjavur,Delta,GEN
173,MATHI. MANIKANDAN,TVK,71870,90.58,TVK,Thiruvaiyaru,Thanjavur,Delta,GEN
173,VELU. KARTHIKEYAN,AMMK,55121,90.58,AMMK,Thiruvaiyaru,Thanjavur,Delta,GEN
173,DURAI. SENTHILNATHAN,NTK,10681,90.58,NTK,Thiruvaiyaru,Thanjavur,Delta,GEN
173,VIJAYA BABU,Tamizhaga Vaazhvurimai Katchi,1130,90.58,Tamizhaga Vaazhvurimai Katchi,Thiruvaiyaru,Thanjavur,Delta,GEN
173,NOTA,NOTA,948,90.58,NOTA,Thiruvaiyaru,Thanjavur,Delta,GEN
173,RAJASEKARAN. S,IND,357,90.58,IND,Thiruvaiyaru,Thanjavur,Delta,GEN
173,V. VENU,Puthiya Tamilagam,352,90.58,Puthiya Tamilagam,Thiruvaiyaru,Thanjavur,Delta,GEN
173,R. RAJKUMAR,IND,306,90.58,IND,Thiruvaiyaru,Thanjavur,Delta,GEN
173,S. VIJAYAKUMAR,Anna Puratchi Thalaivar Amma Dravida Munnetra Kazhagam,293,90.58,Anna Puratchi Thalaivar Amma Dravida Munnetra Kazhagam,Thiruvaiyaru,Thanjavur,Delta,GEN
173,R. SATHIYANARAYANAN,IND,178,90.58,IND,Thiruvaiyaru,Thanjavur,Delta,GEN
173,JAYAINDHRAESWARAN,IND,167,90.58,IND,Thiruvaiyaru,Thanjavur,Delta,GEN
173,ER.S. ARJUN,IND,156,90.58,IND,Thiruvaiyaru,Thanjavur,Delta,GEN
173,ABIMAN,IND,127,90.58,IND,Thiruvaiyaru,Thanjavur,Delta,GEN
174,R. VIJAYSARAVANAN,TVK,87705,79.2,TVK,Thanjavur,Thanjavur,Delta,GEN
174,SHAN. RAMANATHAN,DMK,70750,79.2,DMK,Thanjavur,Thanjavur,Delta,GEN
174,KARUPPU MURUGANANTHAM,BJP,26790,79.2,BJP,Thanjavur,Thanjavur,Delta,GEN
174,N. KRISHNAKUMAR,NTK,9383,79.2,NTK,Thanjavur,Thanjavur,Delta,GEN
174,NOTA,NOTA,1274,79.2,NOTA,Thanjavur,Thanjavur,Delta,GEN
174,R. MURALIDHARAN,IND,844,79.2,IND,Thanjavur,Thanjavur,Delta,GEN
174,S. KARIKALA CHOLAN,IND,800,79.2,IND,Thanjavur,Thanjavur,Delta,GEN
174,S. MUTHUVEL,Bahujan Dravida Party,513,79.2,Bahujan Dravida Party,Thanjavur,Thanjavur,Delta,GEN
174,H. MOHAMED ABDUL KHADIR,Tamizhaga Vaazhvurimai Katchi,266,79.2,Tamizhaga Vaazhvurimai Katchi,Thanjavur,Thanjavur,Delta,GEN
174,M. SANTHOSH,IND,179,79.2,IND,Thanjavur,Thanjavur,Delta,GEN
174,D. KUMARAN,IND,157,79.2,IND,Thanjavur,Thanjavur,Delta,GEN
174,R. SABTHAGIRI,IND,137,79.2,IND,Thanjavur,Thanjavur,Delta,GEN
175,R. VAITHILINGAM,DMK,86759,89.4,DMK,Orathanad,Thanjavur,Delta,GEN
175,DR. K. ARVIND,TVK,51731,89.4,TVK,Orathanad,Thanjavur,Delta,GEN
175,M. SEKAR,AIADMK,44260,89.4,AIADMK,Orathanad,Thanjavur,Delta,GEN
175,S.THIRUMURUGAN,NTK,10135,89.4,NTK,Orathanad,Thanjavur,Delta,GEN
175,NOTA,NOTA,631,89.4,NOTA,Orathanad,Thanjavur,Delta,GEN
175,M. SELVARAJ,Party for the Rights of Other backward Classes,548,89.4,Party for the Rights of Other backward Classes,Orathanad,Thanjavur,Delta,GEN
175,M. KANAGARAJ,IND,354,89.4,IND,Orathanad,Thanjavur,Delta,GEN
175,C. GUNASEKARAN,Thamizh Desiya Munnetra Kazhagam,352,89.4,Thamizh Desiya Munnetra Kazhagam,Orathanad,Thanjavur,Delta,GEN
175,T. VIJAYAKUMAR,IND,277,89.4,IND,Orathanad,Thanjavur,Delta,GEN
175,A. AJESHKANNAN,IND,257,89.4,IND,Orathanad,Thanjavur,Delta,GEN
176,ANNADURAI K,DMK,65963,81.93,DMK,Pattukkottai,Thanjavur,Delta,GEN
176,MATHAN C,TVK,52209,81.93,TVK,Pattukkottai,Thanjavur,Delta,GEN
176,SEKAR C V,AIADMK,49575,81.93,AIADMK,Pattukkottai,Thanjavur,Delta,GEN
176,KANNAN S,NTK,13145,81.93,NTK,Pattukkottai,Thanjavur,Delta,GEN
176,NOTA,NOTA,738,81.93,NOTA,Pattukkottai,Thanjavur,Delta,GEN
176,GURUMOORTHY M,Puthiya Tamilagam,521,81.93,Puthiya Tamilagam,Pattukkottai,Thanjavur,Delta,GEN
176,ANNADURAI C N,IND,382,81.93,IND,Pattukkottai,Thanjavur,Delta,GEN
176,ZIAUDEEN A J,IND,289,81.93,IND,Pattukkottai,Thanjavur,Delta,GEN
176,MOHAMED SHARIF M,IND,250,81.93,IND,Pattukkottai,Thanjavur,Delta,GEN
176,MUTHUKUMAR D,IND,240,81.93,IND,Pattukkottai,Thanjavur,Delta,GEN
176,SURESH M R,IND,238,81.93,IND,Pattukkottai,Thanjavur,Delta,GEN
176,SURESH R,IND,195,81.93,IND,Pattukkottai,Thanjavur,Delta,GEN
177,ASHOKKUMAR. N,DMK,60919,91.32,DMK,Peravurani,Thanjavur,Delta,GEN
177,GOVI.ELANGO,AIADMK,57757,91.32,AIADMK,Peravurani,Thanjavur,Delta,GEN
177,D.CHANDRAKANDEEBAN,TVK,45576,91.32,TVK,Peravurani,Thanjavur,Delta,GEN
177,BHUVANA MANIYARASAN,NTK,9122,91.32,NTK,Peravurani,Thanjavur,Delta,GEN
177,NOTA,NOTA,695,91.32,NOTA,Peravurani,Thanjavur,Delta,GEN
177,R.RAVI,All India Puratchi Thalaivar Makkal Munnettra Kazhagam,560,91.32,All India Puratchi Thalaivar Makkal Munnettra Kazhagam,Peravurani,Thanjavur,Delta,GEN
177,PASUMAIBHOOMI NATARAJAN,IND,417,91.32,IND,Peravurani,Thanjavur,Delta,GEN
177,NEIVELI SASIKUMAR,Tamizhaga Vaazhvurimai Katchi,415,91.32,Tamizhaga Vaazhvurimai Katchi,Peravurani,Thanjavur,Delta,GEN
177,T.ARULMURUGAN,IND,294,91.32,IND,Peravurani,Thanjavur,Delta,GEN
177,G.CHITHIRAVELU,Puthiya Tamilagam,278,91.32,Puthiya Tamilagam,Peravurani,Thanjavur,Delta,GEN
177,U.UTHAYAKUMAR,IND,241,91.32,IND,Peravurani,Thanjavur,Delta,GEN
178,N. SUBRAMANIAN,TVK,58795,85.67,TVK,Gandharvakottai,Pudukkottai,Delta,SC
178,C. UTHAYAKUMAR,BJP,47756,85.67,BJP,Gandharvakottai,Pudukkottai,Delta,SC
178,M. CHINNADURAI,CPI(M),46734,85.67,CPIM,Gandharvakottai,Pudukkottai,Delta,SC
178,NATHIYA,NTK,10189,85.67,NTK,Gandharvakottai,Pudukkottai,Delta,SC
178,NOTA,NOTA,1127,85.67,NOTA,Gandharvakottai,Pudukkottai,Delta,SC
178,ARUNKUMAR . S,IND,653,85.67,IND,Gandharvakottai,Pudukkottai,Delta,SC
178,SENTHILKUMAR N,IND,642,85.67,IND,Gandharvakottai,Pudukkottai,Delta,SC
178,M. LAKSHMANAN,IND,584,85.67,IND,Gandharvakottai,Pudukkottai,Delta,SC
178,DHANARASU,Namadhu Makkal Katchi,405,85.67,Namadhu Makkal Katchi,Gandharvakottai,Pudukkottai,Delta,SC
178,T. MURUGESAN,IND,404,85.67,IND,Gandharvakottai,Pudukkottai,Delta,SC
178,SASIKUMAR P,IND,329,85.67,IND,Gandharvakottai,Pudukkottai,Delta,SC
179,VIJAYABASKAR. C,AIADMK,105773,97.39,AIADMK,Viralimalai,Pudukkottai,Delta,GEN
179,MURUGESAN. P,TVK,43700,97.39,TVK,Viralimalai,Pudukkottai,Delta,GEN
179,CHELLAPANDIYAN. K.K,DMK,40397,97.39,DMK,Viralimalai,Pudukkottai,Delta,GEN
179,SATHYALAKSHMI. K,NTK,9467,97.39,NTK,Viralimalai,Pudukkottai,Delta,GEN
179,KARTHIKA PRAKASH,All India Puratchi Thalaivar Makkal Munnettra Kazhagam,834,97.39,All India Puratchi Thalaivar Makkal Munnettra Kazhagam,Viralimalai,Pudukkottai,Delta,GEN
179,MAHENDIRAN. K,IND,555,97.39,IND,Viralimalai,Pudukkottai,Delta,GEN
179,THIRUVENDRAN. V,IND,424,97.39,IND,Viralimalai,Pudukkottai,Delta,GEN
179,NOTA,NOTA,375,97.39,NOTA,Viralimalai,Pudukkottai,Delta,GEN
179,PALANISAMY. K,Veerath Thiyagi Viswanathadoss Thozhilalarkal Katchi,261,97.39,Veerath Thiyagi Viswanathadoss Thozhilalarkal Katchi,Viralimalai,Pudukkottai,Delta,GEN
179,SELVARAJ. A,Puthiya Tamilagam,251,97.39,Puthiya Tamilagam,Viralimalai,Pudukkottai,Delta,GEN
179,THIRUMURUGAN. K,IND,218,97.39,IND,Viralimalai,Pudukkottai,Delta,GEN
179,BALAVEL MURUGESAN. T,IND,215,97.39,IND,Viralimalai,Pudukkottai,Delta,GEN
179,BALASUBRAMANIAN. K.K,IND,205,97.39,IND,Viralimalai,Pudukkottai,Delta,GEN
179,MANIKANDAN. M,IND,157,97.39,IND,Viralimalai,Pudukkottai,Delta,GEN
179,JAYAGANDHI. R,IND,153,97.39,IND,Viralimalai,Pudukkottai,Delta,GEN
179,PALANISAMY. A,IND,134,97.39,IND,Viralimalai,Pudukkottai,Delta,GEN
179,BALASUBRAMANIAN. M,IND,130,97.39,IND,Viralimalai,Pudukkottai,Delta,GEN
179,ADAIKALARAJ. S,IND,96,97.39,IND,Viralimalai,Pudukkottai,Delta,GEN
179,VEERAMANI. M,IND,90,97.39,IND,Viralimalai,Pudukkottai,Delta,GEN
179,SUBBAIAH. R,IND,75,97.39,IND,Viralimalai,Pudukkottai,Delta,GEN
179,JOTHIVEL. A,IND,73,97.39,IND,Viralimalai,Pudukkottai,Delta,GEN
179,THIRUMURUGAN. A,IND,70,97.39,IND,Viralimalai,Pudukkottai,Delta,GEN
179,CHANDRAJOTHI. M,IND,60,97.39,IND,Viralimalai,Pudukkottai,Delta,GEN
179,MATHIYALAGAN. G,IND,58,97.39,IND,Viralimalai,Pudukkottai,Delta,GEN
179,VEERAMANI. M,IND,56,97.39,IND,Viralimalai,Pudukkottai,Delta,GEN
179,ALAGAR. P ADVOCATE,IND,52,97.39,IND,Viralimalai,Pudukkottai,Delta,GEN
179,RAJA. P,IND,42,97.39,IND,Viralimalai,Pudukkottai,Delta,GEN
180,V. MUTHURAJA,DMK,66825,83.68,DMK,Pudukkottai,Pudukkottai,Delta,GEN
180,K.M. SHARIFF,TVK,64958,83.68,TVK,Pudukkottai,Pudukkottai,Delta,GEN
180,N. RAMACHANDRAN,BJP,41089,83.68,BJP,Pudukkottai,Pudukkottai,Delta,GEN
180,EZHILARASI VIJAYENDRAN,NTK,11673,83.68,NTK,Pudukkottai,Pudukkottai,Delta,GEN
180,K. KAILASAKUMAR,IND,669,83.68,IND,Pudukkottai,Pudukkottai,Delta,GEN
180,E. RAMALINGAM,Party for the Rights of Other backward Classes,510,83.68,Party for the Rights of Other backward Classes,Pudukkottai,Pudukkottai,Delta,GEN
180,NOTA,NOTA,467,83.68,NOTA,Pudukkottai,Pudukkottai,Delta,GEN
180,SENTHILNATHAN .B,IND,466,83.68,IND,Pudukkottai,Pudukkottai,Delta,GEN
180,S. NIYAZ AHAMED,Tamizhaga Vaazhvurimai Katchi,372,83.68,Tamizhaga Vaazhvurimai Katchi,Pudukkottai,Pudukkottai,Delta,GEN
180,S. SELVARAJ,IND,351,83.68,IND,Pudukkottai,Pudukkottai,Delta,GEN
180,G. DURAISARAVANAN,IND,324,83.68,IND,Pudukkottai,Pudukkottai,Delta,GEN
180,C. GOVINDASAMY,IND,239,83.68,IND,Pudukkottai,Pudukkottai,Delta,GEN
180,C. KARUPPAIAH,IND,233,83.68,IND,Pudukkottai,Pudukkottai,Delta,GEN
180,A. SUBARESH RAJA,IND,232,83.68,IND,Pudukkottai,Pudukkottai,Delta,GEN
180,KANGATHARAN .P,IND,210,83.68,IND,Pudukkottai,Pudukkottai,Delta,GEN
180,D. RAMESH,IND,193,83.68,IND,Pudukkottai,Pudukkottai,Delta,GEN
180,R. SIVAKUMAR,IND,192,83.68,IND,Pudukkottai,Pudukkottai,Delta,GEN
180,R. RAMACHANDRAN,IND,190,83.68,IND,Pudukkottai,Pudukkottai,Delta,GEN
180,V.R. JAYAKUMAR,IND,129,83.68,IND,Pudukkottai,Pudukkottai,Delta,GEN
180,RAMACHANDRAN .C,IND,128,83.68,IND,Pudukkottai,Pudukkottai,Delta,GEN
180,K. RENGAN,Puthiya Tamilagam,122,83.68,Puthiya Tamilagam,Pudukkottai,Pudukkottai,Delta,GEN
180,C. KARUPPAIAH,IND,112,83.68,IND,Pudukkottai,Pudukkottai,Delta,GEN
180,K. DHANAGOPAL,IND,102,83.68,IND,Pudukkottai,Pudukkottai,Delta,GEN
180,G. MANIMEGALAI,Communist Party of India (Marxist-Leninist) (Liberation),100,83.68,Communist Party of India (Marxist-Leninist) (Liberation),Pudukkottai,Pudukkottai,Delta,GEN
180,C. RAMACHANDRAN,IND,89,83.68,IND,Pudukkottai,Pudukkottai,Delta,GEN
180,M. A. MUTHUKUMAR,IND,83,83.68,IND,Pudukkottai,Pudukkottai,Delta,GEN
180,G. ARIVAZHAGAN,IND,81,83.68,IND,Pudukkottai,Pudukkottai,Delta,GEN
180,A. RAJASEKAR,Veerath Thiyagi Viswanathadoss Thozhilalarkal Katchi,74,83.68,Veerath Thiyagi Viswanathadoss Thozhilalarkal Katchi,Pudukkottai,Pudukkottai,Delta,GEN
180,K. MURUGESAN,IND,64,83.68,IND,Pudukkottai,Pudukkottai,Delta,GEN
180,G. MUTHURAJ,IND,62,83.68,IND,Pudukkottai,Pudukkottai,Delta,GEN
180,A. RADHAKRISHNAN,IND,39,83.68,IND,Pudukkottai,Pudukkottai,Delta,GEN
181,REGUPATHY.S,DMK,58201,86.39,DMK,Thirumayam,Pudukkottai,Delta,GEN
181,CHINTHAMANI.C,TVK,56709,86.39,TVK,Thirumayam,Pudukkottai,Delta,GEN
181,VAIRAMUTHU.PK,AIADMK,55464,86.39,AIADMK,Thirumayam,Pudukkottai,Delta,GEN
181,LAKSHMI SRINIVASAN,NTK,9102,86.39,NTK,Thirumayam,Pudukkottai,Delta,GEN
181,NOTA,NOTA,945,86.39,NOTA,Thirumayam,Pudukkottai,Delta,GEN
181,SUBBIAH.A,Puthiya Tamilagam,359,86.39,Puthiya Tamilagam,Thirumayam,Pudukkottai,Delta,GEN
181,DURAIRAJAN.M,IND,289,86.39,IND,Thirumayam,Pudukkottai,Delta,GEN
181,RAMNATH.T,IND,287,86.39,IND,Thirumayam,Pudukkottai,Delta,GEN
181,SUBRAMANIAN.P,IND,279,86.39,IND,Thirumayam,Pudukkottai,Delta,GEN
181,ESWAR.S,IND,238,86.39,IND,Thirumayam,Pudukkottai,Delta,GEN
181,MUTHUKARUPPAN.CN,Party for the Rights of Other backward Classes,228,86.39,Party for the Rights of Other backward Classes,Thirumayam,Pudukkottai,Delta,GEN
181,CHINNATHAMBI.P,IND,193,86.39,IND,Thirumayam,Pudukkottai,Delta,GEN
181,RAJA.K,All India Puratchi Thalaivar Makkal Munnettra Kazhagam,135,86.39,All India Puratchi Thalaivar Makkal Munnettra Kazhagam,Thirumayam,Pudukkottai,Delta,GEN
181,RAMSINGH.SK,Tamizhaga Vaazhvurimai Katchi,97,86.39,Tamizhaga Vaazhvurimai Katchi,Thirumayam,Pudukkottai,Delta,GEN
181,SATHISHKUMAR.M,IND,86,86.39,IND,Thirumayam,Pudukkottai,Delta,GEN
182,SIVA.V.MEYYANATHAN,DMK,64929,90.93,DMK,Alangudi,Pudukkottai,Delta,GEN
182,KANDASAMY,TVK,51952,90.93,TVK,Alangudi,Pudukkottai,Delta,GEN
182,DHANA VIMAL,AIADMK,50063,90.93,AIADMK,Alangudi,Pudukkottai,Delta,GEN
182,R.RAJARAM,NTK,10652,90.93,NTK,Alangudi,Pudukkottai,Delta,GEN
182,NOTA,NOTA,673,90.93,NOTA,Alangudi,Pudukkottai,Delta,GEN
182,D.PUSHPARAJ,All India Puratchi Thalaivar Makkal Munnettra Kazhagam,618,90.93,All India Puratchi Thalaivar Makkal Munnettra Kazhagam,Alangudi,Pudukkottai,Delta,GEN
182,R.SURESH,Party for the Rights of Other backward Classes,530,90.93,Party for the Rights of Other backward Classes,Alangudi,Pudukkottai,Delta,GEN
182,S MALAIYANDI,Akila Inthiya Makkal Marumalarchi Kazhakam,184,90.93,Akila Inthiya Makkal Marumalarchi Kazhakam,Alangudi,Pudukkottai,Delta,GEN
182,K.MURUGESAN,IND,174,90.93,IND,Alangudi,Pudukkottai,Delta,GEN
182,SASIKUMAR.P,IND,158,90.93,IND,Alangudi,Pudukkottai,Delta,GEN
182,B.SELVAM,IND,136,90.93,IND,Alangudi,Pudukkottai,Delta,GEN
182,S.VANMEGANADHAN,IND,132,90.93,IND,Alangudi,Pudukkottai,Delta,GEN
182,M.NAGARAJAN,IND,125,90.93,IND,Alangudi,Pudukkottai,Delta,GEN
182,T.THIRUMARAN,IND,91,90.93,IND,Alangudi,Pudukkottai,Delta,GEN
182,V.KANNADASSAN,IND,66,90.93,IND,Alangudi,Pudukkottai,Delta,GEN
183,MOHAMED FARVAS. J,TVK,73244,82.11,TVK,Arantangi,Pudukkottai,Delta,GEN
183,RAMACHANDRAN . T,INC,63182,82.11,INC,Arantangi,Pudukkottai,Delta,GEN
183,KAVITHA SRIKANTH,BJP,31456,82.11,BJP,Arantangi,Pudukkottai,Delta,GEN
183,MUTHULAKSHMI. S,NTK,9975,82.11,NTK,Arantangi,Pudukkottai,Delta,GEN
183,SHAHUL HAMEED . N,IND,798,82.11,IND,Arantangi,Pudukkottai,Delta,GEN
183,NAZIM KHAN. M,Tamizhaga Vaazhvurimai Katchi,774,82.11,Tamizhaga Vaazhvurimai Katchi,Arantangi,Pudukkottai,Delta,GEN
183,KALIMUTHU. P,IND,762,82.11,IND,Arantangi,Pudukkottai,Delta,GEN
183,NOTA,NOTA,580,82.11,NOTA,Arantangi,Pudukkottai,Delta,GEN
183,DHETCHNA MOORTHY. DOCTOR. S,IND,408,82.11,IND,Arantangi,Pudukkottai,Delta,GEN
183,ABDUL JAFFAR. S,IND,322,82.11,IND,Arantangi,Pudukkottai,Delta,GEN
183,MURUGARETHINAM. T,IND,305,82.11,IND,Arantangi,Pudukkottai,Delta,GEN
183,SUNDAR . A,IND,293,82.11,IND,Arantangi,Pudukkottai,Delta,GEN
183,ARUNAGIRI . M,IND,210,82.11,IND,Arantangi,Pudukkottai,Delta,GEN
183,KARTHIKEYAN. N,IND,149,82.11,IND,Arantangi,Pudukkottai,Delta,GEN
183,AIYAPPAN,IND,138,82.11,IND,Arantangi,Pudukkottai,Delta,GEN
183,UDAIYAPPAN. M,IND,134,82.11,IND,Arantangi,Pudukkottai,Delta,GEN
184,DR.PRABHU. TK,TVK,101358,78.3,TVK,Karaikudi,Sivaganga,South,GEN
184,MANGUDI. S,INC,55284,78.3,INC,Karaikudi,Sivaganga,South,GEN
184,DHERPOKI V.PANDI,AMMK,33352,78.3,AMMK,Karaikudi,Sivaganga,South,GEN
184,SEEMAN,NTK,30793,78.3,NTK,Karaikudi,Sivaganga,South,GEN
184,NEWTON BABU. C,Puthiya Tamilagam,796,78.3,Puthiya Tamilagam,Karaikudi,Sivaganga,South,GEN
184,VELU. K,IND,689,78.3,IND,Karaikudi,Sivaganga,South,GEN
184,KALIMUTHU. A,All India Puratchi Thalaivar Makkal Munnettra Kazhagam,602,78.3,All India Puratchi Thalaivar Makkal Munnettra Kazhagam,Karaikudi,Sivaganga,South,GEN
184,KARUPPIAH. K,Republican Party of India (Athawale),590,78.3,Republican Party of India (Athawale),Karaikudi,Sivaganga,South,GEN
184,DINESH. K,IND,531,78.3,IND,Karaikudi,Sivaganga,South,GEN
184,NOTA,NOTA,519,78.3,NOTA,Karaikudi,Sivaganga,South,GEN
184,PRABU. G,IND,502,78.3,IND,Karaikudi,Sivaganga,South,GEN
184,MANIMARAN. R,IND,471,78.3,IND,Karaikudi,Sivaganga,South,GEN
184,KALIDASS. R,IND,469,78.3,IND,Karaikudi,Sivaganga,South,GEN
184,RANJITHKUMAR BALUSAMY,Bahujan Samaj Party,458,78.3,BSP,Karaikudi,Sivaganga,South,GEN
184,PANDI. S,IND,361,78.3,IND,Karaikudi,Sivaganga,South,GEN
184,JEEVITHA. A,IND,321,78.3,IND,Karaikudi,Sivaganga,South,GEN
184,AZIZ ABDUL RAHMAN. J,Samaniya Makkal Nala Katchi,315,78.3,Samaniya Makkal Nala Katchi,Karaikudi,Sivaganga,South,GEN
184,SHANTHI. B,IND,263,78.3,IND,Karaikudi,Sivaganga,South,GEN
184,LAKSHMANAN. R,IND,258,78.3,IND,Karaikudi,Sivaganga,South,GEN
184,VEERAMANIKANDAN. V,IND,236,78.3,IND,Karaikudi,Sivaganga,South,GEN
184,RAMU. M,IND,216,78.3,IND,Karaikudi,Sivaganga,South,GEN
184,SURESH. V,IND,216,78.3,IND,Karaikudi,Sivaganga,South,GEN
184,MUTHUKUMAR. K,IND,175,78.3,IND,Karaikudi,Sivaganga,South,GEN
184,SELVI. K,IND,169,78.3,IND,Karaikudi,Sivaganga,South,GEN
184,UDHUMAN ALI. M.S,IND,166,78.3,IND,Karaikudi,Sivaganga,South,GEN
184,RAMANATHAN. S.V,IND,157,78.3,IND,Karaikudi,Sivaganga,South,GEN
185,SEENIVASA SETHUPATHY. R,TVK,83375,84.11,TVK,Tiruppattur,Sivaganga,South,GEN
185,PERIAKARUPPAN. KR,DMK,83374,84.11,DMK,Tiruppattur,Sivaganga,South,GEN
185,THIRUMARAN. K.C,BJP,29054,84.11,BJP,Tiruppattur,Sivaganga,South,GEN
185,RAMYA MOHAN,NTK,15291,84.11,NTK,Tiruppattur,Sivaganga,South,GEN
185,RAJA. K.P.M,IND,753,84.11,IND,Tiruppattur,Sivaganga,South,GEN
185,NOTA,NOTA,747,84.11,NOTA,Tiruppattur,Sivaganga,South,GEN
185,UMADEVI. S,All India Puratchi Thalaivar Makkal Munnettra Kazhagam,611,84.11,All India Puratchi Thalaivar Makkal Munnettra Kazhagam,Tiruppattur,Sivaganga,South,GEN
185,VISHWANATHAN. S,IND,496,84.11,IND,Tiruppattur,Sivaganga,South,GEN
185,SHANMUGAM. M,IND,383,84.11,IND,Tiruppattur,Sivaganga,South,GEN
185,DR.VINAYAGA MEYYARASU. T,IND,380,84.11,IND,Tiruppattur,Sivaganga,South,GEN
185,MARIMUTHU. S,IND,350,84.11,IND,Tiruppattur,Sivaganga,South,GEN
185,BAKIYALAKSHMI. M,IND,266,84.11,IND,Tiruppattur,Sivaganga,South,GEN
185,PIRAMAN. P,IND,223,84.11,IND,Tiruppattur,Sivaganga,South,GEN
185,MALLIKA. A,IND,143,84.11,IND,Tiruppattur,Sivaganga,South,GEN
185,SETHU. P,IND,135,84.11,IND,Tiruppattur,Sivaganga,South,GEN
185,PANCHAVARNAM. M,IND,129,84.11,IND,Tiruppattur,Sivaganga,South,GEN
186,KULANTHAI RANI A,TVK,73737,81.29,TVK,Sivaganga,Sivaganga,South,GEN
186,SENTHILNATHAN PR,AIADMK,58656,81.29,AIADMK,Sivaganga,Sivaganga,South,GEN
186,KARUNAAS S,DMK,57300,81.29,DMK,Sivaganga,Sivaganga,South,GEN
186,INDHUJA R,NTK,19021,81.29,NTK,Sivaganga,Sivaganga,South,GEN
186,MURUGANANTHAM GURU,All India Puratchi Thalaivar Makkal Munnettra Kazhagam,1186,81.29,All India Puratchi Thalaivar Makkal Munnettra Kazhagam,Sivaganga,Sivaganga,South,GEN
186,NOTA,NOTA,1053,81.29,NOTA,Sivaganga,Sivaganga,South,GEN
186,MARIMUTHU K,Bahujan Samaj Party,447,81.29,BSP,Sivaganga,Sivaganga,South,GEN
186,KARTHIK M,IND,369,81.29,IND,Sivaganga,Sivaganga,South,GEN
186,RAJAMANICKAM M,Desiya Makkal Sakthi Katchi,319,81.29,Desiya Makkal Sakthi Katchi,Sivaganga,Sivaganga,South,GEN
186,PAULSAMY,IND,282,81.29,IND,Sivaganga,Sivaganga,South,GEN
186,PRABAKARAN S.T,IND,282,81.29,IND,Sivaganga,Sivaganga,South,GEN
186,NAGAPRABU,IND,264,81.29,IND,Sivaganga,Sivaganga,South,GEN
186,RAJESH X,Tamizhaga Vaazhvurimai Katchi,263,81.29,Tamizhaga Vaazhvurimai Katchi,Sivaganga,Sivaganga,South,GEN
186,RAJKUMAR C,Party for the Rights of Other backward Classes,223,81.29,Party for the Rights of Other backward Classes,Sivaganga,Sivaganga,South,GEN
186,KALEESWARAN M,IND,210,81.29,IND,Sivaganga,Sivaganga,South,GEN
186,RAMESH K,IND,195,81.29,IND,Sivaganga,Sivaganga,South,GEN
186,SANTHANAM,IND,161,81.29,IND,Sivaganga,Sivaganga,South,GEN
186,IRUDAYARAJ V,IND,99,81.29,IND,Sivaganga,Sivaganga,South,GEN
187,ELANGOVAN.D,TVK,69971,86.16,TVK,Manamadurai,Sivaganga,South,SC
187,TAMILARASI.A,DMK,68763,86.16,DMK,Manamadurai,Sivaganga,South,SC
187,BALAGANAPATHY.V,BJP,42610,86.16,BJP,Manamadurai,Sivaganga,South,SC
187,SHANMUGAPRIYA.M,NTK,19676,86.16,NTK,Manamadurai,Sivaganga,South,SC
187,ARUMUGAM.V,Republican Party of India,1692,86.16,Republican Party of India,Manamadurai,Sivaganga,South,SC
187,THILAGARAJ.K,All India Puratchi Thalaivar Makkal Munnettra Kazhagam,1686,86.16,All India Puratchi Thalaivar Makkal Munnettra Kazhagam,Manamadurai,Sivaganga,South,SC
187,NOTA,NOTA,846,86.16,NOTA,Manamadurai,Sivaganga,South,SC
187,RAJAMANIKKAM.A,Puthiya Tamilagam,706,86.16,Puthiya Tamilagam,Manamadurai,Sivaganga,South,SC
187,BHARATHIDASAN.S,IND,612,86.16,IND,Manamadurai,Sivaganga,South,SC
187,ARUNPANDIAN.A,Tamizhaga Vaazhvurimai Katchi,484,86.16,Tamizhaga Vaazhvurimai Katchi,Manamadurai,Sivaganga,South,SC
187,VEERAPANDI.V,IND,428,86.16,IND,Manamadurai,Sivaganga,South,SC
187,RAJU.J.M,IND,328,86.16,IND,Manamadurai,Sivaganga,South,SC
187,SATHISH.T,IND,317,86.16,IND,Manamadurai,Sivaganga,South,SC
187,SHANKARGANESAN.S,IND,263,86.16,IND,Manamadurai,Sivaganga,South,SC
187,KARUPPUSAMI.V,IND,261,86.16,IND,Manamadurai,Sivaganga,South,SC
188,P.VISWANATHAN,INC,60080,88.5,INC,Melur,Madurai,South,GEN
188,A.MADURAIVEERAN,TVK,57356,88.5,TVK,Melur,Madurai,South,GEN
188,P.PERIYAPULLAN (A) SELVAM,AIADMK,56744,88.5,AIADMK,Melur,Madurai,South,GEN
188,KOTTAIKUMAR,NTK,9570,88.5,NTK,Melur,Madurai,South,GEN
188,SONIAGANDHI,All India Puratchi Thalaivar Makkal Munnettra Kazhagam,2628,88.5,All India Puratchi Thalaivar Makkal Munnettra Kazhagam,Melur,Madurai,South,GEN
188,M.MURUGAN,IND,2170,88.5,IND,Melur,Madurai,South,GEN
188,NOTA,NOTA,554,88.5,NOTA,Melur,Madurai,South,GEN
188,M.PANNEERSELVAM,Puthiya Tamilagam,423,88.5,Puthiya Tamilagam,Melur,Madurai,South,GEN
188,C.RAMESH,IND,317,88.5,IND,Melur,Madurai,South,GEN
188,K.MEYYAR,Communist Party of India (Marxist-Leninist) (Liberation),276,88.5,Communist Party of India (Marxist-Leninist) (Liberation),Melur,Madurai,South,GEN
188,C.MOHANRAM,IND,269,88.5,IND,Melur,Madurai,South,GEN
188,K.MANIKANDAPRABU,IND,138,88.5,IND,Melur,Madurai,South,GEN
188,S.BOOPATHI,IND,116,88.5,IND,Melur,Madurai,South,GEN
188,K.SETHURAMAN,IND,85,88.5,IND,Melur,Madurai,South,GEN
189,KARTHIKEYAN S,TVK,118777,80.58,TVK,Madurai East,Madurai,South,GEN
189,MOORTHY P,DMK,102230,80.58,DMK,Madurai East,Madurai,South,GEN
189,MAHENDRAN K,AIADMK,31016,80.58,AIADMK,Madurai East,Madurai,South,GEN
189,SELVAM K,NTK,13629,80.58,NTK,Madurai East,Madurai,South,GEN
189,PRINCE S,Republican Party of India (Athawale),1591,80.58,Republican Party of India (Athawale),Madurai East,Madurai,South,GEN
189,NOTA,NOTA,1177,80.58,NOTA,Madurai East,Madurai,South,GEN
189,KARTHIKEYAN G,IND,750,80.58,IND,Madurai East,Madurai,South,GEN
189,BHARATHIRAJA A,Puthiya Tamilagam,594,80.58,Puthiya Tamilagam,Madurai East,Madurai,South,GEN
189,MUGESHKUMAR M,IND,561,80.58,IND,Madurai East,Madurai,South,GEN
189,PITCHAI V,IND,240,80.58,IND,Madurai East,Madurai,South,GEN
189,ARUN PANDIAN A J,IND,217,80.58,IND,Madurai East,Madurai,South,GEN
189,ARASU S,IND,196,80.58,IND,Madurai East,Madurai,South,GEN
189,AJAY KANNAN A,IND,163,80.58,IND,Madurai East,Madurai,South,GEN
189,BOOMIRAJAN K,Tamizhaga Vaazhvurimai Katchi,159,80.58,Tamizhaga Vaazhvurimai Katchi,Madurai East,Madurai,South,GEN
189,VELLADURAI A,IND,145,80.58,IND,Madurai East,Madurai,South,GEN
189,CHANDRA MOULISWARAN A,IND,121,80.58,IND,Madurai East,Madurai,South,GEN
190,KARUPPAIAH.M.V,TVK,63907,92.61,TVK,Sholavandan,Madurai,South,SC
190,VENKATESAN.A,DMK,61229,92.61,DMK,Sholavandan,Madurai,South,SC
190,MANICKAM.K,AIADMK,49494,92.61,AIADMK,Sholavandan,Madurai,South,SC
190,NAGALAKSHMI THIRUMARAN.T,NTK,10430,92.61,NTK,Sholavandan,Madurai,South,SC
190,BALAMURUGAN.K,All India Puratchi Thalaivar Makkal Munnettra Kazhagam,2091,92.61,All India Puratchi Thalaivar Makkal Munnettra Kazhagam,Sholavandan,Madurai,South,SC
190,NOTA,NOTA,571,92.61,NOTA,Sholavandan,Madurai,South,SC
190,RAGHU.K,Puthiya Tamilagam,265,92.61,Puthiya Tamilagam,Sholavandan,Madurai,South,SC
190,BALAMURUGAN.R,IND,203,92.61,IND,Sholavandan,Madurai,South,SC
190,THANGAPANDI.P,Tamizhaga Vaazhvurimai Katchi,195,92.61,Tamizhaga Vaazhvurimai Katchi,Sholavandan,Madurai,South,SC
190,RANJITH KUMAR.S,IND,187,92.61,IND,Sholavandan,Madurai,South,SC
190,GUNASEKARAN.P,IND,186,92.61,IND,Sholavandan,Madurai,South,SC
190,BALAMURUGAN.C,IND,143,92.61,IND,Sholavandan,Madurai,South,SC
190,AJAY SUBASH.B,IND,72,92.61,IND,Sholavandan,Madurai,South,SC
190,RAMADOSS.C,Indhu Dravida Makkal Katchi,65,92.61,Indhu Dravida Makkal Katchi,Sholavandan,Madurai,South,SC
190,KRISHNASAMY.P,IND,42,92.61,IND,Sholavandan,Madurai,South,SC
191,A.KALLANAI,TVK,72853,73.18,TVK,Madurai North,Madurai,South,GEN
191,G.THALAPATHI,DMK,54815,73.18,DMK,Madurai North,Madurai,South,GEN
191,P.SARAVANAN,AIADMK,24982,73.18,AIADMK,Madurai North,Madurai,South,GEN
191,V THIRUNAVUKKARASU,NTK,7415,73.18,NTK,Madurai North,Madurai,South,GEN
191,NOTA,NOTA,753,73.18,NOTA,Madurai North,Madurai,South,GEN
191,D.MOHAMED ISMAIL,IND,164,73.18,IND,Madurai North,Madurai,South,GEN
191,R RAJKUMAR,Naam Indiar Party,138,73.18,Naam Indiar Party,Madurai North,Madurai,South,GEN
191,A.RAJANGAM,IND,135,73.18,IND,Madurai North,Madurai,South,GEN
191,M J VOLTAIRE,Socialist Unity Centre Of India (COMMUNIST),122,73.18,Socialist Unity Centre Of India (COMMUNIST),Madurai North,Madurai,South,GEN
191,M.P.SANKARAPANDI,IND,122,73.18,IND,Madurai North,Madurai,South,GEN
191,P MUTHUSAMY,IND,101,73.18,IND,Madurai North,Madurai,South,GEN
191,C.SATHISHKUMAR,IND,94,73.18,IND,Madurai North,Madurai,South,GEN
191,J.KESAVARAJAH,IND,82,73.18,IND,Madurai North,Madurai,South,GEN
191,N.KUPPUSAMY,IND,25,73.18,IND,Madurai North,Madurai,South,GEN
192,M.M.GOPISON,TVK,62415,74.84,TVK,Madurai South,Madurai,South,GEN
192,M.BOOMINATHAN,DMK,40886,74.84,DMK,Madurai South,Madurai,South,GEN
192,RAAMA SREENIVASAN,BJP,31100,74.84,BJP,Madurai South,Madurai,South,GEN
192,B.M.SUMATHY,NTK,5863,74.84,NTK,Madurai South,Madurai,South,GEN
192,NOTA,NOTA,612,74.84,NOTA,Madurai South,Madurai,South,GEN
192,S.IRUTHYARAJ,Tamizhaga Vaazhvurimai Katchi,370,74.84,Tamizhaga Vaazhvurimai Katchi,Madurai South,Madurai,South,GEN
192,K.JEYA,IND,257,74.84,IND,Madurai South,Madurai,South,GEN
193,MADHAR BADHURUDEEN,TVK,63414,75.62,TVK,Madurai Central,Madurai,South,GEN
193,PALANIVEL THIAGA RAJAN,DMK,44286,75.62,DMK,Madurai Central,Madurai,South,GEN
193,SUNDAR  C,AIADMK,33538,75.62,AIADMK,Madurai Central,Madurai,South,GEN
193,ABDUL HAKEEM  K,NTK,5549,75.62,NTK,Madurai Central,Madurai,South,GEN
193,NOTA,NOTA,656,75.62,NOTA,Madurai Central,Madurai,South,GEN
193,SAKKARAVARTHY P,All India Puratchi Thalaivar Makkal Munnettra Kazhagam,313,75.62,All India Puratchi Thalaivar Makkal Munnettra Kazhagam,Madurai Central,Madurai,South,GEN
193,RAMAR PANDI  T,Bahujan Samaj Party,268,75.62,BSP,Madurai Central,Madurai,South,GEN
193,AVADAINATHAN  V,IND,145,75.62,IND,Madurai Central,Madurai,South,GEN
193,SALEEM,IND,105,75.62,IND,Madurai Central,Madurai,South,GEN
193,RAJENDRAN R,IND,92,75.62,IND,Madurai Central,Madurai,South,GEN
193,MANIVANNAN,IND,83,75.62,IND,Madurai Central,Madurai,South,GEN
193,GURU KARTHICK T,IND,72,75.62,IND,Madurai Central,Madurai,South,GEN
193,SIVAPERUMAL V,IND,65,75.62,IND,Madurai Central,Madurai,South,GEN
194,THANGAPANDI SR,TVK,88250,79.38,TVK,Madurai West,Madurai,South,GEN
194,BALAJI R,DMK,76319,79.38,DMK,Madurai West,Madurai,South,GEN
194,SELLUR K RAJU,AIADMK,38961,79.38,AIADMK,Madurai West,Madurai,South,GEN
194,VIGNESHKUMAR S,NTK,10574,79.38,NTK,Madurai West,Madurai,South,GEN
194,NOTA,NOTA,893,79.38,NOTA,Madurai West,Madurai,South,GEN
194,RAJKUMAR S,IND,257,79.38,IND,Madurai West,Madurai,South,GEN
194,MUTHUKUMAR S,IND,190,79.38,IND,Madurai West,Madurai,South,GEN
194,VENKATESAN M,IND,190,79.38,IND,Madurai West,Madurai,South,GEN
194,MADURAI VEERAN S,Tamizhaga Vaazhvurimai Katchi,170,79.38,Tamizhaga Vaazhvurimai Katchi,Madurai West,Madurai,South,GEN
194,ANANDH K,IND,130,79.38,IND,Madurai West,Madurai,South,GEN
194,THARMA PRABU V S,IND,126,79.38,IND,Madurai West,Madurai,South,GEN
194,MUTHUPANDI R,Vishwa Tamil Kazhagam,116,79.38,Vishwa Tamil Kazhagam,Madurai West,Madurai,South,GEN
194,MUTHUKUMAR D,IND,89,79.38,IND,Madurai West,Madurai,South,GEN
194,RAHAMADULLAH S,IND,86,79.38,IND,Madurai West,Madurai,South,GEN
194,MANOJ KUMAR R,IND,52,79.38,IND,Madurai West,Madurai,South,GEN
195,NIRMALKUMAR. R.,TVK,114316,86.24,TVK,Thiruparankundram,Madurai,South,GEN
195,KIRUTHIGA THANGAPANDI,DMK,72763,86.24,DMK,Thiruparankundram,Madurai,South,GEN
195,RAJANCHELLAPPA. V.V.,AIADMK,49865,86.24,AIADMK,Thiruparankundram,Madurai,South,GEN
195,SATHYADEVI. T.,NTK,14350,86.24,NTK,Thiruparankundram,Madurai,South,GEN
195,NOTA,NOTA,1148,86.24,NOTA,Thiruparankundram,Madurai,South,GEN
195,THANAPANDIAN. T.,All India Puratchi Thalaivar Makkal Munnettra Kazhagam,1088,86.24,All India Puratchi Thalaivar Makkal Munnettra Kazhagam,Thiruparankundram,Madurai,South,GEN
195,SETHURAMAN. A.,Puthiya Tamilagam,368,86.24,Puthiya Tamilagam,Thiruparankundram,Madurai,South,GEN
195,RAJ. P.,IND,353,86.24,IND,Thiruparankundram,Madurai,South,GEN
195,MOOKKAYEE. C.,Ezhuchi Tamilargal Munnetra Kazhagam,249,86.24,Ezhuchi Tamilargal Munnetra Kazhagam,Thiruparankundram,Madurai,South,GEN
195,CHELLADURAI. R,Naam Indiar Party,231,86.24,Naam Indiar Party,Thiruparankundram,Madurai,South,GEN
195,SYED IBRAHIM. M.,Tamizhaga Vaazhvurimai Katchi,163,86.24,Tamizhaga Vaazhvurimai Katchi,Thiruparankundram,Madurai,South,GEN
195,RENGANATHAN DORAISAMY,Rashtriya Samaj Dal (R),140,86.24,Rashtriya Samaj Dal (R),Thiruparankundram,Madurai,South,GEN
195,VALLARASAN. K.,IND,136,86.24,IND,Thiruparankundram,Madurai,South,GEN
195,UKKRA PANDIAN. S.,IND,122,86.24,IND,Thiruparankundram,Madurai,South,GEN
195,ARUMUGAM. G.,IND,108,86.24,IND,Thiruparankundram,Madurai,South,GEN
195,POUNRAJ. N.,IND,66,86.24,IND,Thiruparankundram,Madurai,South,GEN
196,MANIMARAN.M,DMK,88291,91.27,DMK,Thirumangalam,Madurai,South,GEN
196,UDHAYAKUMAR.R.B,AIADMK,64484,91.27,AIADMK,Thirumangalam,Madurai,South,GEN
196,SATHISHKUMAR.N,TVK,60826,91.27,TVK,Thirumangalam,Madurai,South,GEN
196,MUNISH.N,NTK,11139,91.27,NTK,Thirumangalam,Madurai,South,GEN
196,JEEVITHA NACHIYAR.B,All India Puratchi Thalaivar Makkal Munnettra Kazhagam,2851,91.27,All India Puratchi Thalaivar Makkal Munnettra Kazhagam,Thirumangalam,Madurai,South,GEN
196,NOTA,NOTA,933,91.27,NOTA,Thirumangalam,Madurai,South,GEN
196,BHARATH.M,IND,924,91.27,IND,Thirumangalam,Madurai,South,GEN
196,VENGATESWARAN.B,IND,427,91.27,IND,Thirumangalam,Madurai,South,GEN
196,KALAISELVI.R,Ahila India Dhayaga Makkal Munnetra Katchi,283,91.27,Ahila India Dhayaga Makkal Munnetra Katchi,Thirumangalam,Madurai,South,GEN
196,MURUGAN.S,IND,253,91.27,IND,Thirumangalam,Madurai,South,GEN
196,ALAGAR.A,Ezhuchi Tamilargal Munnetra Kazhagam,133,91.27,Ezhuchi Tamilargal Munnetra Kazhagam,Thirumangalam,Madurai,South,GEN
196,AYYANAN.P,IND,112,91.27,IND,Thirumangalam,Madurai,South,GEN
196,SAKKARAVARTHY.P,IND,105,91.27,IND,Thirumangalam,Madurai,South,GEN
196,NAGOOR.M,IND,84,91.27,IND,Thirumangalam,Madurai,South,GEN
196,MUTHURAJA.M,IND,83,91.27,IND,Thirumangalam,Madurai,South,GEN
196,GIRISHKUMAR.A,IND,52,91.27,IND,Thirumangalam,Madurai,South,GEN
197,VIJAY. M,TVK,65743,86.37,TVK,Usilampatti,Madurai,South,GEN
197,MAHENDRAN. I,AIADMK,63938,86.37,AIADMK,Usilampatti,Madurai,South,GEN
197,SARAVANAKUMAR. T,INC,59465,86.37,INC,Usilampatti,Madurai,South,GEN
197,AYYAPPAN. P,All India Puratchi Thalaivar Makkal Munnettra Kazhagam,16620,86.37,All India Puratchi Thalaivar Makkal Munnettra Kazhagam,Usilampatti,Madurai,South,GEN
197,ABIRAMI. D,NTK,15185,86.37,NTK,Usilampatti,Madurai,South,GEN
197,VELLAIPANDI. V,Bahujan Samaj Party,724,86.37,BSP,Usilampatti,Madurai,South,GEN
197,NOTA,NOTA,692,86.37,NOTA,Usilampatti,Madurai,South,GEN
197,PRAVEENA. S,IND,343,86.37,IND,Usilampatti,Madurai,South,GEN
197,THIAGARAJAN. O. V,IND,337,86.37,IND,Usilampatti,Madurai,South,GEN
197,MUTHU. N,IND,300,86.37,IND,Usilampatti,Madurai,South,GEN
197,THIRUMOORTHY. A,IND,270,86.37,IND,Usilampatti,Madurai,South,GEN
197,KIRANYA. S,IND,262,86.37,IND,Usilampatti,Madurai,South,GEN
197,DHANASEKARAN. T,IND,169,86.37,IND,Usilampatti,Madurai,South,GEN
198,MAHARAJAN.A,DMK,74324,87.61,DMK,Andipatti,Theni,South,GEN
198,PANDI.V,TVK,64770,87.61,TVK,Andipatti,Theni,South,GEN
198,LOGIRAJAN.A,AIADMK,63343,87.61,AIADMK,Andipatti,Theni,South,GEN
198,GOMATHI .M,NTK,10346,87.61,NTK,Andipatti,Theni,South,GEN
198,NOTA,NOTA,1028,87.61,NOTA,Andipatti,Theni,South,GEN
198,CHELLAPANDIYAN.S,All India Puratchi Thalaivar Makkal Munnettra Kazhagam,586,87.61,All India Puratchi Thalaivar Makkal Munnettra Kazhagam,Andipatti,Theni,South,GEN
198,ELAYARAJA.M,Puthiya Tamilagam,516,87.61,Puthiya Tamilagam,Andipatti,Theni,South,GEN
198,IRUMBORAI.G,Communist Party of India (Marxist-Leninist) Red Star,505,87.61,Communist Party of India (Marxist-Leninist) Red Star,Andipatti,Theni,South,GEN
198,ESAKKIAMMAL.M,Bahujan Samaj Party,420,87.61,BSP,Andipatti,Theni,South,GEN
198,GOPAL.S,IND,232,87.61,IND,Andipatti,Theni,South,GEN
198,PANDIDURAI.P,IND,220,87.61,IND,Andipatti,Theni,South,GEN
198,GOPINATH.P,IND,183,87.61,IND,Andipatti,Theni,South,GEN
198,NEELAKANNAN.T,IND,159,87.61,IND,Andipatti,Theni,South,GEN
198,JAGADEESAN.P,IND,153,87.61,IND,Andipatti,Theni,South,GEN
198,MOHAMMED RUKMAN.M,Tamizhaga Vaazhvurimai Katchi,148,87.61,Tamizhaga Vaazhvurimai Katchi,Andipatti,Theni,South,GEN
198,PACKIARAJ.S,IND,133,87.61,IND,Andipatti,Theni,South,GEN
198,VIJAYARAJ.R,IND,113,87.61,IND,Andipatti,Theni,South,GEN
198,JEYAMURUGAN.M.P,Veerath Thiyagi Viswanathadoss Thozhilalarkal Katchi,82,87.61,Veerath Thiyagi Viswanathadoss Thozhilalarkal Katchi,Andipatti,Theni,South,GEN
198,KARUPPAIYA,IND,68,87.61,IND,Andipatti,Theni,South,GEN
199,SABARI IYNGARAN G.,TVK,85656,83.66,TVK,Periyakulam,Theni,South,SC
199,SAKTHIVEL P.,VCK,66335,83.66,VCK,Periyakulam,Theni,South,SC
199,DR KATHIRKAMU K.,AMMK,44521,83.66,AMMK,Periyakulam,Theni,South,SC
199,VIMALA R.,NTK,9610,83.66,NTK,Periyakulam,Theni,South,SC
199,NOTA,NOTA,1506,83.66,NOTA,Periyakulam,Theni,South,SC
199,MARISAMY V.,Puthiya Tamilagam,1161,83.66,Puthiya Tamilagam,Periyakulam,Theni,South,SC
199,PALANICHAMY T.,IND,636,83.66,IND,Periyakulam,Theni,South,SC
199,ABITHA M.,IND,390,83.66,IND,Periyakulam,Theni,South,SC
199,DR. MOHANRAJ A.C. (P.T),IND,343,83.66,IND,Periyakulam,Theni,South,SC
199,VAIRAMUTHU D.,IND,265,83.66,IND,Periyakulam,Theni,South,SC
199,SELVARAJ R.,IND,255,83.66,IND,Periyakulam,Theni,South,SC
199,RANJEETH KUMAR J.,Socialist Unity Centre Of India (COMMUNIST),240,83.66,Socialist Unity Centre Of India (COMMUNIST),Periyakulam,Theni,South,SC
199,KUMAR S.,IND,146,83.66,IND,Periyakulam,Theni,South,SC
199,SANMUGAVEL K.,IND,145,83.66,IND,Periyakulam,Theni,South,SC
200,PANNEERSELVAM.O,DMK,85206,86.18,DMK,Bodinayakanur,Theni,South,GEN
200,PRAKASH.S,TVK,78401,86.18,TVK,Bodinayakanur,Theni,South,GEN
200,NARAYANASAMY V.T.,AIADMK,41286,86.18,AIADMK,Bodinayakanur,Theni,South,GEN
200,KALAIARASU.S,NTK,11455,86.18,NTK,Bodinayakanur,Theni,South,GEN
200,NOTA,NOTA,931,86.18,NOTA,Bodinayakanur,Theni,South,GEN
200,PADMANABHAN.N,All India Puratchi Thalaivar Makkal Munnettra Kazhagam,659,86.18,All India Puratchi Thalaivar Makkal Munnettra Kazhagam,Bodinayakanur,Theni,South,GEN
200,SELVAMURUGAN.P,IND,529,86.18,IND,Bodinayakanur,Theni,South,GEN
200,NAGANANTHINI.V,IND,526,86.18,IND,Bodinayakanur,Theni,South,GEN
200,DR.PANDIKUMAR.S,Communist Party of India (Marxist-Leninist) (Liberation),417,86.18,Communist Party of India (Marxist-Leninist) (Liberation),Bodinayakanur,Theni,South,GEN
200,BALASUBRAMANI.R,IND,279,86.18,IND,Bodinayakanur,Theni,South,GEN
200,KARUPPAIAH.G,IND,201,86.18,IND,Bodinayakanur,Theni,South,GEN
200,RAJA.M,Vishwa Tamil Kazhagam,189,86.18,Vishwa Tamil Kazhagam,Bodinayakanur,Theni,South,GEN
200,VELRAJ.K,IND,180,86.18,IND,Bodinayakanur,Theni,South,GEN
200,SARAVANAKUMAR.V,IND,172,86.18,IND,Bodinayakanur,Theni,South,GEN
200,CHANDRASEKARAN.S,IND,119,86.18,IND,Bodinayakanur,Theni,South,GEN
200,GOWTHAM.R,IND,78,86.18,IND,Bodinayakanur,Theni,South,GEN
201,JEGANATHMISHRA PLA,TVK,85394,82.05,TVK,Cumbum,Theni,South,GEN
201,ERAMAKRISHNAN N,DMK,84643,82.05,DMK,Cumbum,Theni,South,GEN
201,JAKKAIYAN S.T.K.,AIADMK,27307,82.05,AIADMK,Cumbum,Theni,South,GEN
201,ANBUSELVI A,NTK,9599,82.05,NTK,Cumbum,Theni,South,GEN
201,NOTA,NOTA,667,82.05,NOTA,Cumbum,Theni,South,GEN
201,MUTHU BAGAVATHI M.,Tamizhaga Vaazhvurimai Katchi,431,82.05,Tamizhaga Vaazhvurimai Katchi,Cumbum,Theni,South,GEN
201,RAJAMOHAMMED T,IND,422,82.05,IND,Cumbum,Theni,South,GEN
201,KATHIRAVAN S,New Generation People's Party,319,82.05,New Generation People's Party,Cumbum,Theni,South,GEN
201,PRAKASH P.,IND,254,82.05,IND,Cumbum,Theni,South,GEN
201,MUTHUSELVAM G.,IND,214,82.05,IND,Cumbum,Theni,South,GEN
201,THASTHAKEER I,IND,196,82.05,IND,Cumbum,Theni,South,GEN
201,ASHOK KUMAR A,IND,184,82.05,IND,Cumbum,Theni,South,GEN
201,PRAKASH P.,IND,181,82.05,IND,Cumbum,Theni,South,GEN
201,ARUNKUMAR A,IND,161,82.05,IND,Cumbum,Theni,South,GEN
201,VINOTH KUMAR R,IND,154,82.05,IND,Cumbum,Theni,South,GEN
201,SARAVANAN S.R.,IND,111,82.05,IND,Cumbum,Theni,South,GEN
201,BALAN R,IND,106,82.05,IND,Cumbum,Theni,South,GEN
201,RAJADURAI S,IND,98,82.05,IND,Cumbum,Theni,South,GEN
201,NANTHAKUMAR A.,IND,71,82.05,IND,Cumbum,Theni,South,GEN
201,SUBRAMANIYAM L R,IND,62,82.05,IND,Cumbum,Theni,South,GEN
202,JEGADESHWARI. K,TVK,65548,84.85,TVK,Rajapalayam,Virudhunagar,South,GEN
202,THANGAPANDIAN. S,DMK,54943,84.85,DMK,Rajapalayam,Virudhunagar,South,GEN
202,PRISCILLA PANDIAN. J,BJP,36318,84.85,BJP,Rajapalayam,Virudhunagar,South,GEN
202,DR. KARTHIKEYAN. T.E.,NTK,16972,84.85,NTK,Rajapalayam,Virudhunagar,South,GEN
202,RAMADEVI. T,Puthiya Tamilagam,2544,84.85,Puthiya Tamilagam,Rajapalayam,Virudhunagar,South,GEN
202,HARISH. A,All India Puratchi Thalaivar Makkal Munnettra Kazhagam,1547,84.85,All India Puratchi Thalaivar Makkal Munnettra Kazhagam,Rajapalayam,Virudhunagar,South,GEN
202,NASRIN BANU. T,Republican Party of India (Athawale),1240,84.85,Republican Party of India (Athawale),Rajapalayam,Virudhunagar,South,GEN
202,NOTA,NOTA,753,84.85,NOTA,Rajapalayam,Virudhunagar,South,GEN
202,MANMATHAN. M,IND,414,84.85,IND,Rajapalayam,Virudhunagar,South,GEN
202,MUTHULAKSHMI. R,IND,351,84.85,IND,Rajapalayam,Virudhunagar,South,GEN
202,THANGAPANDI. B,IND,304,84.85,IND,Rajapalayam,Virudhunagar,South,GEN
202,SELVI. K,IND,298,84.85,IND,Rajapalayam,Virudhunagar,South,GEN
202,JEGATHISHWARI. N,IND,292,84.85,IND,Rajapalayam,Virudhunagar,South,GEN
202,ALAGUMURUGAN. S,IND,268,84.85,IND,Rajapalayam,Virudhunagar,South,GEN
202,BALAMURUGAN. V,IND,203,84.85,IND,Rajapalayam,Virudhunagar,South,GEN
202,SELVAKUMAR. A,IND,180,84.85,IND,Rajapalayam,Virudhunagar,South,GEN
202,MURUGAN. D,IND,171,84.85,IND,Rajapalayam,Virudhunagar,South,GEN
202,SAMUEL RAJ,IND,140,84.85,IND,Rajapalayam,Virudhunagar,South,GEN
202,SHANMUGACHANDRA VELAVAN. C.C,IND,137,84.85,IND,Rajapalayam,Virudhunagar,South,GEN
202,SARAVANAN. G,IND,119,84.85,IND,Rajapalayam,Virudhunagar,South,GEN
202,VIJENDRAN. G,IND,108,84.85,IND,Rajapalayam,Virudhunagar,South,GEN
202,GANESAN. K,IND,95,84.85,IND,Rajapalayam,Virudhunagar,South,GEN
202,ALAGUPANDIAN. A,IND,75,84.85,IND,Rajapalayam,Virudhunagar,South,GEN
203,KARTHIK.A,TVK,65653,84.67,TVK,Srivilliputhur,Virudhunagar,South,SC
203,MAHALINGAM.P,CPI,57072,84.67,CPI,Srivilliputhur,Virudhunagar,South,SC
203,CHANDRAPRABHA.M,AIADMK,42839,84.67,AIADMK,Srivilliputhur,Virudhunagar,South,SC
203,KARIKALAPANDIYAN.A,NTK,13274,84.67,NTK,Srivilliputhur,Virudhunagar,South,SC
203,DR. SHYAM KRISHNASAMY,Puthiya Tamilagam,9522,84.67,Puthiya Tamilagam,Srivilliputhur,Virudhunagar,South,SC
203,CHANDRA.M,All India Puratchi Thalaivar Makkal Munnettra Kazhagam,1726,84.67,All India Puratchi Thalaivar Makkal Munnettra Kazhagam,Srivilliputhur,Virudhunagar,South,SC
203,NOTA,NOTA,873,84.67,NOTA,Srivilliputhur,Virudhunagar,South,SC
203,DEVIALAKSHMI SARANYA.K,IND,509,84.67,IND,Srivilliputhur,Virudhunagar,South,SC
203,MUTHURAJ.U,IND,443,84.67,IND,Srivilliputhur,Virudhunagar,South,SC
203,ALAGURAJA T,IND,365,84.67,IND,Srivilliputhur,Virudhunagar,South,SC
203,MURUGESAN.S,IND,341,84.67,IND,Srivilliputhur,Virudhunagar,South,SC
203,PANDIYAMMAL.M,IND,340,84.67,IND,Srivilliputhur,Virudhunagar,South,SC
203,SURYAPRAKASH.R,IND,235,84.67,IND,Srivilliputhur,Virudhunagar,South,SC
203,SUDANDIRADOSS.M,IND,151,84.67,IND,Srivilliputhur,Virudhunagar,South,SC
203,VARATHARAJAN.A,Naam Indiar Party,128,84.67,Naam Indiar Party,Srivilliputhur,Virudhunagar,South,SC
204,KADARKARAIRAJ. A,DMK,62060,86.96,DMK,Sattur,Virudhunagar,South,GEN
204,NAINAR NAGENTHRAN,BJP,56071,86.96,BJP,Sattur,Virudhunagar,South,GEN
204,AJITH. M,TVK,53498,86.96,TVK,Sattur,Virudhunagar,South,GEN
204,ESAKKIRAJA. K,All India Puratchi Thalaivar Makkal Munnettra Kazhagam,11602,86.96,All India Puratchi Thalaivar Makkal Munnettra Kazhagam,Sattur,Virudhunagar,South,GEN
204,ANANDHARAJA. D.,NTK,9235,86.96,NTK,Sattur,Virudhunagar,South,GEN
204,VELMURUGAN. S,Puthiya Tamilagam,2343,86.96,Puthiya Tamilagam,Sattur,Virudhunagar,South,GEN
204,NOTA,NOTA,476,86.96,NOTA,Sattur,Virudhunagar,South,GEN
204,MAYAKKANNAN. V,IND,462,86.96,IND,Sattur,Virudhunagar,South,GEN
204,MANIVASAGAM.S,IND,456,86.96,IND,Sattur,Virudhunagar,South,GEN
204,KAMALA VEL SELVAN. P,Bahujan Samaj Party,404,86.96,BSP,Sattur,Virudhunagar,South,GEN
204,RAMESH KUMAR. B,IND,340,86.96,IND,Sattur,Virudhunagar,South,GEN
204,THANGA MARIAPPAN. J,IND,239,86.96,IND,Sattur,Virudhunagar,South,GEN
204,MAHENDRAN. M,IND,231,86.96,IND,Sattur,Virudhunagar,South,GEN
204,MAHESHKUMAR. M,IND,193,86.96,IND,Sattur,Virudhunagar,South,GEN
204,SARAVANAN. P,IND,190,86.96,IND,Sattur,Virudhunagar,South,GEN
204,VIJENDRAN. G,IND,190,86.96,IND,Sattur,Virudhunagar,South,GEN
204,THANGA DURAI. P,Puthiya Makkal Tamil Desam Katchi,130,86.96,Puthiya Makkal Tamil Desam Katchi,Sattur,Virudhunagar,South,GEN
204,MUTHARASAN. M,IND,126,86.96,IND,Sattur,Virudhunagar,South,GEN
204,VENKATESAN. M,IND,123,86.96,IND,Sattur,Virudhunagar,South,GEN
204,MUTHUKANNU. C,Tamilaga Makkal Nala Katchi,105,86.96,Tamilaga Makkal Nala Katchi,Sattur,Virudhunagar,South,GEN
204,NARMADA NANDHAKUMAR,IND,88,86.96,IND,Sattur,Virudhunagar,South,GEN
204,AJITHKUMAR. S,IND,86,86.96,IND,Sattur,Virudhunagar,South,GEN
204,KALIRAJ. M,IND,86,86.96,IND,Sattur,Virudhunagar,South,GEN
205,KEERTHANA S,TVK,68709,82.33,TVK,Sivakasi,Virudhunagar,South,GEN
205,ASHOKAN G,INC,57039,82.33,INC,Sivakasi,Virudhunagar,South,GEN
205,RAJENTHRABHALAJI K T,AIADMK,51078,82.33,AIADMK,Sivakasi,Virudhunagar,South,GEN
205,ESTHER MARY DIANA A,NTK,10191,82.33,NTK,Sivakasi,Virudhunagar,South,GEN
205,KANIPANDI M,Puthiya Tamilagam,2513,82.33,Puthiya Tamilagam,Sivakasi,Virudhunagar,South,GEN
205,GANESAN M,All India Puratchi Thalaivar Makkal Munnettra Kazhagam,1729,82.33,All India Puratchi Thalaivar Makkal Munnettra Kazhagam,Sivakasi,Virudhunagar,South,GEN
205,NOTA,NOTA,948,82.33,NOTA,Sivakasi,Virudhunagar,South,GEN
205,SURESH K,Bahujan Samaj Party,229,82.33,BSP,Sivakasi,Virudhunagar,South,GEN
205,RAMESH P,IND,213,82.33,IND,Sivakasi,Virudhunagar,South,GEN
205,NAGALAKSHMI V,IND,205,82.33,IND,Sivakasi,Virudhunagar,South,GEN
205,VENKATESH V,IND,199,82.33,IND,Sivakasi,Virudhunagar,South,GEN
205,CHINNADURAI ALIAS DIMITRO S,Communist Party of India (Marxist-Leninist) (Liberation),162,82.33,Communist Party of India (Marxist-Leninist) (Liberation),Sivakasi,Virudhunagar,South,GEN
205,MURUGAN M,IND,120,82.33,IND,Sivakasi,Virudhunagar,South,GEN
205,GANESAN S,IND,102,82.33,IND,Sivakasi,Virudhunagar,South,GEN
205,GANESAN V,IND,80,82.33,IND,Sivakasi,Virudhunagar,South,GEN
206,SELVAM P,TVK,63653,82.49,TVK,Virudhunagar,Virudhunagar,South,GEN
206,VIJAYAPRABHAKAR,DMDK,54262,82.49,DMDK,Virudhunagar,Virudhunagar,South,GEN
206,GANESAN V.G.,AIADMK,34212,82.49,AIADMK,Virudhunagar,Virudhunagar,South,GEN
206,LAKSHMANAN,NTK,10120,82.49,NTK,Virudhunagar,Virudhunagar,South,GEN
206,BALASUBRAMANIAM M,Puthiya Tamilagam,2217,82.49,Puthiya Tamilagam,Virudhunagar,Virudhunagar,South,GEN
206,NOTA,NOTA,954,82.49,NOTA,Virudhunagar,Virudhunagar,South,GEN
206,AJAY I,IND,532,82.49,IND,Virudhunagar,Virudhunagar,South,GEN
206,MUTHUVEL S,IND,509,82.49,IND,Virudhunagar,Virudhunagar,South,GEN
206,SUBBURAJ K,IND,343,82.49,IND,Virudhunagar,Virudhunagar,South,GEN
206,GUNASUNDARAM R,IND,204,82.49,IND,Virudhunagar,Virudhunagar,South,GEN
206,GURUSAMY S,IND,182,82.49,IND,Virudhunagar,Virudhunagar,South,GEN
206,RATHINARAJA S,Nam Naadu Nam Makkal Nam Ethirkaalam Katchi,148,82.49,Nam Naadu Nam Makkal Nam Ethirkaalam Katchi,Virudhunagar,Virudhunagar,South,GEN
206,SANTHOSH KUMAR R,IND,137,82.49,IND,Virudhunagar,Virudhunagar,South,GEN
206,AMIRTHA PANDI M.V,IND,122,82.49,IND,Virudhunagar,Virudhunagar,South,GEN
206,RANJITH S,IND,119,82.49,IND,Virudhunagar,Virudhunagar,South,GEN
206,VIKRAMAN N,Desa Makkal Munnetrak Kazhagam,118,82.49,Desa Makkal Munnetrak Kazhagam,Virudhunagar,Virudhunagar,South,GEN
207,RAMACHANDRAN. K.K.S.S.R,DMK,65104,84.22,DMK,Aruppukottai,Virudhunagar,South,GEN
207,KARTHIK KUMAR. K,TVK,60161,84.22,TVK,Aruppukottai,Virudhunagar,South,GEN
207,SETHUPATHY. S,AIADMK,37190,84.22,AIADMK,Aruppukottai,Virudhunagar,South,GEN
207,MANIMARAN. G,NTK,8499,84.22,NTK,Aruppukottai,Virudhunagar,South,GEN
207,RAGUPATHI. K,Puthiya Tamilagam,2179,84.22,Puthiya Tamilagam,Aruppukottai,Virudhunagar,South,GEN
207,DHARMARAJ. P,All India Puratchi Thalaivar Makkal Munnettra Kazhagam,1147,84.22,All India Puratchi Thalaivar Makkal Munnettra Kazhagam,Aruppukottai,Virudhunagar,South,GEN
207,NOTA,NOTA,692,84.22,NOTA,Aruppukottai,Virudhunagar,South,GEN
207,ARUMUGAM. V,IND,641,84.22,IND,Aruppukottai,Virudhunagar,South,GEN
207,SURESHKUMAR. K,IND,573,84.22,IND,Aruppukottai,Virudhunagar,South,GEN
207,SUNDARAMOORTHI. S,IND,424,84.22,IND,Aruppukottai,Virudhunagar,South,GEN
207,SENTHILKUMAR. S,IND,265,84.22,IND,Aruppukottai,Virudhunagar,South,GEN
207,GANESAN. V,Puthiya Makkal Tamil Desam Katchi,194,84.22,Puthiya Makkal Tamil Desam Katchi,Aruppukottai,Virudhunagar,South,GEN
207,RAMAKRISHNAN. S,IND,162,84.22,IND,Aruppukottai,Virudhunagar,South,GEN
207,SANJAY GANDHI.  V,Desa Makkal Munnetrak Kazhagam,160,84.22,Desa Makkal Munnetrak Kazhagam,Aruppukottai,Virudhunagar,South,GEN
207,ADVOCATE SADHURAGIRI. M,IND,160,84.22,IND,Aruppukottai,Virudhunagar,South,GEN
207,ELANGO. G,Ezhuchi Tamilargal Munnetra Kazhagam,139,84.22,Ezhuchi Tamilargal Munnetra Kazhagam,Aruppukottai,Virudhunagar,South,GEN
207,SUNDARAMAHALINGAM. A,IND,120,84.22,IND,Aruppukottai,Virudhunagar,South,GEN
207,ANANDHAN. A,IND,115,84.22,IND,Aruppukottai,Virudhunagar,South,GEN
207,MUNIYANDI. M,IND,80,84.22,IND,Aruppukottai,Virudhunagar,South,GEN
207,CHINNASAMY. G,IND,76,84.22,IND,Aruppukottai,Virudhunagar,South,GEN
207,PALANIKUMAR. M,IND,68,84.22,IND,Aruppukottai,Virudhunagar,South,GEN
207,RAMAMOORTHY. G,IND,58,84.22,IND,Aruppukottai,Virudhunagar,South,GEN
207,VEERARAJ. R,IND,56,84.22,IND,Aruppukottai,Virudhunagar,South,GEN
207,KARTHIK. M,IND,53,84.22,IND,Aruppukottai,Virudhunagar,South,GEN
207,VENKATESAN. P.S,IND,49,84.22,IND,Aruppukottai,Virudhunagar,South,GEN
207,MARIVEL. K,IND,48,84.22,IND,Aruppukottai,Virudhunagar,South,GEN
208,THANGAM THENARASU,DMK,75085,89.68,DMK,Tiruchuli,Virudhunagar,South,GEN
208,SAMAYAN.S,TVK,61600,89.68,TVK,Tiruchuli,Virudhunagar,South,GEN
208,RAJAVARMAN.M.S.R,AIADMK,25581,89.68,AIADMK,Tiruchuli,Virudhunagar,South,GEN
208,AVARANGADU KARTHIK RAJA,NTK,12763,89.68,NTK,Tiruchuli,Virudhunagar,South,GEN
208,GUNASEKARAN.G,Puthiya Tamilagam,1248,89.68,Puthiya Tamilagam,Tiruchuli,Virudhunagar,South,GEN
208,MURUGESAPANDIAN.T,All India Puratchi Thalaivar Makkal Munnettra Kazhagam,1107,89.68,All India Puratchi Thalaivar Makkal Munnettra Kazhagam,Tiruchuli,Virudhunagar,South,GEN
208,MALAI ALAGU.M,IND,631,89.68,IND,Tiruchuli,Virudhunagar,South,GEN
208,ADVOCATE THANGAPANDIAN,IND,525,89.68,IND,Tiruchuli,Virudhunagar,South,GEN
208,NOTA,NOTA,425,89.68,NOTA,Tiruchuli,Virudhunagar,South,GEN
208,MARIMUTHU.M,IND,392,89.68,IND,Tiruchuli,Virudhunagar,South,GEN
208,KANNAN.G,Ezhuchi Tamilargal Munnetra Kazhagam,281,89.68,Ezhuchi Tamilargal Munnetra Kazhagam,Tiruchuli,Virudhunagar,South,GEN
208,SETHURAMALINGAM.S,IND,245,89.68,IND,Tiruchuli,Virudhunagar,South,GEN
208,PALANIYANDI.M,IND,195,89.68,IND,Tiruchuli,Virudhunagar,South,GEN
208,NALLAMARUTHU.K,IND,164,89.68,IND,Tiruchuli,Virudhunagar,South,GEN
208,RAJANGAM.C,IND,162,89.68,IND,Tiruchuli,Virudhunagar,South,GEN
208,KALIMUTHU.S,IND,124,89.68,IND,Tiruchuli,Virudhunagar,South,GEN
208,RAJKUMAR.D,Tamizhaga Vaazhvurimai Katchi,119,89.68,Tamizhaga Vaazhvurimai Katchi,Tiruchuli,Virudhunagar,South,GEN
208,GURUSAMY.T,IND,114,89.68,IND,Tiruchuli,Virudhunagar,South,GEN
208,VELLAISAMY.P,Ahimsa Socialist Party,108,89.68,Ahimsa Socialist Party,Tiruchuli,Virudhunagar,South,GEN
208,JEYACHITRA,IND,88,89.68,IND,Tiruchuli,Virudhunagar,South,GEN
208,CHENNA KESAVAN.P,IND,85,89.68,IND,Tiruchuli,Virudhunagar,South,GEN
208,MUNIYASAMY.R,IND,77,89.68,IND,Tiruchuli,Virudhunagar,South,GEN
208,MARNADU.M,IND,66,89.68,IND,Tiruchuli,Virudhunagar,South,GEN
208,ARAVINTHASAMY.J,IND,65,89.68,IND,Tiruchuli,Virudhunagar,South,GEN
209,ADVOCATE. KATHIRAVAN. K.K,DMK,59161,81.98,DMK,Paramakudi,Ramanathapuram,South,SC
209,GOPIRAJAN. G,TVK,55613,81.98,TVK,Paramakudi,Ramanathapuram,South,SC
209,DR. MUTHIAH. S,AIADMK,54099,81.98,AIADMK,Paramakudi,Ramanathapuram,South,SC
209,EZHIL ELAVARASI. R,NTK,15363,81.98,NTK,Paramakudi,Ramanathapuram,South,SC
209,AMIRTHA. M,All India Puratchi Thalaivar Makkal Munnettra Kazhagam,2239,81.98,All India Puratchi Thalaivar Makkal Munnettra Kazhagam,Paramakudi,Ramanathapuram,South,SC
209,RATHINA PRAKASH. K,Puthiya Tamilagam,1004,81.98,Puthiya Tamilagam,Paramakudi,Ramanathapuram,South,SC
209,NOTA,NOTA,710,81.98,NOTA,Paramakudi,Ramanathapuram,South,SC
209,KATHIRAVAN. R,IND,379,81.98,IND,Paramakudi,Ramanathapuram,South,SC
209,RAJU. A,IND,324,81.98,IND,Paramakudi,Ramanathapuram,South,SC
209,RAJA. M,IND,268,81.98,IND,Paramakudi,Ramanathapuram,South,SC
209,KARTHIK VANI. B,IND,230,81.98,IND,Paramakudi,Ramanathapuram,South,SC
209,MUTHTHIAH. M,IND,225,81.98,IND,Paramakudi,Ramanathapuram,South,SC
209,RADHA KRISHNAN. G,IND,138,81.98,IND,Paramakudi,Ramanathapuram,South,SC
210,RAJEEV,TVK,69551,80.33,TVK,Tiruvadanai,Ramanathapuram,South,GEN
210,RM. KARUMANICKAM,INC,67038,80.33,INC,Tiruvadanai,Ramanathapuram,South,GEN
210,M.KEERTHIKA,AIADMK,63879,80.33,AIADMK,Tiruvadanai,Ramanathapuram,South,GEN
210,N PREMNATH,NTK,13389,80.33,NTK,Tiruvadanai,Ramanathapuram,South,GEN
210,S SURESH KASINI VENTHAN,All India Forward Bloc,1482,80.33,All India Forward Bloc,Tiruvadanai,Ramanathapuram,South,GEN
210,ALAGARSAMY PANDIAN,IND,675,80.33,IND,Tiruvadanai,Ramanathapuram,South,GEN
210,S.BALUSAMY,Puthiya Tamilagam,619,80.33,Puthiya Tamilagam,Tiruvadanai,Ramanathapuram,South,GEN
210,A DINESH KUMAR,IND,491,80.33,IND,Tiruvadanai,Ramanathapuram,South,GEN
210,A SEGU ALI UDUMAN,IND,481,80.33,IND,Tiruvadanai,Ramanathapuram,South,GEN
210,R THILAGESWARAN,IND,457,80.33,IND,Tiruvadanai,Ramanathapuram,South,GEN
210,NOTA,NOTA,354,80.33,NOTA,Tiruvadanai,Ramanathapuram,South,GEN
210,B SIKKANDAR,IND,330,80.33,IND,Tiruvadanai,Ramanathapuram,South,GEN
210,A MUTHUSAMY,Bahujan Samaj Party,258,80.33,BSP,Tiruvadanai,Ramanathapuram,South,GEN
210,K KALEESWARAN,Tamizhaga Vaazhvurimai Katchi,215,80.33,Tamizhaga Vaazhvurimai Katchi,Tiruvadanai,Ramanathapuram,South,GEN
210,MS ABDUL BAKKI,IND,209,80.33,IND,Tiruvadanai,Ramanathapuram,South,GEN
210,R ILAIYARAJA,Indhu Dravida Makkal Katchi,180,80.33,Indhu Dravida Makkal Katchi,Tiruvadanai,Ramanathapuram,South,GEN
210,SAKTHIK KUMAR,IND,150,80.33,IND,Tiruvadanai,Ramanathapuram,South,GEN
210,N ANBU BAGURUDEEN,IND,125,80.33,IND,Tiruvadanai,Ramanathapuram,South,GEN
210,ALLA PICHAI,IND,112,80.33,IND,Tiruvadanai,Ramanathapuram,South,GEN
210,DEVASITHAM,IND,112,80.33,IND,Tiruvadanai,Ramanathapuram,South,GEN
210,M.VIJAY,IND,109,80.33,IND,Tiruvadanai,Ramanathapuram,South,GEN
210,A MANI,IND,62,80.33,IND,Tiruvadanai,Ramanathapuram,South,GEN
211,KATHARBATCHA MUTHURAMALINGAM,DMK,89137,81.92,DMK,Ramanathapuram,Ramanathapuram,South,GEN
211,SHAHUL HAMEED,TVK,76678,81.92,TVK,Ramanathapuram,Ramanathapuram,South,GEN
211,GBS K.NAGENDRAN,BJP,57730,81.92,BJP,Ramanathapuram,Ramanathapuram,South,GEN
211,S.M. MUTHU KESAVAN,NTK,10766,81.92,NTK,Ramanathapuram,Ramanathapuram,South,GEN
211,NOTA,NOTA,953,81.92,NOTA,Ramanathapuram,Ramanathapuram,South,GEN
211,DR.J. ABUBAKKAR SITHICK,Anna Puratchi Thalaivar Amma Dravida Munnetra Kazhagam,359,81.92,Anna Puratchi Thalaivar Amma Dravida Munnetra Kazhagam,Ramanathapuram,Ramanathapuram,South,GEN
211,K. MALESWARAN,IND,356,81.92,IND,Ramanathapuram,Ramanathapuram,South,GEN
211,A. CHINNA RAJA,IND,350,81.92,IND,Ramanathapuram,Ramanathapuram,South,GEN
211,KAN ILANGO,IND,347,81.92,IND,Ramanathapuram,Ramanathapuram,South,GEN
211,C. PARIRAJAN,Veerath Thiyagi Viswanathadoss Thozhilalarkal Katchi,229,81.92,Veerath Thiyagi Viswanathadoss Thozhilalarkal Katchi,Ramanathapuram,Ramanathapuram,South,GEN
211,PULLANI,IND,223,81.92,IND,Ramanathapuram,Ramanathapuram,South,GEN
211,KARTHIGAI PANDI,IND,160,81.92,IND,Ramanathapuram,Ramanathapuram,South,GEN
211,S. MURUGABOOPATHY,Communist Party of India (Marxist-Leninist) (Liberation),146,81.92,Communist Party of India (Marxist-Leninist) (Liberation),Ramanathapuram,Ramanathapuram,South,GEN
211,BALAKRISHNAN,IND,142,81.92,IND,Ramanathapuram,Ramanathapuram,South,GEN
212,R.S.RAJAKANNAPPAN,DMK,68003,82.69,DMK,Mudukulathur,Ramanathapuram,South,GEN
212,MALARVIZHI. B,TVK,51405,82.69,TVK,Mudukulathur,Ramanathapuram,South,GEN
212,S.PANDI,AIADMK,47501,82.69,AIADMK,Mudukulathur,Ramanathapuram,South,GEN
212,DR.R.RAMKUMAR,All India Puratchi Thalaivar Makkal Munnettra Kazhagam,40422,82.69,All India Puratchi Thalaivar Makkal Munnettra Kazhagam,Mudukulathur,Ramanathapuram,South,GEN
212,CHANDRA PRABHA JEYAPAL,NTK,15112,82.69,NTK,Mudukulathur,Ramanathapuram,South,GEN
212,SATHIYAM C.SARAVANAN,IND,2042,82.69,IND,Mudukulathur,Ramanathapuram,South,GEN
212,M. IRULANDI,Naadaalum Makkal Katchi,1250,82.69,Naadaalum Makkal Katchi,Mudukulathur,Ramanathapuram,South,GEN
212,K.SENTHIL MALLAR,Tamizhaga Vaazhvurimai Katchi,1149,82.69,Tamizhaga Vaazhvurimai Katchi,Mudukulathur,Ramanathapuram,South,GEN
212,C.MALAISELVAM,Puthiya Tamilagam,993,82.69,Puthiya Tamilagam,Mudukulathur,Ramanathapuram,South,GEN
212,R.MOOVENDRAN,IND,486,82.69,IND,Mudukulathur,Ramanathapuram,South,GEN
212,RAVI GOVINTHAN,IND,445,82.69,IND,Mudukulathur,Ramanathapuram,South,GEN
212,V.PANDI,IND,440,82.69,IND,Mudukulathur,Ramanathapuram,South,GEN
212,NOTA,NOTA,429,82.69,NOTA,Mudukulathur,Ramanathapuram,South,GEN
212,G. SELVARAJ,Puthiya Makkal Tamil Desam Katchi,339,82.69,Puthiya Makkal Tamil Desam Katchi,Mudukulathur,Ramanathapuram,South,GEN
212,M.BOOMINATHAN (A) M.K.VAIYAVAN,IND,335,82.69,IND,Mudukulathur,Ramanathapuram,South,GEN
212,K.MURUGAN,IND,208,82.69,IND,Mudukulathur,Ramanathapuram,South,GEN
212,K.GANGAI AMARAN,IND,196,82.69,IND,Mudukulathur,Ramanathapuram,South,GEN
212,C.KENGUSAMY,IND,166,82.69,IND,Mudukulathur,Ramanathapuram,South,GEN
212,M.KARUPPA SAMY,IND,164,82.69,IND,Mudukulathur,Ramanathapuram,South,GEN
212,A. SARAVANAKUMAR,Naam Indiar Party,148,82.69,Naam Indiar Party,Mudukulathur,Ramanathapuram,South,GEN
212,K.RAJAKUMAR,IND,140,82.69,IND,Mudukulathur,Ramanathapuram,South,GEN
213,MARKANDAYAN G V,DMK,58395,88.78,DMK,Vilathikulam,Thoothukudi,South,GEN
213,P. KASIRAM,TVK,50167,88.78,TVK,Vilathikulam,Thoothukudi,South,GEN
213,R. SATHYA,AIADMK,48879,88.78,AIADMK,Vilathikulam,Thoothukudi,South,GEN
213,BALAJI RAMACHANDRAN,NTK,11780,88.78,NTK,Vilathikulam,Thoothukudi,South,GEN
213,P.MADASAMY,Puthiya Tamilagam,2057,88.78,Puthiya Tamilagam,Vilathikulam,Thoothukudi,South,GEN
213,C. PONPANDI,All India Puratchi Thalaivar Makkal Munnettra Kazhagam,1380,88.78,All India Puratchi Thalaivar Makkal Munnettra Kazhagam,Vilathikulam,Thoothukudi,South,GEN
213,NOTA,NOTA,642,88.78,NOTA,Vilathikulam,Thoothukudi,South,GEN
213,P. RAJASEKARAN,IND,441,88.78,IND,Vilathikulam,Thoothukudi,South,GEN
213,G. MUNIYASAMY,IND,175,88.78,IND,Vilathikulam,Thoothukudi,South,GEN
213,M. PONNUSAMY,IND,172,88.78,IND,Vilathikulam,Thoothukudi,South,GEN
213,R. PERUMAL,Naam Indiar Party,166,88.78,Naam Indiar Party,Vilathikulam,Thoothukudi,South,GEN
213,K. AJAY KUMAR,IND,166,88.78,IND,Vilathikulam,Thoothukudi,South,GEN
213,P. JEYAKUMAR,IND,148,88.78,IND,Vilathikulam,Thoothukudi,South,GEN
213,V. GANESAN,IND,88,88.78,IND,Vilathikulam,Thoothukudi,South,GEN
213,A. PRABAHAR,IND,87,88.78,IND,Vilathikulam,Thoothukudi,South,GEN
213,A. PATTURAJ,IND,71,88.78,IND,Vilathikulam,Thoothukudi,South,GEN
214,SRINATH,TVK,100536,76.92,TVK,Thoothukkudi,Thoothukudi,South,GEN
214,P. GEETHA JEEVAN,DMK,62805,76.92,DMK,Thoothukkudi,Thoothukudi,South,GEN
214,CHELLAPANDIAN S.T.,AIADMK,26213,76.92,AIADMK,Thoothukkudi,Thoothukudi,South,GEN
214,JACOB DEVADOSS ABISHEAK R.,NTK,11752,76.92,NTK,Thoothukkudi,Thoothukudi,South,GEN
214,NOTA,NOTA,853,76.92,NOTA,Thoothukkudi,Thoothukudi,South,GEN
214,YESADURAI S.,All India Puratchi Thalaivar Makkal Munnettra Kazhagam,689,76.92,All India Puratchi Thalaivar Makkal Munnettra Kazhagam,Thoothukkudi,Thoothukudi,South,GEN
214,SAMUEL J.,IND,342,76.92,IND,Thoothukkudi,Thoothukudi,South,GEN
214,DHINAKARAN S.T.R.M.,IND,262,76.92,IND,Thoothukkudi,Thoothukudi,South,GEN
214,PONKUMARAN P.P.M.T,Nam Naadu Nam Makkal Nam Ethirkaalam Katchi,261,76.92,Nam Naadu Nam Makkal Nam Ethirkaalam Katchi,Thoothukkudi,Thoothukudi,South,GEN
214,SRIKANTH M.V.,Naam Indiar Party,243,76.92,Naam Indiar Party,Thoothukkudi,Thoothukudi,South,GEN
214,KIDAR SAMSDEEN N.A.,Tamizhaga Vaazhvurimai Katchi,172,76.92,Tamizhaga Vaazhvurimai Katchi,Thoothukkudi,Thoothukudi,South,GEN
214,SAHAYAM T.,Communist Party of India (Marxist-Leninist) (Liberation),143,76.92,Communist Party of India (Marxist-Leninist) (Liberation),Thoothukkudi,Thoothukudi,South,GEN
214,PRASANNA KUMAR M.,Makkal Nalvaazhvuk Katchi,137,76.92,Makkal Nalvaazhvuk Katchi,Thoothukkudi,Thoothukudi,South,GEN
214,BABU P.,IND,115,76.92,IND,Thoothukkudi,Thoothukudi,South,GEN
214,MUNEESWARA MOORTHY S.,IND,104,76.92,IND,Thoothukkudi,Thoothukudi,South,GEN
214,MARUTHU PANDIAN P.,IND,85,76.92,IND,Thoothukkudi,Thoothukudi,South,GEN
215,ANITHA R. RADHAKRISHNAN,DMK,72723,82.05,DMK,Tiruchendur,Thoothukudi,South,GEN
215,J. MURUGAN,TVK,66851,82.05,TVK,Tiruchendur,Thoothukudi,South,GEN
215,K R M RADHAKRISHNAN,BJP,34159,82.05,BJP,Tiruchendur,Thoothukudi,South,GEN
215,OPHILIYA,NTK,9794,82.05,NTK,Tiruchendur,Thoothukudi,South,GEN
215,NOTA,NOTA,722,82.05,NOTA,Tiruchendur,Thoothukudi,South,GEN
215,GOPALAKRISHNAN,All India Puratchi Thalaivar Makkal Munnettra Kazhagam,442,82.05,All India Puratchi Thalaivar Makkal Munnettra Kazhagam,Tiruchendur,Thoothukudi,South,GEN
215,MAHARAJAN. M,Puthiya Makkal Tamil Desam Katchi,321,82.05,Puthiya Makkal Tamil Desam Katchi,Tiruchendur,Thoothukudi,South,GEN
215,RASIK MUSSAMMIL. K,Tamizhaga Vaazhvurimai Katchi,237,82.05,Tamizhaga Vaazhvurimai Katchi,Tiruchendur,Thoothukudi,South,GEN
215,VENKATESH PERUMAL. S,IND,225,82.05,IND,Tiruchendur,Thoothukudi,South,GEN
215,MEERA SAHIB,IND,175,82.05,IND,Tiruchendur,Thoothukudi,South,GEN
215,SHAIK ABDUL KADER. P.S.J,IND,149,82.05,IND,Tiruchendur,Thoothukudi,South,GEN
215,PACKIA SAM. T,Naam Indiar Party,97,82.05,Naam Indiar Party,Tiruchendur,Thoothukudi,South,GEN
215,VEERAPPA. T,IND,96,82.05,IND,Tiruchendur,Thoothukudi,South,GEN
215,RAJALINGAM. M,IND,59,82.05,IND,Tiruchendur,Thoothukudi,South,GEN
216,SARAVANAN. G,TVK,58814,82.85,TVK,Srivaikuntam,Thoothukudi,South,GEN
216,SHANMUGANATHAN. S. P,AIADMK,57628,82.85,AIADMK,Srivaikuntam,Thoothukudi,South,GEN
216,OORVASI AMIRTHARAJ. S,INC,41277,82.85,INC,Srivaikuntam,Thoothukudi,South,GEN
216,SHUNMUGASUNDARAM. S,NTK,13153,82.85,NTK,Srivaikuntam,Thoothukudi,South,GEN
216,MUTHURAMALINGAM. S,All India Forward Bloc,2347,82.85,All India Forward Bloc,Srivaikuntam,Thoothukudi,South,GEN
216,RAJASUTHAN. N,Puthiya Tamilagam,1015,82.85,Puthiya Tamilagam,Srivaikuntam,Thoothukudi,South,GEN
216,NOTA,NOTA,579,82.85,NOTA,Srivaikuntam,Thoothukudi,South,GEN
216,SUDALAIMANI. A,Nam Naadu Nam Makkal Nam Ethirkaalam Katchi,296,82.85,Nam Naadu Nam Makkal Nam Ethirkaalam Katchi,Srivaikuntam,Thoothukudi,South,GEN
216,BISHOP DR GODFREY NOBLE,IND,248,82.85,IND,Srivaikuntam,Thoothukudi,South,GEN
216,SUBRAMANIAN. M,Puthiya Makkal Tamil Desam Katchi,208,82.85,Puthiya Makkal Tamil Desam Katchi,Srivaikuntam,Thoothukudi,South,GEN
216,VASANTH FERNANDO. T,IND,187,82.85,IND,Srivaikuntam,Thoothukudi,South,GEN
216,MURUGAN. S,IND,178,82.85,IND,Srivaikuntam,Thoothukudi,South,GEN
216,ARUNACHALAM. C,IND,139,82.85,IND,Srivaikuntam,Thoothukudi,South,GEN
216,VIYANARASU. A,Tamizhaga Vaazhvurimai Katchi,135,82.85,Tamizhaga Vaazhvurimai Katchi,Srivaikuntam,Thoothukudi,South,GEN
216,MUNDASAMY.  K,Vishwa Tamil Kazhagam,130,82.85,Vishwa Tamil Kazhagam,Srivaikuntam,Thoothukudi,South,GEN
216,BHARATH. M,Naam Indiar Party,87,82.85,Naam Indiar Party,Srivaikuntam,Thoothukudi,South,GEN
217,P .MATHANRAJA,TVK,81625,82.09,TVK,Ottapidaram,Thoothukudi,South,SC
217,P.M.RAMAJEYAM,DMK,52542,82.09,DMK,Ottapidaram,Thoothukudi,South,SC
217,R SUNDARARAJ,AMMK,25871,82.09,AMMK,Ottapidaram,Thoothukudi,South,SC
217,M. ANUSIYA,NTK,17279,82.09,NTK,Ottapidaram,Thoothukudi,South,SC
217,DR.K. KRISHNASAMY,Puthiya Tamilagam,15050,82.09,Puthiya Tamilagam,Ottapidaram,Thoothukudi,South,SC
217,NOTA,NOTA,879,82.09,NOTA,Ottapidaram,Thoothukudi,South,SC
217,C. ARUNA DEVI,Nam Naadu Nam Makkal Nam Ethirkaalam Katchi,761,82.09,Nam Naadu Nam Makkal Nam Ethirkaalam Katchi,Ottapidaram,Thoothukudi,South,SC
217,C .SELVAKUMAR,Tamizhaga Vaazhvurimai Katchi,515,82.09,Tamizhaga Vaazhvurimai Katchi,Ottapidaram,Thoothukudi,South,SC
217,VEDAPRAKASH. A,IND,387,82.09,IND,Ottapidaram,Thoothukudi,South,SC
217,M. ANANTH,IND,357,82.09,IND,Ottapidaram,Thoothukudi,South,SC
217,S .MUTHUSELVAM,IND,264,82.09,IND,Ottapidaram,Thoothukudi,South,SC
217,SUBBULAKSHMI. S,Naam Indiar Party,230,82.09,Naam Indiar Party,Ottapidaram,Thoothukudi,South,SC
217,M .LAKSHMANAN,IND,201,82.09,IND,Ottapidaram,Thoothukudi,South,SC
217,G .MURUGAN,IND,156,82.09,IND,Ottapidaram,Thoothukudi,South,SC
218,KARUNANITHI.K,DMK,61643,78.13,DMK,Kovilpatti,Thoothukudi,South,GEN
218,BALASUBRAMANIAN.S,TVK,60800,78.13,TVK,Kovilpatti,Thoothukudi,South,GEN
218,KADAMBUR RAJU.C,AIADMK,53014,78.13,AIADMK,Kovilpatti,Thoothukudi,South,GEN
218,PANDI.P,NTK,11919,78.13,NTK,Kovilpatti,Thoothukudi,South,GEN
218,ATHIKUMAR KUDUMBAR.B,IND,2992,78.13,IND,Kovilpatti,Thoothukudi,South,GEN
218,NOTA,NOTA,593,78.13,NOTA,Kovilpatti,Thoothukudi,South,GEN
218,KANNAN.S,All India Puratchi Thalaivar Makkal Munnettra Kazhagam,446,78.13,All India Puratchi Thalaivar Makkal Munnettra Kazhagam,Kovilpatti,Thoothukudi,South,GEN
218,POUNDURAI.K,IND,398,78.13,IND,Kovilpatti,Thoothukudi,South,GEN
218,PREMKUMAR.K,IND,378,78.13,IND,Kovilpatti,Thoothukudi,South,GEN
218,PANDIMUNEESWARI.K,IND,367,78.13,IND,Kovilpatti,Thoothukudi,South,GEN
218,SARAVANAN.S,Thamizh Perarasu Katchi,356,78.13,Thamizh Perarasu Katchi,Kovilpatti,Thoothukudi,South,GEN
218,PARAMASIVAN.S,IND,275,78.13,IND,Kovilpatti,Thoothukudi,South,GEN
218,RAMACHANDRAN.R,Bahujan Samaj Party,194,78.13,BSP,Kovilpatti,Thoothukudi,South,GEN
218,SEKAR.C,IND,177,78.13,IND,Kovilpatti,Thoothukudi,South,GEN
218,HARI BALAKRISHNAN.G,Puthiya Makkal Tamil Desam Katchi,139,78.13,Puthiya Makkal Tamil Desam Katchi,Kovilpatti,Thoothukudi,South,GEN
218,GURUSAMY.K,IND,104,78.13,IND,Kovilpatti,Thoothukudi,South,GEN
218,CHINNA MAHARAJA.K,IND,94,78.13,IND,Kovilpatti,Thoothukudi,South,GEN
218,RENGANAYAGALU.S,IND,90,78.13,IND,Kovilpatti,Thoothukudi,South,GEN
218,PONNUSAMY.M,IND,77,78.13,IND,Kovilpatti,Thoothukudi,South,GEN
218,MUNEESWARAN.R,IND,69,78.13,IND,Kovilpatti,Thoothukudi,South,GEN
218,GUNASEKARAN.P,IND,55,78.13,IND,Kovilpatti,Thoothukudi,South,GEN
218,ARUMUGAVEL.T,Naam Indiar Party,52,78.13,Naam Indiar Party,Kovilpatti,Thoothukudi,South,GEN
219,DR. DHILIPAN JAISHANKAR,AIADMK,64865,82.68,AIADMK,Sankarankovil,Tirunelveli,South,SC
219,C. RAMARAJAN,TVK,58376,82.68,TVK,Sankarankovil,Tirunelveli,South,SC
219,SANGAI. GANESAN,INC,42567,82.68,INC,Sankarankovil,Tirunelveli,South,SC
219,M. KAVITHA,NTK,12767,82.68,NTK,Sankarankovil,Tirunelveli,South,SC
219,VASANTHI MURUGESAN,All India Puratchi Thalaivar Makkal Munnettra Kazhagam,8006,82.68,All India Puratchi Thalaivar Makkal Munnettra Kazhagam,Sankarankovil,Tirunelveli,South,SC
219,PRABAKARAN,Puthiya Tamilagam,4612,82.68,Puthiya Tamilagam,Sankarankovil,Tirunelveli,South,SC
219,K.SURESH,IND,766,82.68,IND,Sankarankovil,Tirunelveli,South,SC
219,ANAND,IND,661,82.68,IND,Sankarankovil,Tirunelveli,South,SC
219,NOTA,NOTA,560,82.68,NOTA,Sankarankovil,Tirunelveli,South,SC
219,V. PAULPANDIAN,IND,504,82.68,IND,Sankarankovil,Tirunelveli,South,SC
219,S. MARIAPPAN,Bahujan Samaj Party,500,82.68,BSP,Sankarankovil,Tirunelveli,South,SC
219,C. RAVI,Tamilaga Makkal Nala Katchi,487,82.68,Tamilaga Makkal Nala Katchi,Sankarankovil,Tirunelveli,South,SC
219,K. RAVIKUMAR,IND,398,82.68,IND,Sankarankovil,Tirunelveli,South,SC
219,S.ARULRAJ,IND,259,82.68,IND,Sankarankovil,Tirunelveli,South,SC
219,K. SUBBURAJ,IND,215,82.68,IND,Sankarankovil,Tirunelveli,South,SC
219,J. PANDI,Bharatha Makkal Katchi,183,82.68,Bharatha Makkal Katchi,Sankarankovil,Tirunelveli,South,SC
219,S. MUTHUSELVAN,IND,183,82.68,IND,Sankarankovil,Tirunelveli,South,SC
219,VELRAJ .S,Tamizhaga Vaazhvurimai Katchi,170,82.68,Tamizhaga Vaazhvurimai Katchi,Sankarankovil,Tirunelveli,South,SC
219,K. THANGAVEL,Puthiya Makkal Tamil Desam Katchi,163,82.68,Puthiya Makkal Tamil Desam Katchi,Sankarankovil,Tirunelveli,South,SC
219,N.SELVAM,Naam Indiar Party,134,82.68,Naam Indiar Party,Sankarankovil,Tirunelveli,South,SC
219,M. RAJ,IND,104,82.68,IND,Sankarankovil,Tirunelveli,South,SC
220,E. RAJA,DMK,63045,81.94,DMK,Vasudevanallur,Tirunelveli,South,SC
220,ANANTHAN AYYASAMY,BJP,56462,81.94,BJP,Vasudevanallur,Tirunelveli,South,SC
220,R. AMUTHARANI,TVK,45862,81.94,TVK,Vasudevanallur,Tirunelveli,South,SC
220,ESAI MATHIVANAN,NTK,12856,81.94,NTK,Vasudevanallur,Tirunelveli,South,SC
220,K. PAULRAJ,Puthiya Tamilagam,4119,81.94,Puthiya Tamilagam,Vasudevanallur,Tirunelveli,South,SC
220,A. PONNUTHAI,All India Puratchi Thalaivar Makkal Munnettra Kazhagam,2249,81.94,All India Puratchi Thalaivar Makkal Munnettra Kazhagam,Vasudevanallur,Tirunelveli,South,SC
220,A. PALANIKUMAR,IND,1020,81.94,IND,Vasudevanallur,Tirunelveli,South,SC
220,SENTHILKUMAR,IND,731,81.94,IND,Vasudevanallur,Tirunelveli,South,SC
220,NOTA,NOTA,637,81.94,NOTA,Vasudevanallur,Tirunelveli,South,SC
220,PRABAKARAN .R,IND,570,81.94,IND,Vasudevanallur,Tirunelveli,South,SC
220,P. KARPAGAVALLI,IND,486,81.94,IND,Vasudevanallur,Tirunelveli,South,SC
220,I. SARAVANAN,IND,363,81.94,IND,Vasudevanallur,Tirunelveli,South,SC
220,R. RAMESHKUMAR,Bahujan Samaj Party,333,81.94,BSP,Vasudevanallur,Tirunelveli,South,SC
220,K. NAGARAJAN,IND,259,81.94,IND,Vasudevanallur,Tirunelveli,South,SC
220,B. VEERALAKSHMI,Tamilaga Makkal Nala Katchi,183,81.94,Tamilaga Makkal Nala Katchi,Vasudevanallur,Tirunelveli,South,SC
220,K. RAMACHANDRAN,IND,179,81.94,IND,Vasudevanallur,Tirunelveli,South,SC
220,SELVARAJ .C,IND,177,81.94,IND,Vasudevanallur,Tirunelveli,South,SC
220,K. RAJENDRAN,Puthiya Makkal Tamil Desam Katchi,141,81.94,Puthiya Makkal Tamil Desam Katchi,Vasudevanallur,Tirunelveli,South,SC
220,M. ARUMUGASAMY,IND,123,81.94,IND,Vasudevanallur,Tirunelveli,South,SC
221,RAJENDRAN. T. M,DMK,79832,83.19,DMK,Kadayanallur,Tirunelveli,South,GEN
221,C. KRISHNAMURALI,AIADMK,73579,83.19,AIADMK,Kadayanallur,Tirunelveli,South,GEN
221,ABDUL JALEEL. R. K,TVK,49254,83.19,TVK,Kadayanallur,Tirunelveli,South,GEN
221,ABUBACKER SIDDHEEQ,NTK,10965,83.19,NTK,Kadayanallur,Tirunelveli,South,GEN
221,KAVITHA. R,Puthiya Tamilagam,2882,83.19,Puthiya Tamilagam,Kadayanallur,Tirunelveli,South,GEN
221,ESAKKI PANDI. K,IND,576,83.19,IND,Kadayanallur,Tirunelveli,South,GEN
221,MURUGAN. P,IND,537,83.19,IND,Kadayanallur,Tirunelveli,South,GEN
221,NOTA,NOTA,527,83.19,NOTA,Kadayanallur,Tirunelveli,South,GEN
221,T. MAHESHKUMAR,Bahujan Samaj Party,510,83.19,BSP,Kadayanallur,Tirunelveli,South,GEN
221,BARISHA BANU. M,IND,467,83.19,IND,Kadayanallur,Tirunelveli,South,GEN
221,GANESAN. M,IND,413,83.19,IND,Kadayanallur,Tirunelveli,South,GEN
221,SEENIVASAN. S,IND,380,83.19,IND,Kadayanallur,Tirunelveli,South,GEN
221,SHAHIN FATHIMA. A,Tamizhaga Vaazhvurimai Katchi,356,83.19,Tamizhaga Vaazhvurimai Katchi,Kadayanallur,Tirunelveli,South,GEN
221,NAGARAJAN. L,IND,290,83.19,IND,Kadayanallur,Tirunelveli,South,GEN
221,RAJAN. B. S,Aanaithinthiya Jananayaka Pathukappu Kazhagam,244,83.19,Aanaithinthiya Jananayaka Pathukappu Kazhagam,Kadayanallur,Tirunelveli,South,GEN
221,RAJAMARAVAN. S,IND,234,83.19,IND,Kadayanallur,Tirunelveli,South,GEN
221,PARTHIPAN. V,IND,216,83.19,IND,Kadayanallur,Tirunelveli,South,GEN
221,LAKSHMI. A,Samata Party,179,83.19,Samata Party,Kadayanallur,Tirunelveli,South,GEN
221,ESAKKI. K,IND,138,83.19,IND,Kadayanallur,Tirunelveli,South,GEN
221,S. MURUGANANTHAM,IND,109,83.19,IND,Kadayanallur,Tirunelveli,South,GEN
221,VENKATESH. P,IND,109,83.19,IND,Kadayanallur,Tirunelveli,South,GEN
221,M. ARUMUGASAMY,IND,101,83.19,IND,Kadayanallur,Tirunelveli,South,GEN
221,SURESHKUMAR. S,Naam Indiar Party,53,83.19,Naam Indiar Party,Kadayanallur,Tirunelveli,South,GEN
222,DR.KALAI KATHIRAVAN,DMK,79699,87.41,DMK,Tenkasi,Tirunelveli,South,GEN
222,S.SELVA MOHANDAS PANDIAN,AIADMK,69400,87.41,AIADMK,Tenkasi,Tirunelveli,South,GEN
222,A. RAJAPRAKASH,TVK,55543,87.41,TVK,Tenkasi,Tirunelveli,South,GEN
222,P. PUSHPALATHA,NTK,16394,87.41,NTK,Tenkasi,Tirunelveli,South,GEN
222,M.POOSA DURAI,All India Puratchi Thalaivar Makkal Munnettra Kazhagam,7715,87.41,All India Puratchi Thalaivar Makkal Munnettra Kazhagam,Tenkasi,Tirunelveli,South,GEN
222,S.THIRUMALAI KUMAR,Puthiya Tamilagam,1365,87.41,Puthiya Tamilagam,Tenkasi,Tirunelveli,South,GEN
222,NOTA,NOTA,673,87.41,NOTA,Tenkasi,Tirunelveli,South,GEN
222,G. POORANA SELVAN,IND,548,87.41,IND,Tenkasi,Tirunelveli,South,GEN
222,ISAKI PANDIAN,Bahujan Samaj Party,518,87.41,BSP,Tenkasi,Tirunelveli,South,GEN
222,S. THANGAPALAM,IND,432,87.41,IND,Tenkasi,Tirunelveli,South,GEN
222,DURAIRAJ,IND,424,87.41,IND,Tenkasi,Tirunelveli,South,GEN
222,M. PONNUDURAI,IND,311,87.41,IND,Tenkasi,Tirunelveli,South,GEN
222,SHAHUL HAMEED,IND,295,87.41,IND,Tenkasi,Tirunelveli,South,GEN
222,S.MANOGARAN,Kamarajar Deseeya Congress,244,87.41,Kamarajar Deseeya Congress,Tenkasi,Tirunelveli,South,GEN
222,P.NOBLE KRISHNA,IND,239,87.41,IND,Tenkasi,Tirunelveli,South,GEN
222,GOMATHI SANKAR,Tamizhaga Vaazhvurimai Katchi,234,87.41,Tamizhaga Vaazhvurimai Katchi,Tenkasi,Tirunelveli,South,GEN
222,R. RAMKUMAR,IND,224,87.41,IND,Tenkasi,Tirunelveli,South,GEN
222,R.KRISHNAN,IND,204,87.41,IND,Tenkasi,Tirunelveli,South,GEN
222,K.M.KALIAPPAN,IND,130,87.41,IND,Tenkasi,Tirunelveli,South,GEN
222,K.MUTHU,IND,114,87.41,IND,Tenkasi,Tirunelveli,South,GEN
222,A.MARIAPPAN,IND,111,87.41,IND,Tenkasi,Tirunelveli,South,GEN
222,GANESHAN. S,IND,90,87.41,IND,Tenkasi,Tirunelveli,South,GEN
222,R. SELVAKUMAR,Naam Indiar Party,80,87.41,Naam Indiar Party,Tenkasi,Tirunelveli,South,GEN
223,PAUL MANOJ PANDIAN,DMK,69170,90.26,DMK,Alangulam,Tirunelveli,South,GEN
223,K R P PRABAKARAN,AIADMK,61372,90.26,AIADMK,Alangulam,Tirunelveli,South,GEN
223,VIBIN CHAKKARAVARTHY,TVK,60684,90.26,TVK,Alangulam,Tirunelveli,South,GEN
223,R PAULRAJ,NTK,23380,90.26,NTK,Alangulam,Tirunelveli,South,GEN
223,MADASAMY,All India Puratchi Thalaivar Makkal Munnettra Kazhagam,2158,90.26,All India Puratchi Thalaivar Makkal Munnettra Kazhagam,Alangulam,Tirunelveli,South,GEN
223,A UDHAYAKUMAR,Puthiya Tamilagam,1620,90.26,Puthiya Tamilagam,Alangulam,Tirunelveli,South,GEN
223,NOTA,NOTA,982,90.26,NOTA,Alangulam,Tirunelveli,South,GEN
223,JEYANTHI,IND,432,90.26,IND,Alangulam,Tirunelveli,South,GEN
223,R KOTHERIMOHIDEEN,IND,199,90.26,IND,Alangulam,Tirunelveli,South,GEN
223,W JAYSON,IND,196,90.26,IND,Alangulam,Tirunelveli,South,GEN
223,U ARAVIND,IND,189,90.26,IND,Alangulam,Tirunelveli,South,GEN
223,A SUBASH  CHANDRA BOSE,Thakkam Katchi,182,90.26,Thakkam Katchi,Alangulam,Tirunelveli,South,GEN
223,T  MARIKUMAR,IND,161,90.26,IND,Alangulam,Tirunelveli,South,GEN
223,K ARUNKUMAR,IND,132,90.26,IND,Alangulam,Tirunelveli,South,GEN
224,MURUGHAN.R.S.,TVK,75840,74.87,TVK,Tirunelveli,Tirunelveli,South,GEN
224,SUBRAMANIAN.S,DMK,64426,74.87,DMK,Tirunelveli,Tirunelveli,South,GEN
224,THACHAI GANESARAJA,AIADMK,47504,74.87,AIADMK,Tirunelveli,Tirunelveli,South,GEN
224,SATHYA. B.,NTK,15108,74.87,NTK,Tirunelveli,Tirunelveli,South,GEN
224,DR.SHYAM KRISHNASAMY,Puthiya Tamilagam,10634,74.87,Puthiya Tamilagam,Tirunelveli,Tirunelveli,South,GEN
224,NOTA,NOTA,717,74.87,NOTA,Tirunelveli,Tirunelveli,South,GEN
224,ARUMUGARAJ. S.,Tamizhaga Vaazhvurimai Katchi,556,74.87,Tamizhaga Vaazhvurimai Katchi,Tirunelveli,Tirunelveli,South,GEN
224,THALABATHI MURUGAN. M.,IND,476,74.87,IND,Tirunelveli,Tirunelveli,South,GEN
224,MURUGAN.S.,IND,428,74.87,IND,Tirunelveli,Tirunelveli,South,GEN
224,CHENDUR MAHARAJAN,Puthiya Makkal Tamil Desam Katchi,346,74.87,Puthiya Makkal Tamil Desam Katchi,Tirunelveli,Tirunelveli,South,GEN
224,MUGESH SUBRAMANIAN,IND,346,74.87,IND,Tirunelveli,Tirunelveli,South,GEN
224,VEERABAGHU. M.,IND,337,74.87,IND,Tirunelveli,Tirunelveli,South,GEN
224,KANNAN. G.,Aanaithinthiya Jananayaka Pathukappu Kazhagam,290,74.87,Aanaithinthiya Jananayaka Pathukappu Kazhagam,Tirunelveli,Tirunelveli,South,GEN
224,SUBRAMANIAN. E.,IND,260,74.87,IND,Tirunelveli,Tirunelveli,South,GEN
224,ATHISAYA PNDIYAN. V.,IND,230,74.87,IND,Tirunelveli,Tirunelveli,South,GEN
224,VELAYUTHAM. P.,IND,221,74.87,IND,Tirunelveli,Tirunelveli,South,GEN
224,MURUGAN. P.,Thamizhaka Padaippalar Makkal Katchi,210,74.87,Thamizhaka Padaippalar Makkal Katchi,Tirunelveli,Tirunelveli,South,GEN
224,MURUGALAKSHMANAN,IND,171,74.87,IND,Tirunelveli,Tirunelveli,South,GEN
224,ESWARA VADIVU. S.,Naam Indiar Party,114,74.87,Naam Indiar Party,Tirunelveli,Tirunelveli,South,GEN
224,SELVAKUMAR SINGH,Bahujan Dravida Party,109,74.87,Bahujan Dravida Party,Tirunelveli,Tirunelveli,South,GEN
224,ESAKKIRAJA. V.,IND,102,74.87,IND,Tirunelveli,Tirunelveli,South,GEN
225,DR.ESAKKI SUBAYA,AIADMK,65589,84.56,AIADMK,Ambasamudram,Tirunelveli,South,GEN
225,V.P.DURAI,INC,55344,84.56,INC,Ambasamudram,Tirunelveli,South,GEN
225,S.RAJAGOPAL,TVK,53611,84.56,TVK,Ambasamudram,Tirunelveli,South,GEN
225,DR.V.SIVASANKARAN,NTK,14906,84.56,NTK,Ambasamudram,Tirunelveli,South,GEN
225,NOTA,NOTA,1060,84.56,NOTA,Ambasamudram,Tirunelveli,South,GEN
225,R.ESAIKANNAN,Bahujan Samaj Party,685,84.56,BSP,Ambasamudram,Tirunelveli,South,GEN
226,M.ABDUL WAHAB,DMK,79744,69.38,DMK,Palayamcottai,Tirunelveli,South,GEN
226,MARIA JOHN,TVK,65939,69.38,TVK,Palayamcottai,Tirunelveli,South,GEN
226,SYED SULTHAN SAMSUDEEN,AIADMK,19732,69.38,AIADMK,Palayamcottai,Tirunelveli,South,GEN
226,SANKARA NARAYANAN ALIAS SARAN,NTK,10465,69.38,NTK,Palayamcottai,Tirunelveli,South,GEN
226,NOTA,NOTA,851,69.38,NOTA,Palayamcottai,Tirunelveli,South,GEN
226,PAULRAJ.V,IND,717,69.38,IND,Palayamcottai,Tirunelveli,South,GEN
226,KARTHICK NARAYANAN S.,IND,619,69.38,IND,Palayamcottai,Tirunelveli,South,GEN
226,ABDUL KOYA,IND,560,69.38,IND,Palayamcottai,Tirunelveli,South,GEN
226,T.A.UMAR,Tamizhaga Vaazhvurimai Katchi,493,69.38,Tamizhaga Vaazhvurimai Katchi,Palayamcottai,Tirunelveli,South,GEN
226,SRINIVASH,IND,346,69.38,IND,Palayamcottai,Tirunelveli,South,GEN
226,V.GEORGE,IND,221,69.38,IND,Palayamcottai,Tirunelveli,South,GEN
226,ESAKKIMUTHU,Puthiya Makkal Tamil Desam Katchi,201,69.38,Puthiya Makkal Tamil Desam Katchi,Palayamcottai,Tirunelveli,South,GEN
226,M.MANIKANDAN,IND,149,69.38,IND,Palayamcottai,Tirunelveli,South,GEN
226,NALLAKKANNU ALIAS KARTHIC.K,IND,140,69.38,IND,Palayamcottai,Tirunelveli,South,GEN
226,A. SUDHAHAR,IND,127,69.38,IND,Palayamcottai,Tirunelveli,South,GEN
226,S.THANGADURAI,Naam Indiar Party,123,69.38,Naam Indiar Party,Palayamcottai,Tirunelveli,South,GEN
226,D.SANTHIYAGAPPAR ANTONY,IND,104,69.38,IND,Palayamcottai,Tirunelveli,South,GEN
226,R.SESU,IND,89,69.38,IND,Palayamcottai,Tirunelveli,South,GEN
227,REDDIARPATTI V. NARAYANAN,TVK,74952,80.98,TVK,Nanguneri,Tirunelveli,South,GEN
227,RUBY.R.MANOHARAN,INC,58533,80.98,INC,Nanguneri,Tirunelveli,South,GEN
227,R. ESAKKIMUTHU,AMMK,38316,80.98,AMMK,Nanguneri,Tirunelveli,South,GEN
227,S. SELVAM,NTK,17618,80.98,NTK,Nanguneri,Tirunelveli,South,GEN
227,TAMILSELVI,Puthiya Tamilagam,11141,80.98,Puthiya Tamilagam,Nanguneri,Tirunelveli,South,GEN
227,M. KUMAR,IND,1098,80.98,IND,Nanguneri,Tirunelveli,South,GEN
227,DR.S.VELLAI DURAI,All India Puratchi Thalaivar Makkal Munnettra Kazhagam,1048,80.98,All India Puratchi Thalaivar Makkal Munnettra Kazhagam,Nanguneri,Tirunelveli,South,GEN
227,NOTA,NOTA,721,80.98,NOTA,Nanguneri,Tirunelveli,South,GEN
227,R. JANARTHANAN,Bahujan Samaj Party,659,80.98,BSP,Nanguneri,Tirunelveli,South,GEN
227,S.MARIYAPPAN,IND,637,80.98,IND,Nanguneri,Tirunelveli,South,GEN
227,A.RANI NADAR ALIAS PUSHPARANI,IND,529,80.98,IND,Nanguneri,Tirunelveli,South,GEN
227,CHITHIRAI SELVAN,Tamizhaga Vaazhvurimai Katchi,491,80.98,Tamizhaga Vaazhvurimai Katchi,Nanguneri,Tirunelveli,South,GEN
227,THANITHANGAM,IND,441,80.98,IND,Nanguneri,Tirunelveli,South,GEN
227,KRISH.MARIAPPAN,Thamizhaka Padaippalar Makkal Katchi,377,80.98,Thamizhaka Padaippalar Makkal Katchi,Nanguneri,Tirunelveli,South,GEN
227,THULASI SUDALAI,Puthiya Makkal Tamil Desam Katchi,366,80.98,Puthiya Makkal Tamil Desam Katchi,Nanguneri,Tirunelveli,South,GEN
227,T. SANKAR,IND,360,80.98,IND,Nanguneri,Tirunelveli,South,GEN
227,SHANMUGAM,IND,293,80.98,IND,Nanguneri,Tirunelveli,South,GEN
227,N.KALABERUMAL,IND,265,80.98,IND,Nanguneri,Tirunelveli,South,GEN
227,DEV.P.JEGADEESAN,IND,265,80.98,IND,Nanguneri,Tirunelveli,South,GEN
227,M. ARUNA,IND,251,80.98,IND,Nanguneri,Tirunelveli,South,GEN
227,S. SHUNMUGA SUNDARAM,Naam Indiar Party,202,80.98,Naam Indiar Party,Nanguneri,Tirunelveli,South,GEN
227,SUDAROLI S.MURUGAN YADHAV B.COM,IND,191,80.98,IND,Nanguneri,Tirunelveli,South,GEN
227,T. LINGADURAI,IND,178,80.98,IND,Nanguneri,Tirunelveli,South,GEN
227,NALLAKKANNU ALIAS KARTHIC.K,IND,170,80.98,IND,Nanguneri,Tirunelveli,South,GEN
227,R.ANANTHI,IND,169,80.98,IND,Nanguneri,Tirunelveli,South,GEN
227,T. RAJKUMAR,IND,148,80.98,IND,Nanguneri,Tirunelveli,South,GEN
228,DR.SATHISH CHRISTOPHER,TVK,69947,82.05,TVK,Radhapuram,Tirunelveli,South,GEN
228,APPAVU.M,DMK,57634,82.05,DMK,Radhapuram,Tirunelveli,South,GEN
228,BALAKRISHNAN.S.P,BJP,52637,82.05,BJP,Radhapuram,Tirunelveli,South,GEN
228,GIRIJA THAMARAIPANDIAN.D,NTK,15370,82.05,NTK,Radhapuram,Tirunelveli,South,GEN
228,DANIEL.A,IND,819,82.05,IND,Radhapuram,Tirunelveli,South,GEN
228,PON SANTHANA KUMARAN.R,IND,482,82.05,IND,Radhapuram,Tirunelveli,South,GEN
228,NOTA,NOTA,469,82.05,NOTA,Radhapuram,Tirunelveli,South,GEN
228,ESSAKKIAMMAL.E,Bahujan Samaj Party,331,82.05,BSP,Radhapuram,Tirunelveli,South,GEN
228,SELVAN.T,IND,285,82.05,IND,Radhapuram,Tirunelveli,South,GEN
228,KARTHICK.V,IND,232,82.05,IND,Radhapuram,Tirunelveli,South,GEN
228,MANIKANDAN.L,IND,223,82.05,IND,Radhapuram,Tirunelveli,South,GEN
228,MANIKANDAN.S,IND,205,82.05,IND,Radhapuram,Tirunelveli,South,GEN
228,ANAND PRASAD,IND,195,82.05,IND,Radhapuram,Tirunelveli,South,GEN
228,MANIKANDAN.A.I,IND,164,82.05,IND,Radhapuram,Tirunelveli,South,GEN
228,JESURAJENDRAN.J,Naam Indiar Party,163,82.05,Naam Indiar Party,Radhapuram,Tirunelveli,South,GEN
228,KINGSLY ISACC JEBARAJ.S,IND,134,82.05,IND,Radhapuram,Tirunelveli,South,GEN
228,MURUGAN.P,Thamizhaka Padaippalar Makkal Katchi,121,82.05,Thamizhaka Padaippalar Makkal Katchi,Radhapuram,Tirunelveli,South,GEN
228,MAHALAKSHMI,Puthiya Makkal Tamil Desam Katchi,103,82.05,Puthiya Makkal Tamil Desam Katchi,Radhapuram,Tirunelveli,South,GEN
228,SUNDARAJAN.S,IND,93,82.05,IND,Radhapuram,Tirunelveli,South,GEN
228,JEYARAJ.P V S,IND,92,82.05,IND,Radhapuram,Tirunelveli,South,GEN
228,ANANTHI.R,IND,76,82.05,IND,Radhapuram,Tirunelveli,South,GEN
228,OLIVER ANTON NAVAMONI. S,IND,70,82.05,IND,Radhapuram,Tirunelveli,South,GEN
228,RAJAN.P,IND,52,82.05,IND,Radhapuram,Tirunelveli,South,GEN
228,ARUNRAJ,IND,34,82.05,IND,Radhapuram,Tirunelveli,South,GEN
229,THALAVAI SUNDARAM. N,AIADMK,75045,87.64,AIADMK,Kanniyakumari,Kanniyakumari,South,GEN
229,MAHESH.R,DMK,74831,87.64,DMK,Kanniyakumari,Kanniyakumari,South,GEN
229,MADHAVAN.S.R,TVK,72977,87.64,TVK,Kanniyakumari,Kanniyakumari,South,GEN
229,MARIA JENNIFER,NTK,13689,87.64,NTK,Kanniyakumari,Kanniyakumari,South,GEN
229,NOTA,NOTA,825,87.64,NOTA,Kanniyakumari,Kanniyakumari,South,GEN
229,RAJAN. S,IND,454,87.64,IND,Kanniyakumari,Kanniyakumari,South,GEN
229,REAGON ANTO.J,Tamizhaga Vaazhvurimai Katchi,301,87.64,Tamizhaga Vaazhvurimai Katchi,Kanniyakumari,Kanniyakumari,South,GEN
229,SRIKRISHNAKUMAR.K,Thamizhaka Padaippalar Makkal Katchi,206,87.64,Thamizhaka Padaippalar Makkal Katchi,Kanniyakumari,Kanniyakumari,South,GEN
229,SIVALINGAM.C,Naam Indiar Party,194,87.64,Naam Indiar Party,Kanniyakumari,Kanniyakumari,South,GEN
229,MANAVAI KANNAN. M,Communist Party of India (Marxist-Leninist) Red Star,140,87.64,Communist Party of India (Marxist-Leninist) Red Star,Kanniyakumari,Kanniyakumari,South,GEN
229,DAVID SAHAYA BASCAR,IND,117,87.64,IND,Kanniyakumari,Kanniyakumari,South,GEN
229,RAMAKRISHNAN.C,IND,107,87.64,IND,Kanniyakumari,Kanniyakumari,South,GEN
229,SUDHAGAR.R,IND,93,87.64,IND,Kanniyakumari,Kanniyakumari,South,GEN
229,THANUNEELAN . S,IND,90,87.64,IND,Kanniyakumari,Kanniyakumari,South,GEN
229,KANAGARAJ.T,IND,81,87.64,IND,Kanniyakumari,Kanniyakumari,South,GEN
230,AUSTIN,DMK,69880,80.43,DMK,Nagercoil,Kanniyakumari,South,GEN
230,BERVIN KINGS G,TVK,62310,80.43,TVK,Nagercoil,Kanniyakumari,South,GEN
230,GANDHI M R,BJP,52355,80.43,BJP,Nagercoil,Kanniyakumari,South,GEN
230,MUTHUKUMAR M,NTK,8573,80.43,NTK,Nagercoil,Kanniyakumari,South,GEN
230,NOTA,NOTA,447,80.43,NOTA,Nagercoil,Kanniyakumari,South,GEN
230,MOHIDEEN FAIGEE ALIAS SOORANKUDY FAIGEE,IND,357,80.43,IND,Nagercoil,Kanniyakumari,South,GEN
230,SIVAKUMAR A,IND,337,80.43,IND,Nagercoil,Kanniyakumari,South,GEN
230,DINO T,Naadaalum Makkal Katchi,327,80.43,Naadaalum Makkal Katchi,Nagercoil,Kanniyakumari,South,GEN
230,NAGARAJAN L,Thamizhaka Padaippalar Makkal Katchi,260,80.43,Thamizhaka Padaippalar Makkal Katchi,Nagercoil,Kanniyakumari,South,GEN
230,NAGOOR MEERAN PEER MOHAMED U,IND,234,80.43,IND,Nagercoil,Kanniyakumari,South,GEN
230,SUYAMBULINGAM A,IND,209,80.43,IND,Nagercoil,Kanniyakumari,South,GEN
230,VALLIMAYIL P,Communist Party of India (Marxist-Leninist) Red Star,145,80.43,Communist Party of India (Marxist-Leninist) Red Star,Nagercoil,Kanniyakumari,South,GEN
230,RETNA MONY S,IND,137,80.43,IND,Nagercoil,Kanniyakumari,South,GEN
230,ANTONY MICHAEL J,Viro Ke Vir Indian Party,116,80.43,Viro Ke Vir Indian Party,Nagercoil,Kanniyakumari,South,GEN
230,SUYAMBULINGAM P,IND,112,80.43,IND,Nagercoil,Kanniyakumari,South,GEN
230,GUNASEKARAN S,IND,111,80.43,IND,Nagercoil,Kanniyakumari,South,GEN
230,AJITH KUMAR A,IND,100,80.43,IND,Nagercoil,Kanniyakumari,South,GEN
230,DINESH,IND,94,80.43,IND,Nagercoil,Kanniyakumari,South,GEN
230,JEBARSON S,Tamizhaga Vaazhvurimai Katchi,70,80.43,Tamizhaga Vaazhvurimai Katchi,Nagercoil,Kanniyakumari,South,GEN
230,SALATE KANAGARAJ A,Naam Indiar Party,66,80.43,Naam Indiar Party,Nagercoil,Kanniyakumari,South,GEN
230,VAIRAM PILLAI S,IND,40,80.43,IND,Nagercoil,Kanniyakumari,South,GEN
231,THARAHAI CUTHBERT,INC,66207,79.96,INC,Colachel,Kanniyakumari,South,GEN
231,PREM ALEX LAWRENCE,TVK,63374,79.96,TVK,Colachel,Kanniyakumari,South,GEN
231,SIVAKUMAR. T,BJP,54384,79.96,BJP,Colachel,Kanniyakumari,South,GEN
231,ANCY SHOBA RANI. L,NTK,12458,79.96,NTK,Colachel,Kanniyakumari,South,GEN
231,NOTA,NOTA,581,79.96,NOTA,Colachel,Kanniyakumari,South,GEN
231,SELVARAJ. M,IND,349,79.96,IND,Colachel,Kanniyakumari,South,GEN
231,RAJASINGH. C,Bahujan Samaj Party,314,79.96,BSP,Colachel,Kanniyakumari,South,GEN
231,ANTHONY MUTHU. S.M,Communist Party of India (Marxist-Leninist) (Liberation),304,79.96,Communist Party of India (Marxist-Leninist) (Liberation),Colachel,Kanniyakumari,South,GEN
231,SARAVANAN. M,IND,255,79.96,IND,Colachel,Kanniyakumari,South,GEN
231,GANESH. N,Thamizhaka Padaippalar Makkal Katchi,244,79.96,Thamizhaka Padaippalar Makkal Katchi,Colachel,Kanniyakumari,South,GEN
231,CHRIST MILLER. S,All India Puratchi Thalaivar Makkal Munnettra Kazhagam,145,79.96,All India Puratchi Thalaivar Makkal Munnettra Kazhagam,Colachel,Kanniyakumari,South,GEN
231,KOIL RAJ. R,Naam Indiar Party,140,79.96,Naam Indiar Party,Colachel,Kanniyakumari,South,GEN
231,ANTONY ALANKARAM. K,IND,134,79.96,IND,Colachel,Kanniyakumari,South,GEN
231,MURALI. M,Tamizhaga Vaazhvurimai Katchi,124,79.96,Tamizhaga Vaazhvurimai Katchi,Colachel,Kanniyakumari,South,GEN
232,CHELLASWAMY. R,CPI(M),68938,80.39,CPIM,Padmanabhapuram,Kanniyakumari,South,GEN
232,KRISHNA KUMAR. S,TVK,53369,80.39,TVK,Padmanabhapuram,Kanniyakumari,South,GEN
232,RAMESH. P,BJP,44293,80.39,BJP,Padmanabhapuram,Kanniyakumari,South,GEN
232,SEELAN,NTK,11288,80.39,NTK,Padmanabhapuram,Kanniyakumari,South,GEN
232,NOTA,NOTA,615,80.39,NOTA,Padmanabhapuram,Kanniyakumari,South,GEN
232,VASANTHI. R,IND,453,80.39,IND,Padmanabhapuram,Kanniyakumari,South,GEN
232,DURAI RAJ. S,IND,373,80.39,IND,Padmanabhapuram,Kanniyakumari,South,GEN
232,RAKESH KUMAR. M,Thamizhaka Padaippalar Makkal Katchi,346,80.39,Thamizhaka Padaippalar Makkal Katchi,Padmanabhapuram,Kanniyakumari,South,GEN
232,SYEDALI. A,Our Mahathma National Party,314,80.39,Our Mahathma National Party,Padmanabhapuram,Kanniyakumari,South,GEN
232,DR. KRISHNA PRASAD. B,IND,229,80.39,IND,Padmanabhapuram,Kanniyakumari,South,GEN
232,ARUL MANI. H,IND,193,80.39,IND,Padmanabhapuram,Kanniyakumari,South,GEN
232,VAIKUNDAMANI. N,Tamizhaga Vaazhvurimai Katchi,144,80.39,Tamizhaga Vaazhvurimai Katchi,Padmanabhapuram,Kanniyakumari,South,GEN
233,PRAVEEN T.T,INC,70755,80.21,INC,Vilavancode,Kanniyakumari,South,GEN
233,MICHAEL KUMAR K,TVK,49785,80.21,TVK,Vilavancode,Kanniyakumari,South,GEN
233,VIJAYADHARANI S,BJP,45604,80.21,BJP,Vilavancode,Kanniyakumari,South,GEN
233,MARIA STELLA,NTK,6199,80.21,NTK,Vilavancode,Kanniyakumari,South,GEN
233,NOTA,NOTA,828,80.21,NOTA,Vilavancode,Kanniyakumari,South,GEN
233,JOHN CHRISTOPHER T,Rashtriya Janata Dal,402,80.21,Rashtriya Janata Dal,Vilavancode,Kanniyakumari,South,GEN
233,BAIJU T,Viro Ke Vir Indian Party,294,80.21,Viro Ke Vir Indian Party,Vilavancode,Kanniyakumari,South,GEN
233,MOHAN KUMAR M,All India Jananayaka Makkal Kazhagam,217,80.21,All India Jananayaka Makkal Kazhagam,Vilavancode,Kanniyakumari,South,GEN
233,VENKADEASAN. K,Thamizhaka Padaippalar Makkal Katchi,194,80.21,Thamizhaka Padaippalar Makkal Katchi,Vilavancode,Kanniyakumari,South,GEN
233,JOSELAL L.V,IND,190,80.21,IND,Vilavancode,Kanniyakumari,South,GEN
233,MURUGANANDHA PRASAD T,IND,112,80.21,IND,Vilavancode,Kanniyakumari,South,GEN
233,PRAVEEN KUMAR,IND,108,80.21,IND,Vilavancode,Kanniyakumari,South,GEN
233,SHIBU AMOSE,IND,88,80.21,IND,Vilavancode,Kanniyakumari,South,GEN
233,DAVID T,IND,81,80.21,IND,Vilavancode,Kanniyakumari,South,GEN
233,KRISHNAN M,IND,70,80.21,IND,Vilavancode,Kanniyakumari,South,GEN
234,RAJESH KUMAR. S,INC,66434,79.16,INC,Killiyoor,Kanniyakumari,South,GEN
234,SABIN. S,TVK,65123,79.16,TVK,Killiyoor,Kanniyakumari,South,GEN
234,NIVIN SIMON. J,BJP,31070,79.16,BJP,Killiyoor,Kanniyakumari,South,GEN
234,HIMLAR,NTK,12764,79.16,NTK,Killiyoor,Kanniyakumari,South,GEN
234,NOTA,NOTA,502,79.16,NOTA,Killiyoor,Kanniyakumari,South,GEN
234,PRABHU. S,Thamizhaka Padaippalar Makkal Katchi,410,79.16,Thamizhaka Padaippalar Makkal Katchi,Killiyoor,Kanniyakumari,South,GEN
234,AJAI (ALIAS) NAGARAJAN,IND,241,79.16,IND,Killiyoor,Kanniyakumari,South,GEN
234,BERRILA. L,IND,197,79.16,IND,Killiyoor,Kanniyakumari,South,GEN
234,JUSTIN. M,IND,189,79.16,IND,Killiyoor,Kanniyakumari,South,GEN
234,BABY RAJ. P,IND,162,79.16,IND,Killiyoor,Kanniyakumari,South,GEN
234,RUBIN ANTONY,Tamizhaga Vaazhvurimai Katchi,156,79.16,Tamizhaga Vaazhvurimai Katchi,Killiyoor,Kanniyakumari,South,GEN
234,SATHEESH. S,IND,128,79.16,IND,Killiyoor,Kanniyakumari,South,GEN
234,JUSTIN. T,Indian Christian Front,85,79.16,Indian Christian Front,Killiyoor,Kanniyakumari,South,GEN
234,DR. RAMACHANDRAN. M,IND,73,79.16,IND,Killiyoor,Kanniyakumari,South,GEN
