ac_number,candidate,party,votes,turnout,party_std,constituency,district,region,reserved
1,GOVINDARAJAN T.J,DMK,126452,78.08,DMK,Gummidipundi,Tiruvallur,Chennai Metro,GEN
1,PRAKASH M,PMK,75514,78.08,PMK,Gummidipundi,Tiruvallur,Chennai Metro,GEN
1,USHA,NTK,11701,78.08,NTK,Gummidipundi,Tiruvallur,Chennai Metro,GEN
1,DILLIY K.M,DMDK,2576,78.08,DMDK,Gummidipundi,Tiruvallur,Chennai Metro,GEN
1,None Of The Above,NOTA,1783,78.08,NOTA,Gummidipundi,Tiruvallur,Chennai Metro,GEN
1,NAGARAJ S,BSP,1038,78.08,BSP,Gummidipundi,Tiruvallur,Chennai Metro,GEN
1,SARAVANAN V,IJK,816,78.08,IJK,Gummidipundi,Tiruvallur,Chennai Metro,GEN
1,SARAVANAN E,IND,532,78.08,IND,Gummidipundi,Tiruvallur,Chennai Metro,GEN
1,DEVANATHAN R,IND,482,78.08,IND,Gummidipundi,Tiruvallur,Chennai Metro,GEN
1,LAKSHMI R,IND,374,78.08,IND,Gummidipundi,Tiruvallur,Chennai Metro,GEN
1,PRAKASH K,IND,351,78.08,IND,Gummidipundi,Tiruvallur,Chennai Metro,GEN
1,GOWTHAM J,Anaithu Makkal Arasiyal Katchi,254,78.08,Anaithu Makkal Arasiyal Katchi,Gummidipundi,Tiruvallur,Chennai Metro,GEN
1,PRAKASH M,IND,196,78.08,IND,Gummidipundi,Tiruvallur,Chennai Metro,GEN
2,DURAI. CHANDRASEKAR,INC,94528,78.2,INC,Ponneri,Tiruvallur,Chennai Metro,SC
2,BALARAMAN. P,AIADMK,84839,78.2,AIADMK,Ponneri,Tiruvallur,Chennai Metro,SC
2,MAHESWARI. A,NTK,19027,78.2,NTK,Ponneri,Tiruvallur,Chennai Metro,SC
2,DESINGURAJAN. D,MNM,5394,78.2,MNM,Ponneri,Tiruvallur,Chennai Metro,SC
2,PON. RAJA,AMMK,2832,78.2,AMMK,Ponneri,Tiruvallur,Chennai Metro,SC
2,None Of The Above,NOTA,1554,78.2,NOTA,Ponneri,Tiruvallur,Chennai Metro,SC
2,BHAVANI ILAVENIL. J,BSP,1106,78.2,BSP,Ponneri,Tiruvallur,Chennai Metro,SC
2,ASHOK PRIYADARSHAN. S,IND,470,78.2,IND,Ponneri,Tiruvallur,Chennai Metro,SC
2,SUGUMAR. K,IND,298,78.2,IND,Ponneri,Tiruvallur,Chennai Metro,SC
2,VIJAYAKUMAR. V,Anna MGR Dravida Makkal Kalgam,190,78.2,Anna MGR Dravida Makkal Kalgam,Ponneri,Tiruvallur,Chennai Metro,SC
2,SAMBATH KUMAR.C.H,IND,116,78.2,IND,Ponneri,Tiruvallur,Chennai Metro,SC
3,S.Chandran,DMK,120314,78.76,DMK,Tiruttani,Tiruvallur,Chennai Metro,GEN
3,G.Hari,AIADMK,91061,78.76,AIADMK,Tiruttani,Tiruvallur,Chennai Metro,GEN
3,L.AKILA,NTK,12007,78.76,NTK,Tiruttani,Tiruvallur,Chennai Metro,GEN
3,D.Krishnamoorthi,DMDK,3928,78.76,DMDK,Tiruttani,Tiruvallur,Chennai Metro,GEN
3,None Of The Above,NOTA,1665,78.76,NOTA,Tiruttani,Tiruvallur,Chennai Metro,GEN
3,D.PAULRAJ,IND,889,78.76,IND,Tiruttani,Tiruvallur,Chennai Metro,GEN
3,V.P.Vijayan,IND,768,78.76,IND,Tiruttani,Tiruvallur,Chennai Metro,GEN
3,N.MAGENDIRAN,BSP,717,78.76,BSP,Tiruttani,Tiruvallur,Chennai Metro,GEN
3,M.Hari,IND,366,78.76,IND,Tiruttani,Tiruvallur,Chennai Metro,GEN
3,M.D.Thanigai Malai,IJK,353,78.76,IJK,Tiruttani,Tiruvallur,Chennai Metro,GEN
3,A.J.Suresh,IND,182,78.76,IND,Tiruttani,Tiruvallur,Chennai Metro,GEN
3,Shettu,IND,147,78.76,IND,Tiruttani,Tiruvallur,Chennai Metro,GEN
3,Manikkam,All India Jananayaka Makkal Kazhagam,121,78.76,All India Jananayaka Makkal Kazhagam,Tiruttani,Tiruvallur,Chennai Metro,GEN
3,Chandran,IND,60,78.76,IND,Tiruttani,Tiruvallur,Chennai Metro,GEN
3,Chandran,IND,46,78.76,IND,Tiruttani,Tiruvallur,Chennai Metro,GEN
4,"RAAJENDRAN, V.G.",DMK,107709,77.2,DMK,Thiruvallur,Tiruvallur,Chennai Metro,GEN
4,"RAMANAH, BE VEE",AIADMK,85008,77.2,AIADMK,Thiruvallur,Tiruvallur,Chennai Metro,GEN
4,"PASUPATHY, P.",NTK,15028,77.2,NTK,Thiruvallur,Tiruvallur,Chennai Metro,GEN
4,"DOSS, D.",BSP,2329,77.2,BSP,Thiruvallur,Tiruvallur,Chennai Metro,GEN
4,None Of The Above,NOTA,1872,77.2,NOTA,Thiruvallur,Tiruvallur,Chennai Metro,GEN
4,"GURU, N.",AMMK,1077,77.2,AMMK,Thiruvallur,Tiruvallur,Chennai Metro,GEN
4,"RAJENDIRAN, G.",IND,388,77.2,IND,Thiruvallur,Tiruvallur,Chennai Metro,GEN
4,"REVATHI, R.",IND,283,77.2,IND,Thiruvallur,Tiruvallur,Chennai Metro,GEN
4,"BALA KRISHNAN, N.",IND,232,77.2,IND,Thiruvallur,Tiruvallur,Chennai Metro,GEN
4,"KUMAR, E.",IND,133,77.2,IND,Thiruvallur,Tiruvallur,Chennai Metro,GEN
4,"RAMANAN, R.",IND,97,77.2,IND,Thiruvallur,Tiruvallur,Chennai Metro,GEN
4,"SASIKUMAR, J.",IND,87,77.2,IND,Thiruvallur,Tiruvallur,Chennai Metro,GEN
5,Krishnaswamy A,DMK,149578,72.99,DMK,Poonamallee,Tiruvallur,Chennai Metro,SC
5,Rajamannar S X,PMK,55468,72.99,PMK,Poonamallee,Tiruvallur,Chennai Metro,SC
5,Manimekalai A,NTK,29871,72.99,NTK,Poonamallee,Tiruvallur,Chennai Metro,SC
5,Revathi Manimegalai J,MNM,11927,72.99,MNM,Poonamallee,Tiruvallur,Chennai Metro,SC
5,Elumalai T.A.,AMMK,8805,72.99,AMMK,Poonamallee,Tiruvallur,Chennai Metro,SC
5,Sathyamurthy A C,BSP,2891,72.99,BSP,Poonamallee,Tiruvallur,Chennai Metro,SC
5,None Of The Above,NOTA,2867,72.99,NOTA,Poonamallee,Tiruvallur,Chennai Metro,SC
5,Ravikumar M,IND,448,72.99,IND,Poonamallee,Tiruvallur,Chennai Metro,SC
5,Sivakumar S,IND,403,72.99,IND,Poonamallee,Tiruvallur,Chennai Metro,SC
5,Velu S,IND,359,72.99,IND,Poonamallee,Tiruvallur,Chennai Metro,SC
5,Boshya Gayathri M,My India Party,290,72.99,My India Party,Poonamallee,Tiruvallur,Chennai Metro,SC
5,Rajesh P,IND,241,72.99,IND,Poonamallee,Tiruvallur,Chennai Metro,SC
5,Venkatesan J,IND,240,72.99,IND,Poonamallee,Tiruvallur,Chennai Metro,SC
5,Purushothaman B,IND,175,72.99,IND,Poonamallee,Tiruvallur,Chennai Metro,SC
5,Dhasarathan R,IND,173,72.99,IND,Poonamallee,Tiruvallur,Chennai Metro,SC
6,Nasar S M,DMK,150287,67.37,DMK,Avadi,Tiruvallur,Chennai Metro,GEN
6,Pandiarajan K,AIADMK,95012,67.37,AIADMK,Avadi,Tiruvallur,Chennai Metro,GEN
6,VIJAYALAKSHMI G,NTK,30087,67.37,NTK,Avadi,Tiruvallur,Chennai Metro,GEN
6,Udhayakumar V,MNM,17092,67.37,MNM,Avadi,Tiruvallur,Chennai Metro,GEN
6,None Of The Above,NOTA,2381,67.37,NOTA,Avadi,Tiruvallur,Chennai Metro,GEN
6,Sankar N M,DMDK,1911,67.37,DMDK,Avadi,Tiruvallur,Chennai Metro,GEN
6,Balasubramanian M,Tamil Nadu Ilangyar Katchi,1263,67.37,Tamil Nadu Ilangyar Katchi,Avadi,Tiruvallur,Chennai Metro,GEN
6,CHARLES S,BSP,773,67.37,BSP,Avadi,Tiruvallur,Chennai Metro,GEN
6,Pandiarajan G,IND,360,67.37,IND,Avadi,Tiruvallur,Chennai Metro,GEN
6,Jayakumar P,IND,300,67.37,IND,Avadi,Tiruvallur,Chennai Metro,GEN
6,Shanavas Khan J,IND,231,67.37,IND,Avadi,Tiruvallur,Chennai Metro,GEN
6,Nagaraj M,IND,198,67.37,IND,Avadi,Tiruvallur,Chennai Metro,GEN
6,Dharani K,IND,187,67.37,IND,Avadi,Tiruvallur,Chennai Metro,GEN
6,Sugumar M,IND,143,67.37,IND,Avadi,Tiruvallur,Chennai Metro,GEN
6,Banumathi,My India Party,127,67.37,My India Party,Avadi,Tiruvallur,Chennai Metro,GEN
6,Raman N,Tamilnadu Makkal Nalvazhvu Periyakkam,120,67.37,Tamilnadu Makkal Nalvazhvu Periyakkam,Avadi,Tiruvallur,Chennai Metro,GEN
6,Viswanathan R,MGR Makkal Katchi,108,67.37,MGR Makkal Katchi,Avadi,Tiruvallur,Chennai Metro,GEN
6,Chandrasekar.A,IND,105,67.37,IND,Avadi,Tiruvallur,Chennai Metro,GEN
6,Venkatesan M,IND,95,67.37,IND,Avadi,Tiruvallur,Chennai Metro,GEN
6,Durgaprasad G,IND,75,67.37,IND,Avadi,Tiruvallur,Chennai Metro,GEN
6,Akilan T.M.,IND,72,67.37,IND,Avadi,Tiruvallur,Chennai Metro,GEN
7,GANAPATHY.K,DMK,121298,60.3,DMK,Maduravoyal,Tiruvallur,Chennai Metro,GEN
7,BENJAMIN.P,AIADMK,89577,60.3,AIADMK,Maduravoyal,Tiruvallur,Chennai Metro,GEN
7,PADMA PRIYA.S,MNM,33401,60.3,MNM,Maduravoyal,Tiruvallur,Chennai Metro,GEN
7,GANESHKUMAR.G,NTK,21045,60.3,NTK,Maduravoyal,Tiruvallur,Chennai Metro,GEN
7,LUCKY MURUGAN.E,AMMK,2660,60.3,AMMK,Maduravoyal,Tiruvallur,Chennai Metro,GEN
7,None Of The Above,NOTA,2146,60.3,NOTA,Maduravoyal,Tiruvallur,Chennai Metro,GEN
7,SHANMUGAM.K,Tamil Nadu Ilangyar Katchi,908,60.3,Tamil Nadu Ilangyar Katchi,Maduravoyal,Tiruvallur,Chennai Metro,GEN
7,SANTHAKUMAR.Y,BSP,628,60.3,BSP,Maduravoyal,Tiruvallur,Chennai Metro,GEN
7,PRIYA.K,IND,553,60.3,IND,Maduravoyal,Tiruvallur,Chennai Metro,GEN
7,LAVANYA.P,NCP,349,60.3,NCP,Maduravoyal,Tiruvallur,Chennai Metro,GEN
7,SELVAKUMAR.V,IND,287,60.3,IND,Maduravoyal,Tiruvallur,Chennai Metro,GEN
7,MURUGAN.D,IND,161,60.3,IND,Maduravoyal,Tiruvallur,Chennai Metro,GEN
7,BENJAMIN MOSES.S,IND,149,60.3,IND,Maduravoyal,Tiruvallur,Chennai Metro,GEN
7,ABARAJITHAN.R,IND,143,60.3,IND,Maduravoyal,Tiruvallur,Chennai Metro,GEN
7,NEVIS STELLA MARY.B,Anaithu Makkal Arasiyal Katchi,124,60.3,Anaithu Makkal Arasiyal Katchi,Maduravoyal,Tiruvallur,Chennai Metro,GEN
7,GANAPATHY.R,IND,96,60.3,IND,Maduravoyal,Tiruvallur,Chennai Metro,GEN
7,ARUNKUMAR.A,IND,95,60.3,IND,Maduravoyal,Tiruvallur,Chennai Metro,GEN
7,MUTHURAMAN.S,Anna MGR Dravida Makkal Kalgam,69,60.3,Anna MGR Dravida Makkal Kalgam,Maduravoyal,Tiruvallur,Chennai Metro,GEN
7,AMALRAJ.S,IND,69,60.3,IND,Maduravoyal,Tiruvallur,Chennai Metro,GEN
7,SUMITHRA.R,Bahujan Dravida Party,64,60.3,Bahujan Dravida Party,Maduravoyal,Tiruvallur,Chennai Metro,GEN
7,RAVI.C.V,IND,48,60.3,IND,Maduravoyal,Tiruvallur,Chennai Metro,GEN
8,JOSEPH SAMUEL,DMK,114554,62.01,DMK,Ambattur,Tiruvallur,Chennai Metro,GEN
8,V ALEXANDER,AIADMK,72408,62.01,AIADMK,Ambattur,Tiruvallur,Chennai Metro,GEN
8,R ANBU THENARASAN,NTK,22701,62.01,NTK,Ambattur,Tiruvallur,Chennai Metro,GEN
8,S VAITHESWARAN,MNM,22370,62.01,MNM,Ambattur,Tiruvallur,Chennai Metro,GEN
8,S VEDHACHALAM,AMMK,2631,62.01,AMMK,Ambattur,Tiruvallur,Chennai Metro,GEN
8,None Of The Above,NOTA,2358,62.01,NOTA,Ambattur,Tiruvallur,Chennai Metro,GEN
8,K Bharathi,IND,807,62.01,IND,Ambattur,Tiruvallur,Chennai Metro,GEN
8,R Radha,NCP,615,62.01,NCP,Ambattur,Tiruvallur,Chennai Metro,GEN
8,S Praveen,IND,251,62.01,IND,Ambattur,Tiruvallur,Chennai Metro,GEN
8,S Veena,Anaithu Makkal Arasiyal Katchi,233,62.01,Anaithu Makkal Arasiyal Katchi,Ambattur,Tiruvallur,Chennai Metro,GEN
8,NARMADA NANDHAKUMAR,IND,177,62.01,IND,Ambattur,Tiruvallur,Chennai Metro,GEN
8,T Joseph Samuvel SanthaKumar,IND,162,62.01,IND,Ambattur,Tiruvallur,Chennai Metro,GEN
8,T MUNIANDI,IND,156,62.01,IND,Ambattur,Tiruvallur,Chennai Metro,GEN
8,M S ARUMUGAM,IND,142,62.01,IND,Ambattur,Tiruvallur,Chennai Metro,GEN
8,C RAGHUL,IND,139,62.01,IND,Ambattur,Tiruvallur,Chennai Metro,GEN
8,Bharadan,IND,111,62.01,IND,Ambattur,Tiruvallur,Chennai Metro,GEN
8,A R MURUGAVEL,IND,95,62.01,IND,Ambattur,Tiruvallur,Chennai Metro,GEN
8,G Soma Sundaram,IND,80,62.01,IND,Ambattur,Tiruvallur,Chennai Metro,GEN
8,A S Kesavan,IND,59,62.01,IND,Ambattur,Tiruvallur,Chennai Metro,GEN
8,G Srinivasan,IND,57,62.01,IND,Ambattur,Tiruvallur,Chennai Metro,GEN
8,N Ganesan,IND,55,62.01,IND,Ambattur,Tiruvallur,Chennai Metro,GEN
8,P Dhanraj,IND,55,62.01,IND,Ambattur,Tiruvallur,Chennai Metro,GEN
8,Ravi,IND,44,62.01,IND,Ambattur,Tiruvallur,Chennai Metro,GEN
8,G Vijayakumar,IND,39,62.01,IND,Ambattur,Tiruvallur,Chennai Metro,GEN
9,SUDHARSANAM. S,DMK,151485,66.37,DMK,Madavaram,Tiruvallur,Chennai Metro,GEN
9,Moorthy. V,AIADMK,94414,66.37,AIADMK,Madavaram,Tiruvallur,Chennai Metro,GEN
9,ELUMALAI. R,NTK,27453,66.37,NTK,Madavaram,Tiruvallur,Chennai Metro,GEN
9,RAMESH,MNM,15877,66.37,MNM,Madavaram,Tiruvallur,Chennai Metro,GEN
9,DHAKSHNAMOORTHY. D,AMMK,7104,66.37,AMMK,Madavaram,Tiruvallur,Chennai Metro,GEN
9,None Of The Above,NOTA,2166,66.37,NOTA,Madavaram,Tiruvallur,Chennai Metro,GEN
9,DEEPAK. S,BSP,1393,66.37,BSP,Madavaram,Tiruvallur,Chennai Metro,GEN
9,ARAVIND KUMAR. P,Desiya Makkal Sakthi Katchi,465,66.37,Desiya Makkal Sakthi Katchi,Madavaram,Tiruvallur,Chennai Metro,GEN
9,MOORTHY. S,IND,437,66.37,IND,Madavaram,Tiruvallur,Chennai Metro,GEN
9,RAMU. S,IND,431,66.37,IND,Madavaram,Tiruvallur,Chennai Metro,GEN
9,BABU. M.G,IND,413,66.37,IND,Madavaram,Tiruvallur,Chennai Metro,GEN
9,SAMBATH. E,SHS,175,66.37,SHS,Madavaram,Tiruvallur,Chennai Metro,GEN
9,SUDHARSANAN. D,IND,170,66.37,IND,Madavaram,Tiruvallur,Chennai Metro,GEN
9,JAYASEELAN. S,IND,119,66.37,IND,Madavaram,Tiruvallur,Chennai Metro,GEN
9,VINOTH KUMAR. M,Naadaalum Makkal Katchi,114,66.37,Naadaalum Makkal Katchi,Madavaram,Tiruvallur,Chennai Metro,GEN
9,ARIVUNITHI. S,IND,108,66.37,IND,Madavaram,Tiruvallur,Chennai Metro,GEN
9,NIRMAL KUMAR. M,IND,101,66.37,IND,Madavaram,Tiruvallur,Chennai Metro,GEN
9,SAKTHIVEL. A,IND,85,66.37,IND,Madavaram,Tiruvallur,Chennai Metro,GEN
9,YUVARAJ. M,Anna MGR Dravida Makkal Kalgam,81,66.37,Anna MGR Dravida Makkal Kalgam,Madavaram,Tiruvallur,Chennai Metro,GEN
9,SATHISH KUMAR. S,IND,62,66.37,IND,Madavaram,Tiruvallur,Chennai Metro,GEN
9,RAMESH. G,IND,47,66.37,IND,Madavaram,Tiruvallur,Chennai Metro,GEN
10,K.P.SHANKAR,DMK,88185,65.15,DMK,Thiruvottiyur,Tiruvallur,Chennai Metro,GEN
10,K.KUPPAN,AIADMK,50524,65.15,AIADMK,Thiruvottiyur,Tiruvallur,Chennai Metro,GEN
10,SEEMAN,NTK,48597,65.15,NTK,Thiruvottiyur,Tiruvallur,Chennai Metro,GEN
10,D.MOHAN,MNM,7053,65.15,MNM,Thiruvottiyur,Tiruvallur,Chennai Metro,GEN
10,M.SOUNDARA PANDIAN,AMMK,1417,65.15,AMMK,Thiruvottiyur,Tiruvallur,Chennai Metro,GEN
10,None Of The Above,NOTA,1111,65.15,NOTA,Thiruvottiyur,Tiruvallur,Chennai Metro,GEN
10,M.A.MICHAEL RAJ,IND,603,65.15,IND,Thiruvottiyur,Tiruvallur,Chennai Metro,GEN
10,N.RAMESH KUMAR,IND,585,65.15,IND,Thiruvottiyur,Tiruvallur,Chennai Metro,GEN
10,M.KOTTESWARAN,BSP,367,65.15,BSP,Thiruvottiyur,Tiruvallur,Chennai Metro,GEN
10,D.SASIRAJ,Samata Party,291,65.15,Samata Party,Thiruvottiyur,Tiruvallur,Chennai Metro,GEN
10,R.EGAVALLI,Naadaalum Makkal Katchi,253,65.15,Naadaalum Makkal Katchi,Thiruvottiyur,Tiruvallur,Chennai Metro,GEN
10,U.VENKATESH,IND,224,65.15,IND,Thiruvottiyur,Tiruvallur,Chennai Metro,GEN
10,M.CHELLAM,IND,184,65.15,IND,Thiruvottiyur,Tiruvallur,Chennai Metro,GEN
10,C.DHANRAJ,IND,115,65.15,IND,Thiruvottiyur,Tiruvallur,Chennai Metro,GEN
10,D.THAMIZHIZHAN,IND,103,65.15,IND,Thiruvottiyur,Tiruvallur,Chennai Metro,GEN
10,K.GOPINATH,IND,96,65.15,IND,Thiruvottiyur,Tiruvallur,Chennai Metro,GEN
10,B.DHANASEKARAN,IND,88,65.15,IND,Thiruvottiyur,Tiruvallur,Chennai Metro,GEN
10,B.ZAKIR HUSSAIN,IND,71,65.15,IND,Thiruvottiyur,Tiruvallur,Chennai Metro,GEN
10,PRAVINA,IND,52,65.15,IND,Thiruvottiyur,Tiruvallur,Chennai Metro,GEN
10,N.RAJESH KUMAR,IND,48,65.15,IND,Thiruvottiyur,Tiruvallur,Chennai Metro,GEN
10,V.SURESHBALAJI,IND,29,65.15,IND,Thiruvottiyur,Tiruvallur,Chennai Metro,GEN
11,EBENEZER. J.J. (@)  JOHN EBENEZER.J,DMK,95763,70.98,DMK,Dr. Radhakrishnan Nagar,Chennai,Chennai Metro,GEN
11,RAAJESH.R.S.,AIADMK,53284,70.98,AIADMK,Dr. Radhakrishnan Nagar,Chennai,Chennai Metro,GEN
11,GOWRISHANKAR . K,NTK,20437,70.98,NTK,Dr. Radhakrishnan Nagar,Chennai,Chennai Metro,GEN
11,FAZIL . A,MNM,11198,70.98,MNM,Dr. Radhakrishnan Nagar,Chennai,Chennai Metro,GEN
11,DR. KALIDAS . P,AMMK,1852,70.98,AMMK,Dr. Radhakrishnan Nagar,Chennai,Chennai Metro,GEN
11,None Of The Above,NOTA,1704,70.98,NOTA,Dr. Radhakrishnan Nagar,Chennai,Chennai Metro,GEN
11,SANTHAKUMAR . A,IND,557,70.98,IND,Dr. Radhakrishnan Nagar,Chennai,Chennai Metro,GEN
11,VIJAYAN.P,BSP,361,70.98,BSP,Dr. Radhakrishnan Nagar,Chennai,Chennai Metro,GEN
11,SASIDARAN.S,IND,241,70.98,IND,Dr. Radhakrishnan Nagar,Chennai,Chennai Metro,GEN
11,Daniel Sachin Mani.E,IND,222,70.98,IND,Dr. Radhakrishnan Nagar,Chennai,Chennai Metro,GEN
11,SIVAKUMAR.S,SUCI,215,70.98,SUCI,Dr. Radhakrishnan Nagar,Chennai,Chennai Metro,GEN
11,BABU MAILAN . A,RPI(A),115,70.98,RPI(A),Dr. Radhakrishnan Nagar,Chennai,Chennai Metro,GEN
11,KANDEEPAN.G,IND,111,70.98,IND,Dr. Radhakrishnan Nagar,Chennai,Chennai Metro,GEN
11,RAMADASS . E,Makkal Nalvaazhvuk Katchi,104,70.98,Makkal Nalvaazhvuk Katchi,Dr. Radhakrishnan Nagar,Chennai,Chennai Metro,GEN
11,GUNASEKARAN.G,IND,92,70.98,IND,Dr. Radhakrishnan Nagar,Chennai,Chennai Metro,GEN
11,MOHAN . R,United States of India Party,79,70.98,United States of India Party,Dr. Radhakrishnan Nagar,Chennai,Chennai Metro,GEN
11,PREMKUMAR.P,IND,79,70.98,IND,Dr. Radhakrishnan Nagar,Chennai,Chennai Metro,GEN
11,KALIDASS,IND,67,70.98,IND,Dr. Radhakrishnan Nagar,Chennai,Chennai Metro,GEN
11,SRIDHAR . C,IND,55,70.98,IND,Dr. Radhakrishnan Nagar,Chennai,Chennai Metro,GEN
11,DEVAKUMAR.R,IND,48,70.98,IND,Dr. Radhakrishnan Nagar,Chennai,Chennai Metro,GEN
11,DEVARAJ.M,IND,48,70.98,IND,Dr. Radhakrishnan Nagar,Chennai,Chennai Metro,GEN
11,RAJESH . I,IND,47,70.98,IND,Dr. Radhakrishnan Nagar,Chennai,Chennai Metro,GEN
11,FRANKLIN.D,IND,44,70.98,IND,Dr. Radhakrishnan Nagar,Chennai,Chennai Metro,GEN
11,PURUSHOTHAMAN . K,IND,44,70.98,IND,Dr. Radhakrishnan Nagar,Chennai,Chennai Metro,GEN
11,BOOTHIRAJAN.G,IND,39,70.98,IND,Dr. Radhakrishnan Nagar,Chennai,Chennai Metro,GEN
11,MARIMUTHU.P,IND,38,70.98,IND,Dr. Radhakrishnan Nagar,Chennai,Chennai Metro,GEN
11,RAJESH . S,IND,37,70.98,IND,Dr. Radhakrishnan Nagar,Chennai,Chennai Metro,GEN
11,VENKATRAMAN . C,IND,37,70.98,IND,Dr. Radhakrishnan Nagar,Chennai,Chennai Metro,GEN
11,VENUGOPAL.D,SHS,34,70.98,SHS,Dr. Radhakrishnan Nagar,Chennai,Chennai Metro,GEN
11,VIVEK.C,IND,27,70.98,IND,Dr. Radhakrishnan Nagar,Chennai,Chennai Metro,GEN
11,ETHIRAJ.R,IND,26,70.98,IND,Dr. Radhakrishnan Nagar,Chennai,Chennai Metro,GEN
11,MADHAN RAJ . D,IND,22,70.98,IND,Dr. Radhakrishnan Nagar,Chennai,Chennai Metro,GEN
12,SHEKAR. R.D,DMK,105267,63.0,DMK,Perambur,Chennai,Chennai Metro,GEN
12,DHANAPALAN N.R,AIADMK,50291,63.0,AIADMK,Perambur,Chennai,Chennai Metro,GEN
12,MERLIN SUGANTHI. S,NTK,19821,63.0,NTK,Perambur,Chennai,Chennai Metro,GEN
12,PONNUSAMY. A,MNM,17072,63.0,MNM,Perambur,Chennai,Chennai Metro,GEN
12,LAKSHMI NARAYANAN. E,AMMK,4042,63.0,AMMK,Perambur,Chennai,Chennai Metro,GEN
12,None Of The Above,NOTA,1515,63.0,NOTA,Perambur,Chennai,Chennai Metro,GEN
12,SURESH. C,BSP,515,63.0,BSP,Perambur,Chennai,Chennai Metro,GEN
12,SOOSAI. M.A,RPI(A),296,63.0,RPI(A),Perambur,Chennai,Chennai Metro,GEN
12,SEBASTIN. J,SUCI,194,63.0,SUCI,Perambur,Chennai,Chennai Metro,GEN
12,SATHEESH. J,IND,174,63.0,IND,Perambur,Chennai,Chennai Metro,GEN
12,PARTHIPAN. P,IND,172,63.0,IND,Perambur,Chennai,Chennai Metro,GEN
12,SEKAR. P,IND,166,63.0,IND,Perambur,Chennai,Chennai Metro,GEN
12,RAJESH. K,IND,163,63.0,IND,Perambur,Chennai,Chennai Metro,GEN
12,PREM ANAND. J,IND,112,63.0,IND,Perambur,Chennai,Chennai Metro,GEN
12,SATHISHKUMAR. S,IND,106,63.0,IND,Perambur,Chennai,Chennai Metro,GEN
12,RAJESH KUMAR. S,IND,90,63.0,IND,Perambur,Chennai,Chennai Metro,GEN
12,SELVARAJ. R,IND,87,63.0,IND,Perambur,Chennai,Chennai Metro,GEN
12,SARAVANA PERUMAL. R,IND,65,63.0,IND,Perambur,Chennai,Chennai Metro,GEN
12,UDAYAKUMAR. S,IND,60,63.0,IND,Perambur,Chennai,Chennai Metro,GEN
12,KADHIRAVAN. M,IND,48,63.0,IND,Perambur,Chennai,Chennai Metro,GEN
12,VENKATESH. L,IND,46,63.0,IND,Perambur,Chennai,Chennai Metro,GEN
12,VINOTHKUMAR. G,IND,45,63.0,IND,Perambur,Chennai,Chennai Metro,GEN
12,VASANTHA KUMAR. M,IND,40,63.0,IND,Perambur,Chennai,Chennai Metro,GEN
13,M.K. STALIN,DMK,105522,61.04,DMK,Kolathur,Chennai,Chennai Metro,GEN
13,AADIRAJARAM,AIADMK,35138,61.04,AIADMK,Kolathur,Chennai,Chennai Metro,GEN
13,A.JAGADISH KUMAR,MNM,14076,61.04,MNM,Kolathur,Chennai,Chennai Metro,GEN
13,F.CAMILUS SELVA,NTK,11279,61.04,NTK,Kolathur,Chennai,Chennai Metro,GEN
13,None Of The Above,NOTA,1529,61.04,NOTA,Kolathur,Chennai,Chennai Metro,GEN
13,MJS.JAMAL MOHAMED MEERA,BSP,1295,61.04,BSP,Kolathur,Chennai,Chennai Metro,GEN
13,J.ARUMUGAM,AMMK,1080,61.04,AMMK,Kolathur,Chennai,Chennai Metro,GEN
13,AGNI SRI RAMACHANDRAN,IND,681,61.04,IND,Kolathur,Chennai,Chennai Metro,GEN
13,SURESH,Tamil Nadu Ilangyar Katchi,620,61.04,Tamil Nadu Ilangyar Katchi,Kolathur,Chennai,Chennai Metro,GEN
13,ASHOK KUMAR.S,New Generation People’s Party,257,61.04,New Generation People’s Party,Kolathur,Chennai,Chennai Metro,GEN
13,AL. NARESH KUMAR,IND,198,61.04,IND,Kolathur,Chennai,Chennai Metro,GEN
13,DIVYA,IND,181,61.04,IND,Kolathur,Chennai,Chennai Metro,GEN
13,G.VELMURUGAN,SHS,132,61.04,SHS,Kolathur,Chennai,Chennai Metro,GEN
13,L.KATHIRESAN,IND,118,61.04,IND,Kolathur,Chennai,Chennai Metro,GEN
13,VIVEKRAJ.J,Thamizhaga Munnetra Congress,116,61.04,Thamizhaga Munnetra Congress,Kolathur,Chennai,Chennai Metro,GEN
13,J.SURIYAMUTHU,IND,110,61.04,IND,Kolathur,Chennai,Chennai Metro,GEN
13,MIRZA SAFDAR ALI,IND,97,61.04,IND,Kolathur,Chennai,Chennai Metro,GEN
13,MALARVIZHI,IND,92,61.04,IND,Kolathur,Chennai,Chennai Metro,GEN
13,D.SURESHBABU,Desiya Makkal Sakthi Katchi,87,61.04,Desiya Makkal Sakthi Katchi,Kolathur,Chennai,Chennai Metro,GEN
13,SATHIYASEELAN,IND,86,61.04,IND,Kolathur,Chennai,Chennai Metro,GEN
13,ELUMALAI.K,Veerath Thiyagi Viswanathadoss Thozhilalarkal Katchi,69,61.04,Veerath Thiyagi Viswanathadoss Thozhilalarkal Katchi,Kolathur,Chennai,Chennai Metro,GEN
13,M.RAJENDRAN,National Democratic Party of South India,65,61.04,National Democratic Party of South India,Kolathur,Chennai,Chennai Metro,GEN
13,RAMA DEVI,IND,61,61.04,IND,Kolathur,Chennai,Chennai Metro,GEN
13,C.JEEVAKUMAR,IND,52,61.04,IND,Kolathur,Chennai,Chennai Metro,GEN
13,D.NILAMANI,IND,45,61.04,IND,Kolathur,Chennai,Chennai Metro,GEN
13,S.SURESHKUMAR,Makkalatchi Katchi,43,61.04,Makkalatchi Katchi,Kolathur,Chennai,Chennai Metro,GEN
13,A.SEETHA,Bahujan Dravida Party,41,61.04,Bahujan Dravida Party,Kolathur,Chennai,Chennai Metro,GEN
13,K. PANNERSELVAM,IND,40,61.04,IND,Kolathur,Chennai,Chennai Metro,GEN
13,P.SENTHIL KUMAR,IND,38,61.04,IND,Kolathur,Chennai,Chennai Metro,GEN
13,P.HARISHKUMAR,IND,38,61.04,IND,Kolathur,Chennai,Chennai Metro,GEN
13,DEVIKARANI,IND,37,61.04,IND,Kolathur,Chennai,Chennai Metro,GEN
13,M.A.S. SENTHIL KUMAR,IND,33,61.04,IND,Kolathur,Chennai,Chennai Metro,GEN
13,R.SELVAM,IND,33,61.04,IND,Kolathur,Chennai,Chennai Metro,GEN
13,E.RAJENDRAN,Anna MGR Dravida Makkal Kalgam,30,61.04,Anna MGR Dravida Makkal Kalgam,Kolathur,Chennai,Chennai Metro,GEN
13,NIRMALA DEVI,IND,29,61.04,IND,Kolathur,Chennai,Chennai Metro,GEN
13,V.SURESHKUMAR,IND,22,61.04,IND,Kolathur,Chennai,Chennai Metro,GEN
13,B.VIJAYA KUMAR,IND,18,61.04,IND,Kolathur,Chennai,Chennai Metro,GEN
14,A . Vetriazhagan,DMK,76127,55.92,DMK,Villivakkam,Chennai,Chennai Metro,GEN
14,J.C.D.Prabhakar,AIADMK,38890,55.92,AIADMK,Villivakkam,Chennai,Chennai Metro,GEN
14,Sriharan,MNM,13364,55.92,MNM,Villivakkam,Chennai,Chennai Metro,GEN
14,R.Sridar,NTK,10914,55.92,NTK,Villivakkam,Chennai,Chennai Metro,GEN
14,None Of The Above,NOTA,1444,55.92,NOTA,Villivakkam,Chennai,Chennai Metro,GEN
14,D.Subamangalam,DMDK,1094,55.92,DMDK,Villivakkam,Chennai,Chennai Metro,GEN
14,Syed Rayhan,IND,409,55.92,IND,Villivakkam,Chennai,Chennai Metro,GEN
14,Jagadesh Jayakumar,Valamaana  Tamizhagam   Katchi,261,55.92,Valamaana  Tamizhagam   Katchi,Villivakkam,Chennai,Chennai Metro,GEN
14,A.Palanivel,BSP,222,55.92,BSP,Villivakkam,Chennai,Chennai Metro,GEN
14,M.Gunasekaran,IND,206,55.92,IND,Villivakkam,Chennai,Chennai Metro,GEN
14,S.Chandrika,IND,194,55.92,IND,Villivakkam,Chennai,Chennai Metro,GEN
14,L.Govindaraj,Nam India Naam Indiyar Katchi,189,55.92,Nam India Naam Indiyar Katchi,Villivakkam,Chennai,Chennai Metro,GEN
14,S.Baskar,IND,171,55.92,IND,Villivakkam,Chennai,Chennai Metro,GEN
14,M.Murali Vinodh,IND,98,55.92,IND,Villivakkam,Chennai,Chennai Metro,GEN
14,S. Raju Bharathi,Desiya Makkal Sakthi Katchi,88,55.92,Desiya Makkal Sakthi Katchi,Villivakkam,Chennai,Chennai Metro,GEN
14,A . Ajith Kumar,IND,80,55.92,IND,Villivakkam,Chennai,Chennai Metro,GEN
14,S.Kandasamy,IND,74,55.92,IND,Villivakkam,Chennai,Chennai Metro,GEN
14,C.Mohan,IND,54,55.92,IND,Villivakkam,Chennai,Chennai Metro,GEN
14,M .Jalal,IND,43,55.92,IND,Villivakkam,Chennai,Chennai Metro,GEN
14,A.S.Kumar,IND,42,55.92,IND,Villivakkam,Chennai,Chennai Metro,GEN
14,C.A.Ashok Kumar,IND,40,55.92,IND,Villivakkam,Chennai,Chennai Metro,GEN
14,G.Iyanar,IND,36,55.92,IND,Villivakkam,Chennai,Chennai Metro,GEN
14,G. Devapriyan,IND,27,55.92,IND,Villivakkam,Chennai,Chennai Metro,GEN
14,C.Raghul,IND,25,55.92,IND,Villivakkam,Chennai,Chennai Metro,GEN
15,SIVAKUMAR.P,DMK,81727,60.62,DMK,Thiru-Vi-Ka-Nagar,Chennai,Chennai Metro,SC
15,KALYANI.P.L,AIADMK,26714,60.62,AIADMK,Thiru-Vi-Ka-Nagar,Chennai,Chennai Metro,SC
15,ILLAVANJI.Dr.R,NTK,10921,60.62,NTK,Thiru-Vi-Ka-Nagar,Chennai,Chennai Metro,SC
15,OBATH.S,MNM,9710,60.62,MNM,Thiru-Vi-Ka-Nagar,Chennai,Chennai Metro,SC
15,SEKAR.M.P,DMDK,1787,60.62,DMDK,Thiru-Vi-Ka-Nagar,Chennai,Chennai Metro,SC
15,None Of The Above,NOTA,1046,60.62,NOTA,Thiru-Vi-Ka-Nagar,Chennai,Chennai Metro,SC
15,BAGAVATH SINGH.M,BSP,355,60.62,BSP,Thiru-Vi-Ka-Nagar,Chennai,Chennai Metro,SC
15,SIHAMANI.G,IND,214,60.62,IND,Thiru-Vi-Ka-Nagar,Chennai,Chennai Metro,SC
15,SUNDAR.G,IND,144,60.62,IND,Thiru-Vi-Ka-Nagar,Chennai,Chennai Metro,SC
15,SELVAKUMAR.A,IND,136,60.62,IND,Thiru-Vi-Ka-Nagar,Chennai,Chennai Metro,SC
15,KALYANI.K,IND,129,60.62,IND,Thiru-Vi-Ka-Nagar,Chennai,Chennai Metro,SC
15,SEKAR.E,IND,125,60.62,IND,Thiru-Vi-Ka-Nagar,Chennai,Chennai Metro,SC
15,RAMESH BABU.M,IND,106,60.62,IND,Thiru-Vi-Ka-Nagar,Chennai,Chennai Metro,SC
15,KOLANJI.M,IND,85,60.62,IND,Thiru-Vi-Ka-Nagar,Chennai,Chennai Metro,SC
15,PRABHAKARAN.K,Makkalatchi Katchi,79,60.62,Makkalatchi Katchi,Thiru-Vi-Ka-Nagar,Chennai,Chennai Metro,SC
15,UDAYA CHANDRAN .R,IND,77,60.62,IND,Thiru-Vi-Ka-Nagar,Chennai,Chennai Metro,SC
15,RAVIKUMAR.S,Republican Party of India  (Sivaraj),62,60.62,Republican Party of India  (Sivaraj),Thiru-Vi-Ka-Nagar,Chennai,Chennai Metro,SC
15,MALATHI.S,IND,57,60.62,IND,Thiru-Vi-Ka-Nagar,Chennai,Chennai Metro,SC
15,PREMKUMAR.G,IND,44,60.62,IND,Thiru-Vi-Ka-Nagar,Chennai,Chennai Metro,SC
15,RAVIPARAIYANAR.D,RPI(A),41,60.62,RPI(A),Thiru-Vi-Ka-Nagar,Chennai,Chennai Metro,SC
15,SANTHANU.S,IND,38,60.62,IND,Thiru-Vi-Ka-Nagar,Chennai,Chennai Metro,SC
15,RANGANATHAN.M,IND,37,60.62,IND,Thiru-Vi-Ka-Nagar,Chennai,Chennai Metro,SC
15,GOVINDARAJ.G,IND,33,60.62,IND,Thiru-Vi-Ka-Nagar,Chennai,Chennai Metro,SC
15,BIRLABOSE.M,IND,29,60.62,IND,Thiru-Vi-Ka-Nagar,Chennai,Chennai Metro,SC
16,I.PARANTHAMEN,DMK,68832,61.13,DMK,Egmore,Chennai,Chennai Metro,SC
16,B.JOHN PANDIAN,AIADMK,30064,61.13,AIADMK,Egmore,Chennai,Chennai Metro,SC
16,U. PRIYADARSINI,MNM,9990,61.13,MNM,Egmore,Chennai,Chennai Metro,SC
16,P.GEETHA LAKSHMI,NTK,6276,61.13,NTK,Egmore,Chennai,Chennai Metro,SC
16,T.PRABHU,DMDK,1293,61.13,DMDK,Egmore,Chennai,Chennai Metro,SC
16,None Of The Above,NOTA,1176,61.13,NOTA,Egmore,Chennai,Chennai Metro,SC
16,V. PRABHU,IND,492,61.13,IND,Egmore,Chennai,Chennai Metro,SC
16,K.P.SUNDARAPRATHABAN,BSP,361,61.13,BSP,Egmore,Chennai,Chennai Metro,SC
16,S.JAYAKALPANA,IND,171,61.13,IND,Egmore,Chennai,Chennai Metro,SC
16,Dr.N. GUNASEKAR,IND,109,61.13,IND,Egmore,Chennai,Chennai Metro,SC
16,A.PARANTHAMAN,IND,98,61.13,IND,Egmore,Chennai,Chennai Metro,SC
16,J.CHANDRAKALA,LJP,92,61.13,LJP,Egmore,Chennai,Chennai Metro,SC
16,G.R.RAJENDRAN,IND,84,61.13,IND,Egmore,Chennai,Chennai Metro,SC
16,G.SHEEJA,Nam India Naam Indiyar Katchi,55,61.13,Nam India Naam Indiyar Katchi,Egmore,Chennai,Chennai Metro,SC
16,R.REVANTH,Anaithu Makkal Arasiyal Katchi,45,61.13,Anaithu Makkal Arasiyal Katchi,Egmore,Chennai,Chennai Metro,SC
16,M.UTHAYAKUMAR,IND,41,61.13,IND,Egmore,Chennai,Chennai Metro,SC
16,N.ARAVINTH KUMAR,IND,38,61.13,IND,Egmore,Chennai,Chennai Metro,SC
16,V.SEKAR,IND,28,61.13,IND,Egmore,Chennai,Chennai Metro,SC
16,V.ESWARAN,IND,26,61.13,IND,Egmore,Chennai,Chennai Metro,SC
17,MURTHY.R.IDREAM,DMK,64424,62.6,DMK,Royapuram,Chennai,Chennai Metro,GEN
17,JAYAKUMAR.D,AIADMK,36645,62.6,AIADMK,Royapuram,Chennai,Chennai Metro,GEN
17,GUNASEKARAN.S,MNM,8166,62.6,MNM,Royapuram,Chennai,Chennai Metro,GEN
17,KAMALI.S,NTK,7953,62.6,NTK,Royapuram,Chennai,Chennai Metro,GEN
17,RAMAJAYAM.C,AMMK,1128,62.6,AMMK,Royapuram,Chennai,Chennai Metro,GEN
17,None Of The Above,NOTA,901,62.6,NOTA,Royapuram,Chennai,Chennai Metro,GEN
17,JAMES MARTIN.M,Tamil Nadu Ilangyar Katchi,557,62.6,Tamil Nadu Ilangyar Katchi,Royapuram,Chennai,Chennai Metro,GEN
17,SUGANTHAN.T,IND,205,62.6,IND,Royapuram,Chennai,Chennai Metro,GEN
17,KUMAR.S,BSP,180,62.6,BSP,Royapuram,Chennai,Chennai Metro,GEN
17,MOHAN.A,Tipu Sultan Party,172,62.6,Tipu Sultan Party,Royapuram,Chennai,Chennai Metro,GEN
17,SELVAKUMAR.J,IND,133,62.6,IND,Royapuram,Chennai,Chennai Metro,GEN
17,DHANASEKARAN.G,IND,109,62.6,IND,Royapuram,Chennai,Chennai Metro,GEN
17,SUBRAMANI.S.N,IND,85,62.6,IND,Royapuram,Chennai,Chennai Metro,GEN
17,SUNDARAPANDIAN.R,IND,60,62.6,IND,Royapuram,Chennai,Chennai Metro,GEN
17,PRASATH.K,IND,58,62.6,IND,Royapuram,Chennai,Chennai Metro,GEN
17,DINAKARAN.S,IND,56,62.6,IND,Royapuram,Chennai,Chennai Metro,GEN
17,PRABHAKARAN.V,IND,55,62.6,IND,Royapuram,Chennai,Chennai Metro,GEN
17,GOKUL.G,IND,52,62.6,IND,Royapuram,Chennai,Chennai Metro,GEN
17,CHELLAPPPAN.T,IND,50,62.6,IND,Royapuram,Chennai,Chennai Metro,GEN
17,MURTHY.T.C.S,IND,43,62.6,IND,Royapuram,Chennai,Chennai Metro,GEN
17,SATHISH.S,IND,30,62.6,IND,Royapuram,Chennai,Chennai Metro,GEN
17,KALIDASS.K.R,IND,27,62.6,IND,Royapuram,Chennai,Chennai Metro,GEN
17,VELU.G,IND,27,62.6,IND,Royapuram,Chennai,Chennai Metro,GEN
17,KARUNAKARAN.H,IND,26,62.6,IND,Royapuram,Chennai,Chennai Metro,GEN
17,KARTHICK.V,IND,21,62.6,IND,Royapuram,Chennai,Chennai Metro,GEN
17,PRABHU.D,IND,18,62.6,IND,Royapuram,Chennai,Chennai Metro,GEN
17,VINDHAN.A,IND,10,62.6,IND,Royapuram,Chennai,Chennai Metro,GEN
18,SEKARBABU. P.K,DMK,59317,57.64,DMK,Harbour,Chennai,Chennai Metro,GEN
18,VINOJ. P. SELVAM,BJP,32043,57.64,BJP,Harbour,Chennai,Chennai Metro,GEN
18,RAMESH. A,MNM,3763,57.64,MNM,Harbour,Chennai,Chennai Metro,GEN
18,AHAMED FAZIL. M,NTK,3357,57.64,NTK,Harbour,Chennai,Chennai Metro,GEN
18,None Of The Above,NOTA,912,57.64,NOTA,Harbour,Chennai,Chennai Metro,GEN
18,SANTHANA KRISHNAN. P,AMMK,775,57.64,AMMK,Harbour,Chennai,Chennai Metro,GEN
18,RAVIKUMAR. C,BSP,410,57.64,BSP,Harbour,Chennai,Chennai Metro,GEN
18,SELVAM. P,IND,247,57.64,IND,Harbour,Chennai,Chennai Metro,GEN
18,VIVEK RAM. A,IND,166,57.64,IND,Harbour,Chennai,Chennai Metro,GEN
18,SURESH. R,IND,117,57.64,IND,Harbour,Chennai,Chennai Metro,GEN
18,GANESH. S,IND,68,57.64,IND,Harbour,Chennai,Chennai Metro,GEN
18,SELVARAJ. S,IND,63,57.64,IND,Harbour,Chennai,Chennai Metro,GEN
18,KAMAL. J,IND,47,57.64,IND,Harbour,Chennai,Chennai Metro,GEN
18,SIVARAMAN. G,IND,40,57.64,IND,Harbour,Chennai,Chennai Metro,GEN
18,SHANKAR. A,IND,38,57.64,IND,Harbour,Chennai,Chennai Metro,GEN
18,SELVAKUMAR. R,IND,37,57.64,IND,Harbour,Chennai,Chennai Metro,GEN
18,RAMKI. P,IND,33,57.64,IND,Harbour,Chennai,Chennai Metro,GEN
18,PUGALENTHI. P,IND,28,57.64,IND,Harbour,Chennai,Chennai Metro,GEN
18,UDHAYAKUMAR. V,IND,25,57.64,IND,Harbour,Chennai,Chennai Metro,GEN
18,SRINIVASAN. P,IND,25,57.64,IND,Harbour,Chennai,Chennai Metro,GEN
18,KRISHNAKUMAR. G,IND,22,57.64,IND,Harbour,Chennai,Chennai Metro,GEN
18,ANANDRAJ. T.K,IND,21,57.64,IND,Harbour,Chennai,Chennai Metro,GEN
18,DAMODHARAN. A.G,IND,20,57.64,IND,Harbour,Chennai,Chennai Metro,GEN
18,ZIONRAJ. M,IND,18,57.64,IND,Harbour,Chennai,Chennai Metro,GEN
18,CHANDRAN. R,IND,13,57.64,IND,Harbour,Chennai,Chennai Metro,GEN
18,RAGHUNATH. K,IND,13,57.64,IND,Harbour,Chennai,Chennai Metro,GEN
18,RAMESH. D,IND,12,57.64,IND,Harbour,Chennai,Chennai Metro,GEN
18,NAGARAJ. S,IND,10,57.64,IND,Harbour,Chennai,Chennai Metro,GEN
18,MAHALINGAM. D,IND,10,57.64,IND,Harbour,Chennai,Chennai Metro,GEN
19,UDHAYANIDHI STALIN,DMK,93285,58.33,DMK,Chepauk-Thiruvallikeni,Chennai,Chennai Metro,GEN
19,KASSALI A.V.A,PMK,23930,58.33,PMK,Chepauk-Thiruvallikeni,Chennai,Chennai Metro,GEN
19,JAYASIMMARAJA  S M,NTK,9193,58.33,NTK,Chepauk-Thiruvallikeni,Chennai,Chennai Metro,GEN
19,MOHAMMED IDRIS K,IJK,4096,58.33,IJK,Chepauk-Thiruvallikeni,Chennai,Chennai Metro,GEN
19,None Of The Above,NOTA,2061,58.33,NOTA,Chepauk-Thiruvallikeni,Chennai,Chennai Metro,GEN
19,RAJENDRAN L,AMMK,1873,58.33,AMMK,Chepauk-Thiruvallikeni,Chennai,Chennai Metro,GEN
19,RAGHU C,BSP,723,58.33,BSP,Chepauk-Thiruvallikeni,Chennai,Chennai Metro,GEN
19,TABREZ,Tipu Sultan Party,367,58.33,Tipu Sultan Party,Chepauk-Thiruvallikeni,Chennai,Chennai Metro,GEN
19,RAVI E,IND,367,58.33,IND,Chepauk-Thiruvallikeni,Chennai,Chennai Metro,GEN
19,SENTHIL KUMAR H,IND,244,58.33,IND,Chepauk-Thiruvallikeni,Chennai,Chennai Metro,GEN
19,SRINIVASAN,IND,139,58.33,IND,Chepauk-Thiruvallikeni,Chennai,Chennai Metro,GEN
19,CHANDRANATHAN S,IND,118,58.33,IND,Chepauk-Thiruvallikeni,Chennai,Chennai Metro,GEN
19,MOHAMED RIOZ,Anaithu Makkal Arasiyal Katchi,112,58.33,Anaithu Makkal Arasiyal Katchi,Chepauk-Thiruvallikeni,Chennai,Chennai Metro,GEN
19,NAGARAJAN,IND,110,58.33,IND,Chepauk-Thiruvallikeni,Chennai,Chennai Metro,GEN
19,ABID BAKSHQ H HUSSAIN,RPI(A),105,58.33,RPI(A),Chepauk-Thiruvallikeni,Chennai,Chennai Metro,GEN
19,RAVI M L,Desiya Makkal Sakthi Katchi,89,58.33,Desiya Makkal Sakthi Katchi,Chepauk-Thiruvallikeni,Chennai,Chennai Metro,GEN
19,ANANDAN  K,IND,88,58.33,IND,Chepauk-Thiruvallikeni,Chennai,Chennai Metro,GEN
19,MUNIYANDI,IND,81,58.33,IND,Chepauk-Thiruvallikeni,Chennai,Chennai Metro,GEN
19,KANNAN C,IND,65,58.33,IND,Chepauk-Thiruvallikeni,Chennai,Chennai Metro,GEN
19,KRISHNADASAN S,IND,57,58.33,IND,Chepauk-Thiruvallikeni,Chennai,Chennai Metro,GEN
19,BALAJI C,IND,53,58.33,IND,Chepauk-Thiruvallikeni,Chennai,Chennai Metro,GEN
19,MANIKANDAN E,IND,50,58.33,IND,Chepauk-Thiruvallikeni,Chennai,Chennai Metro,GEN
19,DILLIRAJ P,IND,49,58.33,IND,Chepauk-Thiruvallikeni,Chennai,Chennai Metro,GEN
19,MADHANA GOPAL T,IND,42,58.33,IND,Chepauk-Thiruvallikeni,Chennai,Chennai Metro,GEN
19,Ganesan P,IND,39,58.33,IND,Chepauk-Thiruvallikeni,Chennai,Chennai Metro,GEN
19,BALAJI K,IND,35,58.33,IND,Chepauk-Thiruvallikeni,Chennai,Chennai Metro,GEN
19,MOHAMMED HUSSAIN,IND,34,58.33,IND,Chepauk-Thiruvallikeni,Chennai,Chennai Metro,GEN
20,EZHILAN N,DMK,71867,56.25,DMK,Thousand Lights,Chennai,Chennai Metro,GEN
20,KUSHBOO SUNDAR,BJP,39405,56.25,BJP,Thousand Lights,Chennai,Chennai Metro,GEN
20,K M SHARIFF,MNM,11791,56.25,MNM,Thousand Lights,Chennai,Chennai Metro,GEN
20,SHERINE AJ,NTK,8884,56.25,NTK,Thousand Lights,Chennai,Chennai Metro,GEN
20,None Of The Above,NOTA,1385,56.25,NOTA,Thousand Lights,Chennai,Chennai Metro,GEN
20,VAIDHYANATHAN N,AMMK,1155,56.25,AMMK,Thousand Lights,Chennai,Chennai Metro,GEN
20,WILLIAMS D,BSP,246,56.25,BSP,Thousand Lights,Chennai,Chennai Metro,GEN
20,RADHA KRISHNAN S,IND,231,56.25,IND,Thousand Lights,Chennai,Chennai Metro,GEN
20,MANIVANNAN N,IND,229,56.25,IND,Thousand Lights,Chennai,Chennai Metro,GEN
20,PARTHIBAN V,IND,154,56.25,IND,Thousand Lights,Chennai,Chennai Metro,GEN
20,DOMNIC A,Nam India Naam Indiyar Katchi,72,56.25,Nam India Naam Indiyar Katchi,Thousand Lights,Chennai,Chennai Metro,GEN
20,SANJEEVI S,IND,66,56.25,IND,Thousand Lights,Chennai,Chennai Metro,GEN
20,SUDAKAR R,IND,66,56.25,IND,Thousand Lights,Chennai,Chennai Metro,GEN
20,BABU A,IND,65,56.25,IND,Thousand Lights,Chennai,Chennai Metro,GEN
20,A GEORGE BENNY,IND,62,56.25,IND,Thousand Lights,Chennai,Chennai Metro,GEN
20,NIRMAL KUMAR S,IND,53,56.25,IND,Thousand Lights,Chennai,Chennai Metro,GEN
20,RIAZ(A) SYED ZAKEERULLA,Anaithu Makkal Arasiyal Katchi,52,56.25,Anaithu Makkal Arasiyal Katchi,Thousand Lights,Chennai,Chennai Metro,GEN
20,P PARIMALA,IND,47,56.25,IND,Thousand Lights,Chennai,Chennai Metro,GEN
20,VELRAJ S,IND,42,56.25,IND,Thousand Lights,Chennai,Chennai Metro,GEN
20,DEEBAN M,IND,37,56.25,IND,Thousand Lights,Chennai,Chennai Metro,GEN
20,SEKAR K,IND,31,56.25,IND,Thousand Lights,Chennai,Chennai Metro,GEN
21,M.K. Mohan,DMK,80054,57.33,DMK,Anna Nagar,Chennai,Chennai Metro,GEN
21,S. Gokula Indira,AIADMK,52609,57.33,AIADMK,Anna Nagar,Chennai,Chennai Metro,GEN
21,V. Ponraj,MNM,17522,57.33,MNM,Anna Nagar,Chennai,Chennai Metro,GEN
21,S. Shankar,NTK,10406,57.33,NTK,Anna Nagar,Chennai,Chennai Metro,GEN
21,None Of The Above,NOTA,1545,57.33,NOTA,Anna Nagar,Chennai,Chennai Metro,GEN
21,K.N. Gunasekaran,AMMK,1169,57.33,AMMK,Anna Nagar,Chennai,Chennai Metro,GEN
21,S.D. Prabhakar,Tamil Nadu Ilangyar Katchi,408,57.33,Tamil Nadu Ilangyar Katchi,Anna Nagar,Chennai,Chennai Metro,GEN
21,D. JeevithKumar,BSP,220,57.33,BSP,Anna Nagar,Chennai,Chennai Metro,GEN
21,S. Sathyanarayanan,IND,158,57.33,IND,Anna Nagar,Chennai,Chennai Metro,GEN
21,Hari Shankar,IND,142,57.33,IND,Anna Nagar,Chennai,Chennai Metro,GEN
21,K. Sathish Kumar,IND,125,57.33,IND,Anna Nagar,Chennai,Chennai Metro,GEN
21,R. Saravanan,IND,122,57.33,IND,Anna Nagar,Chennai,Chennai Metro,GEN
21,V.M. Nagarajan,IND,86,57.33,IND,Anna Nagar,Chennai,Chennai Metro,GEN
21,L. Kasinathan,IND,74,57.33,IND,Anna Nagar,Chennai,Chennai Metro,GEN
21,V. Paulraj Guna,RPI(A),73,57.33,RPI(A),Anna Nagar,Chennai,Chennai Metro,GEN
21,Ansar Ahamed,Anaithu Makkal Arasiyal Katchi,69,57.33,Anaithu Makkal Arasiyal Katchi,Anna Nagar,Chennai,Chennai Metro,GEN
21,P.E. Gopinath,IND,62,57.33,IND,Anna Nagar,Chennai,Chennai Metro,GEN
21,P. Dhanasekar,Nam India Naam Indiyar Katchi,59,57.33,Nam India Naam Indiyar Katchi,Anna Nagar,Chennai,Chennai Metro,GEN
21,S. Yuvaraja,Veerath Thiyagi Viswanathadoss Thozhilalarkal Katchi,56,57.33,Veerath Thiyagi Viswanathadoss Thozhilalarkal Katchi,Anna Nagar,Chennai,Chennai Metro,GEN
21,J. Nagaraj,New Generation People’s Party,53,57.33,New Generation People’s Party,Anna Nagar,Chennai,Chennai Metro,GEN
21,M. Veriyandi,Anna MGR Dravida Makkal Kalgam,32,57.33,Anna MGR Dravida Makkal Kalgam,Anna Nagar,Chennai,Chennai Metro,GEN
21,M. Manokaran,IND,27,57.33,IND,Anna Nagar,Chennai,Chennai Metro,GEN
21,P. Manimaran,IND,13,57.33,IND,Anna Nagar,Chennai,Chennai Metro,GEN
21,A. Jayaprakash,IND,12,57.33,IND,Anna Nagar,Chennai,Chennai Metro,GEN
22,AMV.PRABHAKARA RAJA,DMK,74351,57.59,DMK,Virugampakkam,Chennai,Chennai Metro,GEN
22,VIRUGAI V.N.RAVI,AIADMK,55984,57.59,AIADMK,Virugampakkam,Chennai,Chennai Metro,GEN
22,SENEGAN,MNM,16939,57.59,MNM,Virugampakkam,Chennai,Chennai Metro,GEN
22,T.S.RAJENDRAN,NTK,10185,57.59,NTK,Virugampakkam,Chennai,Chennai Metro,GEN
22,M.GUNASEKARAN (A) STAR M.GUNASEKARAN,IND,5186,57.59,IND,Virugampakkam,Chennai,Chennai Metro,GEN
22,B.PARTHASARATHY,DMDK,1585,57.59,DMDK,Virugampakkam,Chennai,Chennai Metro,GEN
22,None Of The Above,NOTA,1563,57.59,NOTA,Virugampakkam,Chennai,Chennai Metro,GEN
22,R.MAYILSAMY,IND,1440,57.59,IND,Virugampakkam,Chennai,Chennai Metro,GEN
22,SATHASIVAM,IND,344,57.59,IND,Virugampakkam,Chennai,Chennai Metro,GEN
22,M.S.ISMAIL KHAN,All India Jananayaka Makkal Kazhagam,209,57.59,All India Jananayaka Makkal Kazhagam,Virugampakkam,Chennai,Chennai Metro,GEN
22,M.MANNU,IND,148,57.59,IND,Virugampakkam,Chennai,Chennai Metro,GEN
22,V.GUNASEKARAN,IND,131,57.59,IND,Virugampakkam,Chennai,Chennai Metro,GEN
22,M.SIVAKUMAR,IND,119,57.59,IND,Virugampakkam,Chennai,Chennai Metro,GEN
22,G.THANIGACHALAM,Veerath Thiyagi Viswanathadoss Thozhilalarkal Katchi,90,57.59,Veerath Thiyagi Viswanathadoss Thozhilalarkal Katchi,Virugampakkam,Chennai,Chennai Metro,GEN
22,MANJU,Anaithu Makkal Arasiyal Katchi,90,57.59,Anaithu Makkal Arasiyal Katchi,Virugampakkam,Chennai,Chennai Metro,GEN
22,S.GUNASEKAR,IND,88,57.59,IND,Virugampakkam,Chennai,Chennai Metro,GEN
22,G.RAVI,RJD,73,57.59,RJD,Virugampakkam,Chennai,Chennai Metro,GEN
22,M.ELLANGOVAN,IND,72,57.59,IND,Virugampakkam,Chennai,Chennai Metro,GEN
22,E.SANKAR,IND,68,57.59,IND,Virugampakkam,Chennai,Chennai Metro,GEN
22,R.PRABAHARAN,Tamizhaga Murpokku Makkal Katchi,65,57.59,Tamizhaga Murpokku Makkal Katchi,Virugampakkam,Chennai,Chennai Metro,GEN
22,D.SUNDAR SINGH,IND,56,57.59,IND,Virugampakkam,Chennai,Chennai Metro,GEN
22,D.PRABAKARAN,IND,56,57.59,IND,Virugampakkam,Chennai,Chennai Metro,GEN
22,M.SRINIVASAN,IND,49,57.59,IND,Virugampakkam,Chennai,Chennai Metro,GEN
22,V.THALAPATHI,IND,49,57.59,IND,Virugampakkam,Chennai,Chennai Metro,GEN
22,V.K.KATHIR,IND,48,57.59,IND,Virugampakkam,Chennai,Chennai Metro,GEN
22,S.R.DINESH KUMAR,Anna MGR Dravida Makkal Kalgam,41,57.59,Anna MGR Dravida Makkal Kalgam,Virugampakkam,Chennai,Chennai Metro,GEN
22,K.BOOPATHY,IND,34,57.59,IND,Virugampakkam,Chennai,Chennai Metro,GEN
22,V.K.SENTHIL KUMAR,IND,24,57.59,IND,Virugampakkam,Chennai,Chennai Metro,GEN
23,SUBRAMANIAN. MA,DMK,80194,57.36,DMK,Saidapet,Chennai,Chennai Metro,GEN
23,SAIDAI DURAISAMY,AIADMK,50786,57.36,AIADMK,Saidapet,Chennai,Chennai Metro,GEN
23,SNEGAPRIYA,MNM,13454,57.36,MNM,Saidapet,Chennai,Chennai Metro,GEN
23,SURESH KUMAR. B,NTK,10717,57.36,NTK,Saidapet,Chennai,Chennai Metro,GEN
23,SENTHAMIZHAN. G,AMMK,2081,57.36,AMMK,Saidapet,Chennai,Chennai Metro,GEN
23,None Of The Above,NOTA,1158,57.36,NOTA,Saidapet,Chennai,Chennai Metro,GEN
23,KOTTUR KUMAR. R,BSP,274,57.36,BSP,Saidapet,Chennai,Chennai Metro,GEN
23,SAGAYAMARY. N,RPI(A),209,57.36,RPI(A),Saidapet,Chennai,Chennai Metro,GEN
23,SIVASANKAR. S. R,IND,182,57.36,IND,Saidapet,Chennai,Chennai Metro,GEN
23,BALAJI. V,IND,145,57.36,IND,Saidapet,Chennai,Chennai Metro,GEN
23,KANDHASAMY. R,IND,141,57.36,IND,Saidapet,Chennai,Chennai Metro,GEN
23,MURTHI. R,IND,125,57.36,IND,Saidapet,Chennai,Chennai Metro,GEN
23,SATHISH KUMAR. S,IND,121,57.36,IND,Saidapet,Chennai,Chennai Metro,GEN
23,SARAVANAN. D,IND,91,57.36,IND,Saidapet,Chennai,Chennai Metro,GEN
23,SIVAGNANASAMBANDAN. T,Desiya Makkal Sakthi Katchi,89,57.36,Desiya Makkal Sakthi Katchi,Saidapet,Chennai,Chennai Metro,GEN
23,JOTHI SAIRAM. S,IND,66,57.36,IND,Saidapet,Chennai,Chennai Metro,GEN
23,KOTHANDAPANI. K,IND,48,57.36,IND,Saidapet,Chennai,Chennai Metro,GEN
23,IMRAN KHAN. M,IND,47,57.36,IND,Saidapet,Chennai,Chennai Metro,GEN
23,MANIMARAN. S,IND,43,57.36,IND,Saidapet,Chennai,Chennai Metro,GEN
23,PREM KUMAR. A,IND,40,57.36,IND,Saidapet,Chennai,Chennai Metro,GEN
23,ASHOK KUMAR. V,IND,38,57.36,IND,Saidapet,Chennai,Chennai Metro,GEN
23,VIJAYA KUMAR. R,IND,37,57.36,IND,Saidapet,Chennai,Chennai Metro,GEN
23,LOGANATHAN. J,IND,34,57.36,IND,Saidapet,Chennai,Chennai Metro,GEN
23,VENKATESH. K,IND,32,57.36,IND,Saidapet,Chennai,Chennai Metro,GEN
23,RISHI KUMAR. A,IND,31,57.36,IND,Saidapet,Chennai,Chennai Metro,GEN
23,ARUN KUMAR. M,IND,30,57.36,IND,Saidapet,Chennai,Chennai Metro,GEN
23,VASANTH. H,IND,30,57.36,IND,Saidapet,Chennai,Chennai Metro,GEN
23,ELANGO. K,IND,23,57.36,IND,Saidapet,Chennai,Chennai Metro,GEN
23,RAJESH. N,IND,23,57.36,IND,Saidapet,Chennai,Chennai Metro,GEN
23,PRAKASH. C,IND,20,57.36,IND,Saidapet,Chennai,Chennai Metro,GEN
23,ALAGANATHAN. B,IND,18,57.36,IND,Saidapet,Chennai,Chennai Metro,GEN
24,KARUNANITHI J,DMK,56035,55.99,DMK,Theayagaraya Nagar,Chennai,Chennai Metro,GEN
24,SATHIYANAARAYANAN B,AIADMK,55898,55.99,AIADMK,Theayagaraya Nagar,Chennai,Chennai Metro,GEN
24,KARUPPIAH PALA,MNM,14567,55.99,MNM,Theayagaraya Nagar,Chennai,Chennai Metro,GEN
24,SIVASANKARI S,NTK,8284,55.99,NTK,Theayagaraya Nagar,Chennai,Chennai Metro,GEN
24,None Of The Above,NOTA,1617,55.99,NOTA,Theayagaraya Nagar,Chennai,Chennai Metro,GEN
24,BHARANEESWARAN R,AMMK,782,55.99,AMMK,Theayagaraya Nagar,Chennai,Chennai Metro,GEN
24,JOHNSON R,BSP,269,55.99,BSP,Theayagaraya Nagar,Chennai,Chennai Metro,GEN
24,PALAYAN R,IND,124,55.99,IND,Theayagaraya Nagar,Chennai,Chennai Metro,GEN
24,DHANUSH M,United States of India Party,109,55.99,United States of India Party,Theayagaraya Nagar,Chennai,Chennai Metro,GEN
24,RAJASEKARAN D,IND,92,55.99,IND,Theayagaraya Nagar,Chennai,Chennai Metro,GEN
24,VETRI SELVI,Anaithu Makkal Arasiyal Katchi,88,55.99,Anaithu Makkal Arasiyal Katchi,Theayagaraya Nagar,Chennai,Chennai Metro,GEN
24,KANNAN S,IND,88,55.99,IND,Theayagaraya Nagar,Chennai,Chennai Metro,GEN
24,DHANASEKARAN R,Desiya Makkal Sakthi Katchi,74,55.99,Desiya Makkal Sakthi Katchi,Theayagaraya Nagar,Chennai,Chennai Metro,GEN
24,ELLAPPAN A.K.D,Mahathma Makkal Munnetra Kazhakam,52,55.99,Mahathma Makkal Munnetra Kazhakam,Theayagaraya Nagar,Chennai,Chennai Metro,GEN
24,THIRUNAVUKKARASU V,Makkalatchi Katchi,35,55.99,Makkalatchi Katchi,Theayagaraya Nagar,Chennai,Chennai Metro,GEN
25,VELU.DHA,DMK,68392,56.6,DMK,Mylapore,Chennai,Chennai Metro,GEN
25,NATARAJ.R,AIADMK,55759,56.6,AIADMK,Mylapore,Chennai,Chennai Metro,GEN
25,SRIPRIYA,MNM,14904,56.6,MNM,Mylapore,Chennai,Chennai Metro,GEN
25,MAHALAKSHMI.K,NTK,10124,56.6,NTK,Mylapore,Chennai,Chennai Metro,GEN
25,None Of The Above,NOTA,1287,56.6,NOTA,Mylapore,Chennai,Chennai Metro,GEN
25,KARTHICK.D,AMMK,1118,56.6,AMMK,Mylapore,Chennai,Chennai Metro,GEN
25,BALAJI,BSP,413,56.6,BSP,Mylapore,Chennai,Chennai Metro,GEN
25,RADHA M (TRANSGENDER),IND,203,56.6,IND,Mylapore,Chennai,Chennai Metro,GEN
25,NALLAPPAN.G,IND,181,56.6,IND,Mylapore,Chennai,Chennai Metro,GEN
25,NATARAJAN P,IND,129,56.6,IND,Mylapore,Chennai,Chennai Metro,GEN
25,PASUPATHI PRAGALATHAN,IND,117,56.6,IND,Mylapore,Chennai,Chennai Metro,GEN
25,MOHANRAJ.J,Jebamani Janata,113,56.6,Jebamani Janata,Mylapore,Chennai,Chennai Metro,GEN
25,SELVAKUMAR,IND,112,56.6,IND,Mylapore,Chennai,Chennai Metro,GEN
25,RANGARAJAN.R,IND,93,56.6,IND,Mylapore,Chennai,Chennai Metro,GEN
25,NANDAGOPAL.G,IND,87,56.6,IND,Mylapore,Chennai,Chennai Metro,GEN
25,SENTHIL KUMAR.D,Anaithu Makkal Arasiyal Katchi,82,56.6,Anaithu Makkal Arasiyal Katchi,Mylapore,Chennai,Chennai Metro,GEN
25,ARUNRAJ BALAN,IND,76,56.6,IND,Mylapore,Chennai,Chennai Metro,GEN
25,VARATHARAJAN.V.S,IND,50,56.6,IND,Mylapore,Chennai,Chennai Metro,GEN
25,KAJENDRAN.M,IND,38,56.6,IND,Mylapore,Chennai,Chennai Metro,GEN
25,V. VIJAYA KRISHNA,IND,38,56.6,IND,Mylapore,Chennai,Chennai Metro,GEN
25,SHANMUGARAJAN B,IND,35,56.6,IND,Mylapore,Chennai,Chennai Metro,GEN
25,MALAR KANNAN.R,IND,29,56.6,IND,Mylapore,Chennai,Chennai Metro,GEN
25,KUPPUSWAMY.T.M,IND,26,56.6,IND,Mylapore,Chennai,Chennai Metro,GEN
25,VENKATESH,IND,24,56.6,IND,Mylapore,Chennai,Chennai Metro,GEN
26,JMH.AASSAN MAULAANA,INC,68493,56.18,INC,Velachery,Chennai,Chennai Metro,GEN
26,M.K.ASHOK,AIADMK,64141,56.18,AIADMK,Velachery,Chennai,Chennai Metro,GEN
26,Dr. SANTHOSH BABU IAS (Retd),MNM,23072,56.18,MNM,Velachery,Chennai,Chennai Metro,GEN
26,M.KEERTHANA,NTK,14171,56.18,NTK,Velachery,Chennai,Chennai Metro,GEN
26,M.CHANDRABOSE,AMMK,1977,56.18,AMMK,Velachery,Chennai,Chennai Metro,GEN
26,None Of The Above,NOTA,1742,56.18,NOTA,Velachery,Chennai,Chennai Metro,GEN
26,V.L.REVATHI JAYAKUMARI,Tamil Nadu Ilangyar Katchi,750,56.18,Tamil Nadu Ilangyar Katchi,Velachery,Chennai,Chennai Metro,GEN
26,C.VELU,BSP,477,56.18,BSP,Velachery,Chennai,Chennai Metro,GEN
26,V.SIVARAMAN,IND,282,56.18,IND,Velachery,Chennai,Chennai Metro,GEN
26,GEETHA,New Generation People’s Party,278,56.18,New Generation People’s Party,Velachery,Chennai,Chennai Metro,GEN
26,A.TAMIL AZHAGAN,IND,229,56.18,IND,Velachery,Chennai,Chennai Metro,GEN
26,V.HARIHARAN,IND,170,56.18,IND,Velachery,Chennai,Chennai Metro,GEN
26,N.MAHALAKSHMI,IND,143,56.18,IND,Velachery,Chennai,Chennai Metro,GEN
26,S.JOTHI KANNAN,IND,117,56.18,IND,Velachery,Chennai,Chennai Metro,GEN
26,MURALI BALAJI,IND,116,56.18,IND,Velachery,Chennai,Chennai Metro,GEN
26,S.GOKUL,IND,89,56.18,IND,Velachery,Chennai,Chennai Metro,GEN
26,R.KANCHANA,Tamizhaga Murpokku Makkal Katchi,87,56.18,Tamizhaga Murpokku Makkal Katchi,Velachery,Chennai,Chennai Metro,GEN
26,A.CHANDRAN,MGR Makkal Katchi,85,56.18,MGR Makkal Katchi,Velachery,Chennai,Chennai Metro,GEN
26,J.VICTOR PAUL,RPI(A),69,56.18,RPI(A),Velachery,Chennai,Chennai Metro,GEN
26,D.VENKATESHAN,Anaithu Makkal Arasiyal Katchi,63,56.18,Anaithu Makkal Arasiyal Katchi,Velachery,Chennai,Chennai Metro,GEN
26,K.KANNAN,IND,57,56.18,IND,Velachery,Chennai,Chennai Metro,GEN
26,G.YESUDASAN,IND,48,56.18,IND,Velachery,Chennai,Chennai Metro,GEN
26,M.VIGNESH,IND,34,56.18,IND,Velachery,Chennai,Chennai Metro,GEN
26,A.VETRISELVAN,IND,24,56.18,IND,Velachery,Chennai,Chennai Metro,GEN
27,S.ARAVINDRAMESH,DMK,171558,55.51,DMK,Shozhinganallur,Kanchipuram,Chennai Metro,GEN
27,K.P.KANDAN,AIADMK,136153,55.51,AIADMK,Shozhinganallur,Kanchipuram,Chennai Metro,GEN
27,S.MICHAEL,NTK,38872,55.51,NTK,Shozhinganallur,Kanchipuram,Chennai Metro,GEN
27,RAJIV KUMAR,MNM,30284,55.51,MNM,Shozhinganallur,Kanchipuram,Chennai Metro,GEN
27,R.MURUGAN,DMDK,3912,55.51,DMDK,Shozhinganallur,Kanchipuram,Chennai Metro,GEN
27,None Of The Above,NOTA,3030,55.51,NOTA,Shozhinganallur,Kanchipuram,Chennai Metro,GEN
27,K.SURJITHKUMAR,IND,676,55.51,IND,Shozhinganallur,Kanchipuram,Chennai Metro,GEN
27,G.PRAKASH ROBERT,BSP,554,55.51,BSP,Shozhinganallur,Kanchipuram,Chennai Metro,GEN
27,S.SENTHIL,IND,477,55.51,IND,Shozhinganallur,Kanchipuram,Chennai Metro,GEN
27,H.ARAVINDHKUMAR,IND,452,55.51,IND,Shozhinganallur,Kanchipuram,Chennai Metro,GEN
27,M.RAJESWARIPRIYA,Anaithu Makkal Arasiyal Katchi,427,55.51,Anaithu Makkal Arasiyal Katchi,Shozhinganallur,Kanchipuram,Chennai Metro,GEN
27,K.SENTHILKUMAR,IND,310,55.51,IND,Shozhinganallur,Kanchipuram,Chennai Metro,GEN
27,R.SELVAVIGNESH,IND,176,55.51,IND,Shozhinganallur,Kanchipuram,Chennai Metro,GEN
27,A.I.AHAMED SHAH,IND,172,55.51,IND,Shozhinganallur,Kanchipuram,Chennai Metro,GEN
27,T.ELUMALAI,Anna MGR Dravida Munnetra Kazhagam,160,55.51,Anna MGR Dravida Munnetra Kazhagam,Shozhinganallur,Kanchipuram,Chennai Metro,GEN
27,D.SRINIVASAN,IND,149,55.51,IND,Shozhinganallur,Kanchipuram,Chennai Metro,GEN
27,Dr. V.KANDAN,IND,147,55.51,IND,Shozhinganallur,Kanchipuram,Chennai Metro,GEN
27,G.VELAVAN,IND,134,55.51,IND,Shozhinganallur,Kanchipuram,Chennai Metro,GEN
27,E.RAJESH,IND,127,55.51,IND,Shozhinganallur,Kanchipuram,Chennai Metro,GEN
27,D.VENUGOPAL,IND,117,55.51,IND,Shozhinganallur,Kanchipuram,Chennai Metro,GEN
27,D.KALANITHI,IND,96,55.51,IND,Shozhinganallur,Kanchipuram,Chennai Metro,GEN
27,R.RAVICHANDRAN,IND,95,55.51,IND,Shozhinganallur,Kanchipuram,Chennai Metro,GEN
27,P.ARULRAJ,IND,72,55.51,IND,Shozhinganallur,Kanchipuram,Chennai Metro,GEN
27,K.NARASIMMAN,IND,58,55.51,IND,Shozhinganallur,Kanchipuram,Chennai Metro,GEN
27,A.DHANASEKAR,IND,57,55.51,IND,Shozhinganallur,Kanchipuram,Chennai Metro,GEN
27,S.PRITHIVIRAJ,IND,45,55.51,IND,Shozhinganallur,Kanchipuram,Chennai Metro,GEN
27,A.MOHAMMED GANI,IND,45,55.51,IND,Shozhinganallur,Kanchipuram,Chennai Metro,GEN
28,T.M.Anbarasan,DMK,116785,60.82,DMK,Alandur,Kanchipuram,Chennai Metro,GEN
28,B.Valarmathi,AIADMK,76214,60.82,AIADMK,Alandur,Kanchipuram,Chennai Metro,GEN
28,Sarathbabu,MNM,21117,60.82,MNM,Alandur,Kanchipuram,Chennai Metro,GEN
28,Dr.R.Karthikeyan,NTK,16506,60.82,NTK,Alandur,Kanchipuram,Chennai Metro,GEN
28,None Of The Above,NOTA,1888,60.82,NOTA,Alandur,Kanchipuram,Chennai Metro,GEN
28,M Mohammed Thameem Ansari,SDPI,1761,60.82,SDPI,Alandur,Kanchipuram,Chennai Metro,GEN
28,G Kamalakannan,Tamil Nadu Ilangyar Katchi,1105,60.82,Tamil Nadu Ilangyar Katchi,Alandur,Kanchipuram,Chennai Metro,GEN
28,N.Raja,Desiya Makkal Sakthi Katchi,265,60.82,Desiya Makkal Sakthi Katchi,Alandur,Kanchipuram,Chennai Metro,GEN
28,A.Abrahamlincon,IND,260,60.82,IND,Alandur,Kanchipuram,Chennai Metro,GEN
28,M.Valarmathi,IND,239,60.82,IND,Alandur,Kanchipuram,Chennai Metro,GEN
28,Ali Mohamed,IND,220,60.82,IND,Alandur,Kanchipuram,Chennai Metro,GEN
28,E.Anbarasu,IND,202,60.82,IND,Alandur,Kanchipuram,Chennai Metro,GEN
28,Subashree,Anaithu Makkal Arasiyal Katchi,187,60.82,Anaithu Makkal Arasiyal Katchi,Alandur,Kanchipuram,Chennai Metro,GEN
28,S.Sridhar,IND,156,60.82,IND,Alandur,Kanchipuram,Chennai Metro,GEN
28,P.Sathiyaraj,IND,140,60.82,IND,Alandur,Kanchipuram,Chennai Metro,GEN
28,M Anbarasu,IND,108,60.82,IND,Alandur,Kanchipuram,Chennai Metro,GEN
28,Nithyanandham S,IND,107,60.82,IND,Alandur,Kanchipuram,Chennai Metro,GEN
28,S.Anbarasu,IND,84,60.82,IND,Alandur,Kanchipuram,Chennai Metro,GEN
28,M.Ashok Kumar,IND,74,60.82,IND,Alandur,Kanchipuram,Chennai Metro,GEN
28,Dr.R.Suresh,Bhartiya Manavadhikaar Federal Party,63,60.82,Bhartiya Manavadhikaar Federal Party,Alandur,Kanchipuram,Chennai Metro,GEN
28,Rajesh Chinnadurai,National Democratic Party of South India,60,60.82,National Democratic Party of South India,Alandur,Kanchipuram,Chennai Metro,GEN
28,S.V.Saravanan,IND,56,60.82,IND,Alandur,Kanchipuram,Chennai Metro,GEN
28,J.Vincent,RPI(A),46,60.82,RPI(A),Alandur,Kanchipuram,Chennai Metro,GEN
28,K Saravanan,IND,40,60.82,IND,Alandur,Kanchipuram,Chennai Metro,GEN
28,C Saravanan,IND,40,60.82,IND,Alandur,Kanchipuram,Chennai Metro,GEN
28,B Raji,IND,28,60.82,IND,Alandur,Kanchipuram,Chennai Metro,GEN
29,SELVAPERUNTHAGAI,INC,115353,73.94,INC,Sriperumbudur,Kanchipuram,Chennai Metro,SC
29,PALANI,AIADMK,104474,73.94,AIADMK,Sriperumbudur,Kanchipuram,Chennai Metro,SC
29,PUSHPARAJ,NTK,22034,73.94,NTK,Sriperumbudur,Kanchipuram,Chennai Metro,SC
29,THANIGAIVEL,MNM,8870,73.94,MNM,Sriperumbudur,Kanchipuram,Chennai Metro,SC
29,VAIRAMUTHU,IND,6340,73.94,IND,Sriperumbudur,Kanchipuram,Chennai Metro,SC
29,PERUMAL,AMMK,3144,73.94,AMMK,Sriperumbudur,Kanchipuram,Chennai Metro,SC
29,None Of The Above,NOTA,2139,73.94,NOTA,Sriperumbudur,Kanchipuram,Chennai Metro,SC
29,VINOTH,BSP,803,73.94,BSP,Sriperumbudur,Kanchipuram,Chennai Metro,SC
29,SAROJA,IND,282,73.94,IND,Sriperumbudur,Kanchipuram,Chennai Metro,SC
29,LEENA,IND,138,73.94,IND,Sriperumbudur,Kanchipuram,Chennai Metro,SC
29,VEDHAGIRI,IND,135,73.94,IND,Sriperumbudur,Kanchipuram,Chennai Metro,SC
29,DEVARAJAN,IND,129,73.94,IND,Sriperumbudur,Kanchipuram,Chennai Metro,SC
29,VASANTHI,IND,124,73.94,IND,Sriperumbudur,Kanchipuram,Chennai Metro,SC
29,LOKESH,Desiya Makkal Sakthi Katchi,123,73.94,Desiya Makkal Sakthi Katchi,Sriperumbudur,Kanchipuram,Chennai Metro,SC
29,SUDHAKAR,IND,100,73.94,IND,Sriperumbudur,Kanchipuram,Chennai Metro,SC
29,PARTHIBAN,IND,74,73.94,IND,Sriperumbudur,Kanchipuram,Chennai Metro,SC
30,KARUNANITHI,DMK,126427,60.86,DMK,Pallavaram,Kanchipuram,Chennai Metro,GEN
30,RAJENDRAN,AIADMK,88646,60.86,AIADMK,Pallavaram,Kanchipuram,Chennai Metro,GEN
30,MINISHREE KANAGARAJ,NTK,21362,60.86,NTK,Pallavaram,Kanchipuram,Chennai Metro,GEN
30,SENTHIL KUMAR,MNM,20612,60.86,MNM,Pallavaram,Kanchipuram,Chennai Metro,GEN
30,MURUGESAN,DMDK,3718,60.86,DMDK,Pallavaram,Kanchipuram,Chennai Metro,GEN
30,None Of The Above,NOTA,1945,60.86,NOTA,Pallavaram,Kanchipuram,Chennai Metro,GEN
30,SERMA SELVARAJ,Desiya Makkal Sakthi Katchi,525,60.86,Desiya Makkal Sakthi Katchi,Pallavaram,Kanchipuram,Chennai Metro,GEN
30,KARTHICK,BSP,519,60.86,BSP,Pallavaram,Kanchipuram,Chennai Metro,GEN
30,GOKULKRISHNAN,Tamil Nadu Ilangyar Katchi,432,60.86,Tamil Nadu Ilangyar Katchi,Pallavaram,Kanchipuram,Chennai Metro,GEN
30,KUMARA DOSS,IND,274,60.86,IND,Pallavaram,Kanchipuram,Chennai Metro,GEN
30,SADAM HUSSAIN,IND,267,60.86,IND,Pallavaram,Kanchipuram,Chennai Metro,GEN
30,SATHYASEELAN,LJP,234,60.86,LJP,Pallavaram,Kanchipuram,Chennai Metro,GEN
30,AJITHKUMAR,Puthiya Tamilagam,202,60.86,Puthiya Tamilagam,Pallavaram,Kanchipuram,Chennai Metro,GEN
30,VEERALAKSHMI,My India Party,171,60.86,My India Party,Pallavaram,Kanchipuram,Chennai Metro,GEN
30,BALAJI,IND,167,60.86,IND,Pallavaram,Kanchipuram,Chennai Metro,GEN
30,KANAGARAJ,IND,133,60.86,IND,Pallavaram,Kanchipuram,Chennai Metro,GEN
30,MICHAEL,IND,124,60.86,IND,Pallavaram,Kanchipuram,Chennai Metro,GEN
30,RAMACHANDRAN.R,IND,96,60.86,IND,Pallavaram,Kanchipuram,Chennai Metro,GEN
30,PERUMAL,IND,86,60.86,IND,Pallavaram,Kanchipuram,Chennai Metro,GEN
30,SASIKUMAR LAKSHMIPATHY,National Democratic Party of South India,85,60.86,National Democratic Party of South India,Pallavaram,Kanchipuram,Chennai Metro,GEN
30,SRIDHARAN,Dravida Murpokku Makkal Katchi,69,60.86,Dravida Murpokku Makkal Katchi,Pallavaram,Kanchipuram,Chennai Metro,GEN
30,KUMAR,Anna MGR Dravida Makkal Kalgam,59,60.86,Anna MGR Dravida Makkal Kalgam,Pallavaram,Kanchipuram,Chennai Metro,GEN
30,BHASKARAN,IND,41,60.86,IND,Pallavaram,Kanchipuram,Chennai Metro,GEN
31,Raja.S.R,DMK,116840,59.55,DMK,Tambaram,Kanchipuram,Chennai Metro,GEN
31,Chinnaiyah.T.K.M,AIADMK,80016,59.55,AIADMK,Tambaram,Kanchipuram,Chennai Metro,GEN
31,Elango.Siva,MNM,22530,59.55,MNM,Tambaram,Kanchipuram,Chennai Metro,GEN
31,Sureshkumar.T,NTK,19494,59.55,NTK,Tambaram,Kanchipuram,Chennai Metro,GEN
31,Karikalan.M,AMMK,4207,59.55,AMMK,Tambaram,Kanchipuram,Chennai Metro,GEN
31,None Of The Above,NOTA,2284,59.55,NOTA,Tambaram,Kanchipuram,Chennai Metro,GEN
31,Abdulnazar P A,Tamil Nadu Ilangyar Katchi,1351,59.55,Tamil Nadu Ilangyar Katchi,Tambaram,Kanchipuram,Chennai Metro,GEN
31,Harikrishnan.R,BSP,317,59.55,BSP,Tambaram,Kanchipuram,Chennai Metro,GEN
31,Laksmanan N.,IND,264,59.55,IND,Tambaram,Kanchipuram,Chennai Metro,GEN
31,Sigamani S,IND,247,59.55,IND,Tambaram,Kanchipuram,Chennai Metro,GEN
31,KRISHNA T V N H S R.,IND,215,59.55,IND,Tambaram,Kanchipuram,Chennai Metro,GEN
31,KAMATCHI U.,Anaithu Makkal Arasiyal Katchi,199,59.55,Anaithu Makkal Arasiyal Katchi,Tambaram,Kanchipuram,Chennai Metro,GEN
31,Sivaraman.S,IND,169,59.55,IND,Tambaram,Kanchipuram,Chennai Metro,GEN
31,Rathinakumar R.,IND,151,59.55,IND,Tambaram,Kanchipuram,Chennai Metro,GEN
31,Anand Prabhu B.,IND,122,59.55,IND,Tambaram,Kanchipuram,Chennai Metro,GEN
31,Kannairam.B,IND,117,59.55,IND,Tambaram,Kanchipuram,Chennai Metro,GEN
31,Manojkumar A.,SHS,88,59.55,SHS,Tambaram,Kanchipuram,Chennai Metro,GEN
31,Venkatesan.C,Veerath Thiyagi Viswanathadoss Thozhilalarkal Katchi,73,59.55,Veerath Thiyagi Viswanathadoss Thozhilalarkal Katchi,Tambaram,Kanchipuram,Chennai Metro,GEN
31,Venkatesan Balaji B.,IND,71,59.55,IND,Tambaram,Kanchipuram,Chennai Metro,GEN
31,Justin Charles.P,RPI(A),64,59.55,RPI(A),Tambaram,Kanchipuram,Chennai Metro,GEN
31,Ramu A,National Democratic Party of South India,56,59.55,National Democratic Party of South India,Tambaram,Kanchipuram,Chennai Metro,GEN
31,Thangaraj V.,IND,47,59.55,IND,Tambaram,Kanchipuram,Chennai Metro,GEN
31,Balakrishnan G.,IND,46,59.55,IND,Tambaram,Kanchipuram,Chennai Metro,GEN
32,VARALAKSHMI.M,DMK,130573,63.54,DMK,Chengalpattu,Kanchipuram,Chennai Metro,GEN
32,GAJENDRAN.M,AIADMK,103908,63.54,AIADMK,Chengalpattu,Kanchipuram,Chennai Metro,GEN
32,SANJEEVINATHAN.K,NTK,26868,63.54,NTK,Chengalpattu,Kanchipuram,Chennai Metro,GEN
32,MUTHAMILSELVAN.S,IJK,4146,63.54,IJK,Chengalpattu,Kanchipuram,Chennai Metro,GEN
32,None Of The Above,NOTA,3075,63.54,NOTA,Chengalpattu,Kanchipuram,Chennai Metro,GEN
32,SATHISHKUMAR.A,AMMK,3069,63.54,AMMK,Chengalpattu,Kanchipuram,Chennai Metro,GEN
32,ERANIAPPAN.S,CPI(ML)(L),684,63.54,CPI(ML)(L),Chengalpattu,Kanchipuram,Chennai Metro,GEN
32,DILLIBABU.S,Tipu Sultan Party,404,63.54,Tipu Sultan Party,Chengalpattu,Kanchipuram,Chennai Metro,GEN
32,VEERADOSS.E,IND,344,63.54,IND,Chengalpattu,Kanchipuram,Chennai Metro,GEN
32,SEETHALAKSHMI.I,IND,317,63.54,IND,Chengalpattu,Kanchipuram,Chennai Metro,GEN
32,RAJAGOPAL.G,IND,233,63.54,IND,Chengalpattu,Kanchipuram,Chennai Metro,GEN
32,SARAVANAN.D,All India Jananayaka Makkal Kazhagam,195,63.54,All India Jananayaka Makkal Kazhagam,Chengalpattu,Kanchipuram,Chennai Metro,GEN
32,VASUMATHI.G,Anaithu Makkal Arasiyal Katchi,142,63.54,Anaithu Makkal Arasiyal Katchi,Chengalpattu,Kanchipuram,Chennai Metro,GEN
32,GOPALAKRISHNAN.N,IND,129,63.54,IND,Chengalpattu,Kanchipuram,Chennai Metro,GEN
33,S.S.Balaji,VCK,93954,76.36,VCK,Thiruporur,Kanchipuram,North,GEN
33,Arumugam.K,PMK,92007,76.36,PMK,Thiruporur,Kanchipuram,North,GEN
33,Mohana Sundari.S,NTK,20428,76.36,NTK,Thiruporur,Kanchipuram,North,GEN
33,Lavanya.N,MNM,8194,76.36,MNM,Thiruporur,Kanchipuram,North,GEN
33,Kothandapani.M,AMMK,7662,76.36,AMMK,Thiruporur,Kanchipuram,North,GEN
33,None Of The Above,NOTA,1982,76.36,NOTA,Thiruporur,Kanchipuram,North,GEN
33,V.K.Pakkiri Ambadkar,BSP,1135,76.36,BSP,Thiruporur,Kanchipuram,North,GEN
33,A.Joshva,IND,367,76.36,IND,Thiruporur,Kanchipuram,North,GEN
33,S.Nataraj,IND,271,76.36,IND,Thiruporur,Kanchipuram,North,GEN
33,U.Akbar Bhasha,IND,268,76.36,IND,Thiruporur,Kanchipuram,North,GEN
33,D.Ravi,IND,268,76.36,IND,Thiruporur,Kanchipuram,North,GEN
33,M.Duraisamy,IND,193,76.36,IND,Thiruporur,Kanchipuram,North,GEN
34,Babu M,VCK,82750,77.88,VCK,Cheyyur,Kanchipuram,North,SC
34,Kanitha S,AIADMK,78708,77.88,AIADMK,Cheyyur,Kanchipuram,North,SC
34,Rajesh R,NTK,9653,77.88,NTK,Cheyyur,Kanchipuram,North,SC
34,Siva A,DMDK,3054,77.88,DMDK,Cheyyur,Kanchipuram,North,SC
34,Anbu Tamilsekaran P,MNM,1968,77.88,MNM,Cheyyur,Kanchipuram,North,SC
34,None Of The Above,NOTA,1141,77.88,NOTA,Cheyyur,Kanchipuram,North,SC
34,Ilayaraja S,BSP,964,77.88,BSP,Cheyyur,Kanchipuram,North,SC
34,Vinoth M,IND,403,77.88,IND,Cheyyur,Kanchipuram,North,SC
34,Babu E,IND,263,77.88,IND,Cheyyur,Kanchipuram,North,SC
34,Amarnath B,IND,216,77.88,IND,Cheyyur,Kanchipuram,North,SC
35,Maragatham. K,AIADMK,86646,80.65,AIADMK,Maduranthakam,Kanchipuram,North,SC
35,Sathya. C.E,DMK,83076,80.65,DMK,Maduranthakam,Kanchipuram,North,SC
35,Sumitha. P,NTK,9293,80.65,NTK,Maduranthakam,Kanchipuram,North,SC
35,Moorthi . N,DMDK,2137,80.65,DMDK,Maduranthakam,Kanchipuram,North,SC
35,Dinesh. K,MNM,1488,80.65,MNM,Maduranthakam,Kanchipuram,North,SC
35,None Of The Above,NOTA,1371,80.65,NOTA,Maduranthakam,Kanchipuram,North,SC
35,Tamizhselvan. S,IND,639,80.65,IND,Maduranthakam,Kanchipuram,North,SC
35,Madhanraj. M,BSP,587,80.65,BSP,Maduranthakam,Kanchipuram,North,SC
35,Kothandan. A,Desiya Sirupanmayinar Makkal Iyakkam,251,80.65,Desiya Sirupanmayinar Makkal Iyakkam,Maduranthakam,Kanchipuram,North,SC
35,Ranjitham. M,IND,233,80.65,IND,Maduranthakam,Kanchipuram,North,SC
35,Subash. S,Makkal Munnetra Peravai,121,80.65,Makkal Munnetra Peravai,Maduranthakam,Kanchipuram,North,SC
36,SUNDAR K,DMK,93427,80.1,DMK,Uthiramerur,Kanchipuram,North,GEN
36,SOMASUNDARAM V,AIADMK,91805,80.1,AIADMK,Uthiramerur,Kanchipuram,North,GEN
36,KAMACTHI.S,NTK,11405,80.1,NTK,Uthiramerur,Kanchipuram,North,GEN
36,RANJITHKUMAR.R.V,AMMK,7211,80.1,AMMK,Uthiramerur,Kanchipuram,North,GEN
36,SUSAIAPPAR.A,MNM,2100,80.1,MNM,Uthiramerur,Kanchipuram,North,GEN
36,None Of The Above,NOTA,952,80.1,NOTA,Uthiramerur,Kanchipuram,North,GEN
36,PONNAMBALAM.R,IND,753,80.1,IND,Uthiramerur,Kanchipuram,North,GEN
36,SURESH D,BSP,602,80.1,BSP,Uthiramerur,Kanchipuram,North,GEN
36,MADHAVARAJ.K.V,IND,448,80.1,IND,Uthiramerur,Kanchipuram,North,GEN
36,THANGARAJ.K,IND,333,80.1,IND,Uthiramerur,Kanchipuram,North,GEN
36,JAYABALAN.E,IND,306,80.1,IND,Uthiramerur,Kanchipuram,North,GEN
36,SARAVANAN.A,IND,304,80.1,IND,Uthiramerur,Kanchipuram,North,GEN
36,DEVARAJAN.C,IND,141,80.1,IND,Uthiramerur,Kanchipuram,North,GEN
36,SIVAKUMAR.A,Desiya Makkal Sakthi Katchi,136,80.1,Desiya Makkal Sakthi Katchi,Uthiramerur,Kanchipuram,North,GEN
36,AROKIASAMY.J,IND,104,80.1,IND,Uthiramerur,Kanchipuram,North,GEN
36,GUNASEKAR.V,IND,104,80.1,IND,Uthiramerur,Kanchipuram,North,GEN
36,CHINNASWAMY.T,IND,101,80.1,IND,Uthiramerur,Kanchipuram,North,GEN
36,JAISUDHA.V,RPI(A),85,80.1,RPI(A),Uthiramerur,Kanchipuram,North,GEN
36,JAYARAMAN.C.A,IND,82,80.1,IND,Uthiramerur,Kanchipuram,North,GEN
36,JEEVANANTHAM.D,IND,66,80.1,IND,Uthiramerur,Kanchipuram,North,GEN
36,SIVALINGAM.M,IND,64,80.1,IND,Uthiramerur,Kanchipuram,North,GEN
37,C.V.M.P. Ezhailzrasan,DMK,102712,73.28,DMK,Kancheepuram,Kanchipuram,North,GEN
37,P. Magesh Kumar,PMK,91117,73.28,PMK,Kancheepuram,Kanchipuram,North,GEN
37,S. SALDIN,NTK,13946,73.28,NTK,Kancheepuram,Kanchipuram,North,GEN
37,B. GOPINATH,MNM,12028,73.28,MNM,Kancheepuram,Kanchipuram,North,GEN
37,None Of The Above,NOTA,2539,73.28,NOTA,Kancheepuram,Kanchipuram,North,GEN
37,N. MANOGARAN,AMMK,2301,73.28,AMMK,Kancheepuram,Kanchipuram,North,GEN
37,L. ARULNATHAN,IND,2050,73.28,IND,Kancheepuram,Kanchipuram,North,GEN
37,K. Prabakaran,BSP,1193,73.28,BSP,Kancheepuram,Kanchipuram,North,GEN
37,D.GNANAMOORTHY,IND,415,73.28,IND,Kancheepuram,Kanchipuram,North,GEN
37,M. MEGANATHAN,New Generation People’s Party,248,73.28,New Generation People’s Party,Kancheepuram,Kanchipuram,North,GEN
37,J. JAYARAJ,IND,193,73.28,IND,Kancheepuram,Kanchipuram,North,GEN
37,S. SRINIVASAN,IND,162,73.28,IND,Kancheepuram,Kanchipuram,North,GEN
37,T. MAGESH,IND,157,73.28,IND,Kancheepuram,Kanchipuram,North,GEN
37,R. VINOTHRAJ,IND,133,73.28,IND,Kancheepuram,Kanchipuram,North,GEN
37,P. EZHILARASAN,IND,127,73.28,IND,Kancheepuram,Kanchipuram,North,GEN
37,M.ELANGOVAN,IND,111,73.28,IND,Kancheepuram,Kanchipuram,North,GEN
38,S.RAVI,AIADMK,85399,74.89,AIADMK,Arakonam,Vellore,North,SC
38,GOWTHAMA SANNAH.J,VCK,58230,74.89,VCK,Arakonam,Vellore,North,SC
38,E.ABIRAMI,NTK,14631,74.89,NTK,Arakonam,Vellore,North,SC
38,K.C.MANIVANNAN,AMMK,4777,74.89,AMMK,Arakonam,Vellore,North,SC
38,S.BASKARAN,MNM,3543,74.89,MNM,Arakonam,Vellore,North,SC
38,P.SUDHAKAR,BSP,1825,74.89,BSP,Arakonam,Vellore,North,SC
38,None Of The Above,NOTA,1656,74.89,NOTA,Arakonam,Vellore,North,SC
38,P.RAVI,IND,432,74.89,IND,Arakonam,Vellore,North,SC
38,C.M.GOWTHAMAN,IND,285,74.89,IND,Arakonam,Vellore,North,SC
38,M.MADHANRAJ,IND,184,74.89,IND,Arakonam,Vellore,North,SC
38,C.MOHAN,IND,128,74.89,IND,Arakonam,Vellore,North,SC
38,M.MANIKANDAN,IND,113,74.89,IND,Arakonam,Vellore,North,SC
38,A.GAUTHAMAN,IND,112,74.89,IND,Arakonam,Vellore,North,SC
38,V.RAVI,IND,97,74.89,IND,Arakonam,Vellore,North,SC
39,A.M.MUNIRATHINAM,INC,110228,80.09,INC,Sholinghur,Vellore,North,GEN
39,A.M.KRISHNAN,PMK,83530,80.09,PMK,Sholinghur,Vellore,North,GEN
39,N.G.PARTHIBAN,AMMK,12979,80.09,AMMK,Sholinghur,Vellore,North,GEN
39,Y.R.PAVENDHAN,NTK,9656,80.09,NTK,Sholinghur,Vellore,North,GEN
39,R.JAWAHAR,MNM,1664,80.09,MNM,Sholinghur,Vellore,North,GEN
39,None Of The Above,NOTA,1239,80.09,NOTA,Sholinghur,Vellore,North,GEN
39,T.RAJENDRAN,IND,1015,80.09,IND,Sholinghur,Vellore,North,GEN
39,M.GIRIDHARAN,BSP,614,80.09,BSP,Sholinghur,Vellore,North,GEN
39,M.MUNIRATHINAM,IND,587,80.09,IND,Sholinghur,Vellore,North,GEN
39,J.BALAJI,IND,467,80.09,IND,Sholinghur,Vellore,North,GEN
39,A.PALANI,IND,466,80.09,IND,Sholinghur,Vellore,North,GEN
39,K.MANI,IND,372,80.09,IND,Sholinghur,Vellore,North,GEN
39,N.MANI,IND,326,80.09,IND,Sholinghur,Vellore,North,GEN
39,G.VIJAYAKUMAR,Desiya Sirupanmayinar Makkal Iyakkam,222,80.09,Desiya Sirupanmayinar Makkal Iyakkam,Sholinghur,Vellore,North,GEN
39,P.PARTHIBAN,IND,205,80.09,IND,Sholinghur,Vellore,North,GEN
39,C.MUNIRATHINAM,IND,174,80.09,IND,Sholinghur,Vellore,North,GEN
39,R.VINOTH,Veerath Thiyagi Viswanathadoss Thozhilalarkal Katchi,132,80.09,Veerath Thiyagi Viswanathadoss Thozhilalarkal Katchi,Sholinghur,Vellore,North,GEN
39,K.SEKAR,IND,121,80.09,IND,Sholinghur,Vellore,North,GEN
39,R.ELUMALAI,IND,112,80.09,IND,Sholinghur,Vellore,North,GEN
40,DURAIMURUGAN,DMK,85140,74.0,DMK,Katpadi,Vellore,North,GEN
40,V RAMU,AIADMK,84394,74.0,AIADMK,Katpadi,Vellore,North,GEN
40,S THIRUKKUMARAN,NTK,10449,74.0,NTK,Katpadi,Vellore,North,GEN
40,None Of The Above,NOTA,1889,74.0,NOTA,Katpadi,Vellore,North,GEN
40,A S RAJA,AMMK,1066,74.0,AMMK,Katpadi,Vellore,North,GEN
40,M SUDHARSAN,IJK,1003,74.0,IJK,Katpadi,Vellore,North,GEN
40,V VINAYAGAM,IND,551,74.0,IND,Katpadi,Vellore,North,GEN
40,K RAJA,BSP,374,74.0,BSP,Katpadi,Vellore,North,GEN
40,D RAMU,IND,332,74.0,IND,Katpadi,Vellore,North,GEN
40,R BASKARAN,IND,224,74.0,IND,Katpadi,Vellore,North,GEN
40,J ANANDHI,IND,193,74.0,IND,Katpadi,Vellore,North,GEN
40,P DHANANJAYAN,IND,166,74.0,IND,Katpadi,Vellore,North,GEN
40,ARUMUGAM K P,RPI(A),144,74.0,RPI(A),Katpadi,Vellore,North,GEN
40,RAMAN,IND,144,74.0,IND,Katpadi,Vellore,North,GEN
40,K RAMU,IND,99,74.0,IND,Katpadi,Vellore,North,GEN
40,R S SRIDHAR,Anna MGR Dravida Makkal Kalgam,78,74.0,Anna MGR Dravida Makkal Kalgam,Katpadi,Vellore,North,GEN
41,R.GANDHI,DMK,103291,77.24,DMK,Ranipet,Vellore,North,GEN
41,S.M.SUGUMAR,AIADMK,86793,77.24,AIADMK,Ranipet,Vellore,North,GEN
41,V.SHYLAJA,NTK,10234,77.24,NTK,Ranipet,Vellore,North,GEN
41,M.ATHAM BASHA,MNM,2762,77.24,MNM,Ranipet,Vellore,North,GEN
41,None Of The Above,NOTA,1632,77.24,NOTA,Ranipet,Vellore,North,GEN
41,A.YUVARAJ,BSP,669,77.24,BSP,Ranipet,Vellore,North,GEN
41,G.VEERAMANI,AMMK,637,77.24,AMMK,Ranipet,Vellore,North,GEN
41,S.JAYAKUMAR,IND,425,77.24,IND,Ranipet,Vellore,North,GEN
41,Dr.K.SATHIYARAJ,Tamil Nadu Ilangyar Katchi,275,77.24,Tamil Nadu Ilangyar Katchi,Ranipet,Vellore,North,GEN
41,A.MANIKANDAN,IND,268,77.24,IND,Ranipet,Vellore,North,GEN
41,A.MANSUR BASHA,IND,194,77.24,IND,Ranipet,Vellore,North,GEN
41,S.YUVARAJ,IND,107,77.24,IND,Ranipet,Vellore,North,GEN
41,S.GANDHI,IND,64,77.24,IND,Ranipet,Vellore,North,GEN
41,N.SUGUMAR,IND,63,77.24,IND,Ranipet,Vellore,North,GEN
41,K.SAKTHIVEL NATHAN,IND,48,77.24,IND,Ranipet,Vellore,North,GEN
42,J.L.Eswarappan,DMK,103885,79.62,DMK,Arcot,Vellore,North,GEN
42,Elavazagan.K.L,PMK,83927,79.62,PMK,Arcot,Vellore,North,GEN
42,R.Kathiravan,NTK,12088,79.62,NTK,Arcot,Vellore,North,GEN
42,A.R.Mohamed Raffi,MNM,2860,79.62,MNM,Arcot,Vellore,North,GEN
42,None Of The Above,NOTA,2253,79.62,NOTA,Arcot,Vellore,North,GEN
42,N.Janarthanan,AMMK,2190,79.62,AMMK,Arcot,Vellore,North,GEN
42,A.C.Kesavan,BSP,782,79.62,BSP,Arcot,Vellore,North,GEN
42,K.Manigandan,IND,457,79.62,IND,Arcot,Vellore,North,GEN
42,H.Mohamed Ghouse,Tipu Sultan Party,397,79.62,Tipu Sultan Party,Arcot,Vellore,North,GEN
42,Vasanthakumar,IND,382,79.62,IND,Arcot,Vellore,North,GEN
42,T.D.Shanmugam,IND,231,79.62,IND,Arcot,Vellore,North,GEN
42,Munivel.S,National Democratic Party of South India,184,79.62,National Democratic Party of South India,Arcot,Vellore,North,GEN
42,P.Eswaran,IND,155,79.62,IND,Arcot,Vellore,North,GEN
43,Karthikeyan .P,DMK,84299,70.25,DMK,Vellore,Vellore,North,GEN
43,Appu S.R.K,AIADMK,75118,70.25,AIADMK,Vellore,Vellore,North,GEN
43,Poonkundran .N,NTK,8530,70.25,NTK,Vellore,Vellore,North,GEN
43,Vikram Chakravarthy .G,MNM,7243,70.25,MNM,Vellore,Vellore,North,GEN
43,None Of The Above,NOTA,1441,70.25,NOTA,Vellore,Vellore,North,GEN
43,Naresh Kumar .R,Tamil Nadu Ilangyar Katchi,928,70.25,Tamil Nadu Ilangyar Katchi,Vellore,Vellore,North,GEN
43,Dharmalingam .V.D,AMMK,865,70.25,AMMK,Vellore,Vellore,North,GEN
43,Vishnumohan .E,IND,367,70.25,IND,Vellore,Vellore,North,GEN
43,Vijayaraj .K,IND,224,70.25,IND,Vellore,Vellore,North,GEN
43,Senthilkumar .P,Veerath Thiyagi Viswanathadoss Thozhilalarkal Katchi,202,70.25,Veerath Thiyagi Viswanathadoss Thozhilalarkal Katchi,Vellore,Vellore,North,GEN
43,Syed Jalaluddin .M,Tipu Sultan Party,187,70.25,Tipu Sultan Party,Vellore,Vellore,North,GEN
43,Panneer Sevlan .N,IND,138,70.25,IND,Vellore,Vellore,North,GEN
43,Naseer K,IND,91,70.25,IND,Vellore,Vellore,North,GEN
43,Manogaran S,Kamarajar Deseeya Congress,67,70.25,Kamarajar Deseeya Congress,Vellore,Vellore,North,GEN
43,Srinivasan .N,IND,67,70.25,IND,Vellore,Vellore,North,GEN
43,Sathishkumar .S,IND,54,70.25,IND,Vellore,Vellore,North,GEN
43,Karthikeyan .R,IND,42,70.25,IND,Vellore,Vellore,North,GEN
43,Karthick .E,IND,36,70.25,IND,Vellore,Vellore,North,GEN
44,A.P.Nandakumar,DMK,95159,77.05,DMK,Anaikattu,Vellore,North,GEN
44,D.Velazhagan,AIADMK,88799,77.05,AIADMK,Anaikattu,Vellore,North,GEN
44,A.Sumithra,NTK,8125,77.05,NTK,Anaikattu,Vellore,North,GEN
44,None Of The Above,NOTA,1791,77.05,NOTA,Anaikattu,Vellore,North,GEN
44,M.Senthil Kumar,IND,1357,77.05,IND,Anaikattu,Vellore,North,GEN
44,V.D.Sathish Kumar,AMMK,1140,77.05,AMMK,Anaikattu,Vellore,North,GEN
44,P Venkatesan,IND,468,77.05,IND,Anaikattu,Vellore,North,GEN
44,K.Rajasekar,IJK,328,77.05,IJK,Anaikattu,Vellore,North,GEN
44,M RajBabu,IND,179,77.05,IND,Anaikattu,Vellore,North,GEN
44,T.Mathan Kumar,IND,150,77.05,IND,Anaikattu,Vellore,North,GEN
44,N.Kirubakaran,IND,109,77.05,IND,Anaikattu,Vellore,North,GEN
44,K.Naveenkumar,IND,94,77.05,IND,Anaikattu,Vellore,North,GEN
44,R Karunamoorthy,IND,62,77.05,IND,Anaikattu,Vellore,North,GEN
44,M.Arun,IND,44,77.05,IND,Anaikattu,Vellore,North,GEN
45,M.JAGAN MOORTHY,AIADMK,84579,76.5,AIADMK,Kilvaithinankuppam,Vellore,North,SC
45,K Seetharaman,DMK,73997,76.5,DMK,Kilvaithinankuppam,Vellore,North,SC
45,J.Divya Rani,NTK,10027,76.5,NTK,Kilvaithinankuppam,Vellore,North,SC
45,None Of The Above,NOTA,1798,76.5,NOTA,Kilvaithinankuppam,Vellore,North,SC
45,DHANASEELAN,DMDK,1432,76.5,DMDK,Kilvaithinankuppam,Vellore,North,SC
45,K ELAVARASAN,RPI(A),547,76.5,RPI(A),Kilvaithinankuppam,Vellore,North,SC
45,PUSHPALATHA D,BSP,519,76.5,BSP,Kilvaithinankuppam,Vellore,North,SC
45,K VENKATASAMY,IJK,519,76.5,IJK,Kilvaithinankuppam,Vellore,North,SC
45,S SELVA CHENGUTTUVAN,IND,331,76.5,IND,Kilvaithinankuppam,Vellore,North,SC
45,E.P.ELANCHEZHIYAN,IND,242,76.5,IND,Kilvaithinankuppam,Vellore,North,SC
45,K SATHU,National Democratic Party of South India,133,76.5,National Democratic Party of South India,Kilvaithinankuppam,Vellore,North,SC
46,Amulu.V,DMK,100412,72.56,DMK,Gudiyatham,Vellore,North,SC
46,Paritha.G,AIADMK,93511,72.56,AIADMK,Gudiyatham,Vellore,North,SC
46,Kalaiyenthiri.R,NTK,11834,72.56,NTK,Gudiyatham,Vellore,North,SC
46,Jayanthi Padmanaban.C,AMMK,1810,72.56,AMMK,Gudiyatham,Vellore,North,SC
46,None Of The Above,NOTA,1699,72.56,NOTA,Gudiyatham,Vellore,North,SC
46,Raja.S,BSP,505,72.56,BSP,Gudiyatham,Vellore,North,SC
46,Rajan.C,IJK,482,72.56,IJK,Gudiyatham,Vellore,North,SC
46,Jaikarthikeyan.K,IND,449,72.56,IND,Gudiyatham,Vellore,North,SC
46,Lakshmipathy.N,IND,257,72.56,IND,Gudiyatham,Vellore,North,SC
46,Elumalai.M,IND,168,72.56,IND,Gudiyatham,Vellore,North,SC
46,Gunaseelan.P,IND,137,72.56,IND,Gudiyatham,Vellore,North,SC
46,Selvavinayagam.D,All Pensioner’s Party,119,72.56,All Pensioner’s Party,Gudiyatham,Vellore,North,SC
46,Vennila.R,RPI(A),67,72.56,RPI(A),Gudiyatham,Vellore,North,SC
46,Radha,IND,66,72.56,IND,Gudiyatham,Vellore,North,SC
46,Priya.M,IND,62,72.56,IND,Gudiyatham,Vellore,North,SC
46,Manojkumar.G,IND,52,72.56,IND,Gudiyatham,Vellore,North,SC
47,G.SENDHIL KUMAR,AIADMK,88018,75.55,AIADMK,Vaniayambadi,Vellore,North,GEN
47,N.MOHAMMED NAYEEM,IUML,83114,75.55,IUML,Vaniayambadi,Vellore,North,GEN
47,A.J.DEVENDHIRAN,NTK,11226,75.55,NTK,Vaniayambadi,Vellore,North,GEN
47,T.S.VAKEEL AHMED,AIMIM,1897,75.55,AIMIM,Vaniayambadi,Vellore,North,GEN
47,M.GNANA DOSS,MNM,1868,75.55,MNM,Vaniayambadi,Vellore,North,GEN
47,None Of The Above,NOTA,1492,75.55,NOTA,Vaniayambadi,Vellore,North,GEN
47,D.Ramu,BSP,721,75.55,BSP,Vaniayambadi,Vellore,North,GEN
47,M.SURESH,IND,362,75.55,IND,Vaniayambadi,Vellore,North,GEN
47,B.JAGAN,Akhil Bharat Hindu Mahasabha,356,75.55,Akhil Bharat Hindu Mahasabha,Vaniayambadi,Vellore,North,GEN
47,P.ABDUL WAHID,IND,259,75.55,IND,Vaniayambadi,Vellore,North,GEN
47,DELHI RAJI.S,IND,186,75.55,IND,Vaniayambadi,Vellore,North,GEN
47,C.M.MOHAMMED HUSSAIN,IND,186,75.55,IND,Vaniayambadi,Vellore,North,GEN
47,R.Sekar,All India Youth Development Party,179,75.55,All India Youth Development Party,Vaniayambadi,Vellore,North,GEN
47,SYED MOHAMMED SALEEM,IND,133,75.55,IND,Vaniayambadi,Vellore,North,GEN
48,VILWANATHAN.A.C,DMK,90476,74.01,DMK,Ambur,Vellore,North,GEN
48,NAZAR MOHAMED.K,AIADMK,70244,74.01,AIADMK,Ambur,Vellore,North,GEN
48,MAHARUNNISHA,NTK,10150,74.01,NTK,Ambur,Vellore,North,GEN
48,UMAR FAROOK.ASA,SDPI,1793,74.01,SDPI,Ambur,Vellore,North,GEN
48,RAJA.S,MNM,1638,74.01,MNM,Ambur,Vellore,North,GEN
48,None Of The Above,NOTA,1417,74.01,NOTA,Ambur,Vellore,North,GEN
48,WAZEER AHMED.J,BSP,681,74.01,BSP,Ambur,Vellore,North,GEN
48,MANI.S.P,All Pensioner’s Party,363,74.01,All Pensioner’s Party,Ambur,Vellore,North,GEN
48,ASHOK KUMAR.C,Anaithu Makkal Puratchi Katchi,319,74.01,Anaithu Makkal Puratchi Katchi,Ambur,Vellore,North,GEN
48,RAJINIKANTH.P,IND,253,74.01,IND,Ambur,Vellore,North,GEN
48,MURUGAN.L,IND,201,74.01,IND,Ambur,Vellore,North,GEN
48,GEORGE.V.A.,IND,160,74.01,IND,Ambur,Vellore,North,GEN
48,PARTHIBAN.V,All India Youth Development Party,101,74.01,All India Youth Development Party,Ambur,Vellore,North,GEN
48,KAREEM BASHA.A,Rashtriya Ulama Council,82,74.01,Rashtriya Ulama Council,Ambur,Vellore,North,GEN
49,DEVARAJI.K.,DMK,89490,80.98,DMK,Jolarpet,Vellore,North,GEN
49,VEERAMANI.K.C.,AIADMK,88399,80.98,AIADMK,Jolarpet,Vellore,North,GEN
49,SIVA.A.,NTK,13328,80.98,NTK,Jolarpet,Vellore,North,GEN
49,None Of The Above,NOTA,1337,80.98,NOTA,Jolarpet,Vellore,North,GEN
49,KARUNANIDHI.R.,IND,1067,80.98,IND,Jolarpet,Vellore,North,GEN
49,KALASTHRI.S.,All India Uzhavargal Uzhaippalargal Katchi,870,80.98,All India Uzhavargal Uzhaippalargal Katchi,Jolarpet,Vellore,North,GEN
49,THENNARASU SAAMRAJ,AMMK,619,80.98,AMMK,Jolarpet,Vellore,North,GEN
49,SIVAKUMAR.V.C.,BSP,347,80.98,BSP,Jolarpet,Vellore,North,GEN
49,VEERAMANI.S.,IND,217,80.98,IND,Jolarpet,Vellore,North,GEN
49,VEERAMANI.H.,IND,209,80.98,IND,Jolarpet,Vellore,North,GEN
49,VEERAMANI.A.,IND,148,80.98,IND,Jolarpet,Vellore,North,GEN
49,MANITHAN,IND,142,80.98,IND,Jolarpet,Vellore,North,GEN
49,DEVARAJI.R.,IND,103,80.98,IND,Jolarpet,Vellore,North,GEN
49,DEVARAJ.V.K.,IND,82,80.98,IND,Jolarpet,Vellore,North,GEN
50,A. NALLATHAMBI,DMK,96522,76.97,DMK,Tiruppattur,Vellore,North,GEN
50,T.K. RAJA,PMK,68282,76.97,PMK,Tiruppattur,Vellore,North,GEN
50,M. SUMATHI,NTK,12127,76.97,NTK,Tiruppattur,Vellore,North,GEN
50,A. GNANASEKAR,AMMK,2702,76.97,AMMK,Tiruppattur,Vellore,North,GEN
50,None Of The Above,NOTA,1632,76.97,NOTA,Tiruppattur,Vellore,North,GEN
50,B. VIJAYAKUMAR,IND,1096,76.97,IND,Tiruppattur,Vellore,North,GEN
50,S. KALASHTHRI,All India Uzhavargal Uzhaippalargal Katchi,724,76.97,All India Uzhavargal Uzhaippalargal Katchi,Tiruppattur,Vellore,North,GEN
50,S. SATHIYAMOORTHY,Makkal Nala Kazhagam,519,76.97,Makkal Nala Kazhagam,Tiruppattur,Vellore,North,GEN
50,R. AROCKIA JOE PRABU,IND,438,76.97,IND,Tiruppattur,Vellore,North,GEN
50,R. PALANI,IND,362,76.97,IND,Tiruppattur,Vellore,North,GEN
50,M. NALLASIVAM,IND,323,76.97,IND,Tiruppattur,Vellore,North,GEN
50,MANITHAN,IND,309,76.97,IND,Tiruppattur,Vellore,North,GEN
50,I. GOVINDARAJI,IND,297,76.97,IND,Tiruppattur,Vellore,North,GEN
50,I. ROSELIN JEEVA,Samaniya Makkal Nala Katchi,264,76.97,Samaniya Makkal Nala Katchi,Tiruppattur,Vellore,North,GEN
50,G. RAJA,IND,205,76.97,IND,Tiruppattur,Vellore,North,GEN
50,A. JEYAMMA,Anaithu Makkal Puratchi Katchi,128,76.97,Anaithu Makkal Puratchi Katchi,Tiruppattur,Vellore,North,GEN
51,T.M.TAMILSELVAM,AIADMK,99675,78.37,AIADMK,Uthangarai,Krishnagiri,North,SC
51,S.Arumugam,INC,71288,78.37,INC,Uthangarai,Krishnagiri,North,SC
51,Elangovan,NTK,10424,78.37,NTK,Uthangarai,Krishnagiri,North,SC
51,R.Bakyaraj,DMDK,2291,78.37,DMDK,Uthangarai,Krishnagiri,North,SC
51,None Of The Above,NOTA,1359,78.37,NOTA,Uthangarai,Krishnagiri,North,SC
51,K.Murugesan,MNM,1254,78.37,MNM,Uthangarai,Krishnagiri,North,SC
51,NAGARAJ,BSP,722,78.37,BSP,Uthangarai,Krishnagiri,North,SC
51,C.Jayaraman,IND,322,78.37,IND,Uthangarai,Krishnagiri,North,SC
51,R.Vivekanandhan,IND,283,78.37,IND,Uthangarai,Krishnagiri,North,SC
51,S.Perumal,Anna Puratchi Thalaivar Amma Dravida Munnetra Kazhagam,206,78.37,Anna Puratchi Thalaivar Amma Dravida Munnetra Kazhagam,Uthangarai,Krishnagiri,North,SC
51,T.Tamilarasan,IND,181,78.37,IND,Uthangarai,Krishnagiri,North,SC
51,R.Manjunathan,IND,114,78.37,IND,Uthangarai,Krishnagiri,North,SC
51,M.Thenmozhi,IND,104,78.37,IND,Uthangarai,Krishnagiri,North,SC
52,MATHIAZHAGAN D,DMK,97256,79.08,DMK,Bargur,Krishnagiri,North,GEN
52,KRISHNAN A,AIADMK,84642,79.08,AIADMK,Bargur,Krishnagiri,North,GEN
52,KARUNAKARAN K,NTK,10113,79.08,NTK,Bargur,Krishnagiri,North,GEN
52,None Of The Above,NOTA,1507,79.08,NOTA,Bargur,Krishnagiri,North,GEN
52,GANESA KUMAR S,AMMK,1064,79.08,AMMK,Bargur,Krishnagiri,North,GEN
52,NIRMALA A,NPP,710,79.08,NPP,Bargur,Krishnagiri,North,GEN
52,MANJUNATHAN M,IND,623,79.08,IND,Bargur,Krishnagiri,North,GEN
52,MURALI M,BSP,443,79.08,BSP,Bargur,Krishnagiri,North,GEN
52,ARUN GOWTHAM R,IJK,345,79.08,IJK,Bargur,Krishnagiri,North,GEN
52,MANI K,IND,327,79.08,IND,Bargur,Krishnagiri,North,GEN
52,SANTHAMOORTHI K,IND,223,79.08,IND,Bargur,Krishnagiri,North,GEN
52,VASANTHARAJ P,Anna Puratchi Thalaivar Amma Dravida Munnetra Kazhagam,184,79.08,Anna Puratchi Thalaivar Amma Dravida Munnetra Kazhagam,Bargur,Krishnagiri,North,GEN
52,AANDI A,Veerath Thiyagi Viswanathadoss Thozhilalarkal Katchi,121,79.08,Veerath Thiyagi Viswanathadoss Thozhilalarkal Katchi,Bargur,Krishnagiri,North,GEN
52,KALPANA D,IND,119,79.08,IND,Bargur,Krishnagiri,North,GEN
52,KRISHNAN A,IND,107,79.08,IND,Bargur,Krishnagiri,North,GEN
53,Ashokkumar.K,AIADMK,96050,78.5,AIADMK,Krishnagiri,Krishnagiri,North,GEN
53,SENGUTTUVAN.T,DMK,95256,78.5,DMK,Krishnagiri,Krishnagiri,North,GEN
53,NIRANDARI.V,NTK,11137,78.5,NTK,Krishnagiri,Krishnagiri,North,GEN
53,RAVISHANKAR.R.K,MNM,3455,78.5,MNM,Krishnagiri,Krishnagiri,North,GEN
53,None Of The Above,NOTA,1837,78.5,NOTA,Krishnagiri,Krishnagiri,North,GEN
53,CHANDRAMOHAN.K.M,NCP,1088,78.5,NCP,Krishnagiri,Krishnagiri,North,GEN
53,AMEENULLA,AIMIM,858,78.5,AIMIM,Krishnagiri,Krishnagiri,North,GEN
53,TAMILSELVAN.S,BSP,488,78.5,BSP,Krishnagiri,Krishnagiri,North,GEN
53,SAKTHI.K,IND,418,78.5,IND,Krishnagiri,Krishnagiri,North,GEN
53,SIVAN.C,IND,318,78.5,IND,Krishnagiri,Krishnagiri,North,GEN
53,GOPINATH.M,IND,232,78.5,IND,Krishnagiri,Krishnagiri,North,GEN
53,VIJAYAKUMAR.R,Veerath Thiyagi Viswanathadoss Thozhilalarkal Katchi,137,78.5,Veerath Thiyagi Viswanathadoss Thozhilalarkal Katchi,Krishnagiri,Krishnagiri,North,GEN
53,SASIKUMAR.K.S,Anna Puratchi Thalaivar Amma Dravida Munnetra Kazhagam,129,78.5,Anna Puratchi Thalaivar Amma Dravida Munnetra Kazhagam,Krishnagiri,Krishnagiri,North,GEN
53,TVS GANDHI,IND,97,78.5,IND,Krishnagiri,Krishnagiri,North,GEN
53,RUTHRAMANI.T,Desiya Makkal Sakthi Katchi,89,78.5,Desiya Makkal Sakthi Katchi,Krishnagiri,Krishnagiri,North,GEN
53,KUMARESAN.M,IND,59,78.5,IND,Krishnagiri,Krishnagiri,North,GEN
54,K.P.Munusamy,AIADMK,94104,81.31,AIADMK,Veppanahalli,Krishnagiri,North,GEN
54,P.Murugan,DMK,91050,81.31,DMK,Veppanahalli,Krishnagiri,North,GEN
54,M.Sakthivel,NTK,8310,81.31,NTK,Veppanahalli,Krishnagiri,North,GEN
54,S.M.Murugesan,DMDK,3601,81.31,DMDK,Veppanahalli,Krishnagiri,North,GEN
54,Abdul Azeez Amanullah,IND,3022,81.31,IND,Veppanahalli,Krishnagiri,North,GEN
54,None Of The Above,NOTA,1662,81.31,NOTA,Veppanahalli,Krishnagiri,North,GEN
54,P.Jayapal,MNM,672,81.31,MNM,Veppanahalli,Krishnagiri,North,GEN
54,Ramaswamy,IND,567,81.31,IND,Veppanahalli,Krishnagiri,North,GEN
54,S.Thangapandiyan,Tamil Nadu Ilangyar Katchi,419,81.31,Tamil Nadu Ilangyar Katchi,Veppanahalli,Krishnagiri,North,GEN
54,C.Chakkarlappa,IND,405,81.31,IND,Veppanahalli,Krishnagiri,North,GEN
54,Lakshmanan Shanmugam,IND,378,81.31,IND,Veppanahalli,Krishnagiri,North,GEN
54,K.P.U.UVARAJ,IND,285,81.31,IND,Veppanahalli,Krishnagiri,North,GEN
54,M.Mariyappan,Puthiya Tamilagam,226,81.31,Puthiya Tamilagam,Veppanahalli,Krishnagiri,North,GEN
54,Krishnamoorthy,IND,155,81.31,IND,Veppanahalli,Krishnagiri,North,GEN
54,Usha,IND,154,81.31,IND,Veppanahalli,Krishnagiri,North,GEN
54,Valli,Anna Puratchi Thalaivar Amma Dravida Munnetra Kazhagam,131,81.31,Anna Puratchi Thalaivar Amma Dravida Munnetra Kazhagam,Veppanahalli,Krishnagiri,North,GEN
55,PRAKAASH Y,DMK,118231,70.09,DMK,Hosur,Krishnagiri,North,GEN
55,JYOTHI S,AIADMK,105864,70.09,AIADMK,Hosur,Krishnagiri,North,GEN
55,GEETHA LAKSHMI S,NTK,11422,70.09,NTK,Hosur,Krishnagiri,North,GEN
55,MASOOD S,MNM,6563,70.09,MNM,Hosur,Krishnagiri,North,GEN
55,None Of The Above,NOTA,1976,70.09,NOTA,Hosur,Krishnagiri,North,GEN
55,MAREGOWDU M,AMMK,806,70.09,AMMK,Hosur,Krishnagiri,North,GEN
55,RAMASWAMY G C,IND,629,70.09,IND,Hosur,Krishnagiri,North,GEN
55,MUTHU R K,IND,585,70.09,IND,Hosur,Krishnagiri,North,GEN
55,EZHILAN S,Veerath Thiyagi Viswanathadoss Thozhilalarkal Katchi,462,70.09,Veerath Thiyagi Viswanathadoss Thozhilalarkal Katchi,Hosur,Krishnagiri,North,GEN
55,MUTHAMIZH MUDHALVAN S,IND,397,70.09,IND,Hosur,Krishnagiri,North,GEN
55,LOKESH V,IND,361,70.09,IND,Hosur,Krishnagiri,North,GEN
55,SELVAM G,New Generation People’s Party,145,70.09,New Generation People’s Party,Hosur,Krishnagiri,North,GEN
55,BALARAJU N,IND,132,70.09,IND,Hosur,Krishnagiri,North,GEN
55,SUNDAR L,SHS,127,70.09,SHS,Hosur,Krishnagiri,North,GEN
55,SHANMUGAM R,IND,125,70.09,IND,Hosur,Krishnagiri,North,GEN
55,DEVAPPA Y,IND,81,70.09,IND,Hosur,Krishnagiri,North,GEN
55,GEETHA V,IND,73,70.09,IND,Hosur,Krishnagiri,North,GEN
55,JAYASEELAN G,Anna Puratchi Thalaivar Amma Dravida Munnetra Kazhagam,65,70.09,Anna Puratchi Thalaivar Amma Dravida Munnetra Kazhagam,Hosur,Krishnagiri,North,GEN
55,KISHORE KUMAR R,IND,54,70.09,IND,Hosur,Krishnagiri,North,GEN
56,RAMACHANDRAN.T,CPI,120641,77.06,CPI,Thalli,Krishnagiri,North,GEN
56,Dr.NAGESH KUMAR.C,BJP,64415,77.06,BJP,Thalli,Krishnagiri,North,GEN
56,MARY SELVARANI.R,NTK,3776,77.06,NTK,Thalli,Krishnagiri,North,GEN
56,None Of The Above,NOTA,1966,77.06,NOTA,Thalli,Krishnagiri,North,GEN
56,ASHOK KUMAR.V,IJK,788,77.06,IJK,Thalli,Krishnagiri,North,GEN
56,VASANTHAMMA.N,IND,584,77.06,IND,Thalli,Krishnagiri,North,GEN
56,KUMAR.M,IND,422,77.06,IND,Thalli,Krishnagiri,North,GEN
56,RAVI MUNISWAMY,IND,353,77.06,IND,Thalli,Krishnagiri,North,GEN
56,SEKAR.M.V,AMMK,346,77.06,AMMK,Thalli,Krishnagiri,North,GEN
56,DEVAPPA@DEVAGOWDA.Y,IND,222,77.06,IND,Thalli,Krishnagiri,North,GEN
56,USHA.M,New Generation People’s Party,209,77.06,New Generation People’s Party,Thalli,Krishnagiri,North,GEN
56,RAVI.G,SP,162,77.06,SP,Thalli,Krishnagiri,North,GEN
56,JANAKI.G,Veerath Thiyagi Viswanathadoss Thozhilalarkal Katchi,138,77.06,Veerath Thiyagi Viswanathadoss Thozhilalarkal Katchi,Thalli,Krishnagiri,North,GEN
57,ANBALAGAN.K.P.,AIADMK,110070,87.37,AIADMK,Palacode,Dharmapuri,North,GEN
57,MURUGAN.P.K.,DMK,81970,87.37,DMK,Palacode,Dharmapuri,North,GEN
57,KALAISELVI.G.,NTK,7704,87.37,NTK,Palacode,Dharmapuri,North,GEN
57,VIJAYASANKAR.P.,DMDK,2409,87.37,DMDK,Palacode,Dharmapuri,North,GEN
57,None Of The Above,NOTA,1351,87.37,NOTA,Palacode,Dharmapuri,North,GEN
57,RAJASEKAR.D.,MNM,1176,87.37,MNM,Palacode,Dharmapuri,North,GEN
57,HARI.R.,BSP,585,87.37,BSP,Palacode,Dharmapuri,North,GEN
57,VADIVEL.M.,IND,465,87.37,IND,Palacode,Dharmapuri,North,GEN
57,RAJKUMAR.T.,IND,406,87.37,IND,Palacode,Dharmapuri,North,GEN
57,MURUGAN.K.G.,IND,169,87.37,IND,Palacode,Dharmapuri,North,GEN
57,MURUGAN.K.,IND,120,87.37,IND,Palacode,Dharmapuri,North,GEN
57,SHARAVANAN.M.P.,IND,90,87.37,IND,Palacode,Dharmapuri,North,GEN
57,ANBARASU.D.,IND,80,87.37,IND,Palacode,Dharmapuri,North,GEN
58,MANI. G.K,PMK,106123,85.0,PMK,Pennagaram,Dharmapuri,North,GEN
58,INBASEKARAN. P.N.P,DMK,84937,85.0,DMK,Pennagaram,Dharmapuri,North,GEN
58,TAMILAZHAGAN. R,NTK,8945,85.0,NTK,Pennagaram,Dharmapuri,North,GEN
58,UTHAYAKUMAR. R,DMDK,2921,85.0,DMDK,Pennagaram,Dharmapuri,North,GEN
58,PERIYANANJAPPAN. A,IND,1968,85.0,IND,Pennagaram,Dharmapuri,North,GEN
58,None Of The Above,NOTA,1759,85.0,NOTA,Pennagaram,Dharmapuri,North,GEN
58,SHAKILA. K,MNM,1471,85.0,MNM,Pennagaram,Dharmapuri,North,GEN
58,THIRUMURUGAN. P,IND,451,85.0,IND,Pennagaram,Dharmapuri,North,GEN
58,MUNUSAMY. S,IND,265,85.0,IND,Pennagaram,Dharmapuri,North,GEN
58,MOORTHI. S,BSP,245,85.0,BSP,Pennagaram,Dharmapuri,North,GEN
58,DHARUMAN. K,IND,243,85.0,IND,Pennagaram,Dharmapuri,North,GEN
58,MANI. K.G.,IND,212,85.0,IND,Pennagaram,Dharmapuri,North,GEN
58,ANNADURAI. C,Desiya Makkal Sakthi Katchi,211,85.0,Desiya Makkal Sakthi Katchi,Pennagaram,Dharmapuri,North,GEN
58,ANNADURAI. V,IND,207,85.0,IND,Pennagaram,Dharmapuri,North,GEN
58,MANI. P,IND,205,85.0,IND,Pennagaram,Dharmapuri,North,GEN
58,SIVALINGAM. N,IND,142,85.0,IND,Pennagaram,Dharmapuri,North,GEN
59,VENKATESHWARAN.S.P.,PMK,105630,79.69,PMK,Dharmapuri,Dharmapuri,North,GEN
59,SUBRAMANI.P,DMK,78770,79.69,DMK,Dharmapuri,Dharmapuri,North,GEN
59,RAJENDRAN.D.K.,AMMK,11226,79.69,AMMK,Dharmapuri,Dharmapuri,North,GEN
59,SENTHIL KUMAR (A) SENTHIL.A.,NTK,8700,79.69,NTK,Dharmapuri,Dharmapuri,North,GEN
59,JAYAVENKATESAN.S.K.,MNM,5083,79.69,MNM,Dharmapuri,Dharmapuri,North,GEN
59,NATARAJAN.M.,Anna Puratchi Thalaivar Amma Dravida Munnetra Kazhagam,1897,79.69,Anna Puratchi Thalaivar Amma Dravida Munnetra Kazhagam,Dharmapuri,Dharmapuri,North,GEN
59,None Of The Above,NOTA,1726,79.69,NOTA,Dharmapuri,Dharmapuri,North,GEN
59,NATARAJAN.V.,IND,718,79.69,IND,Dharmapuri,Dharmapuri,North,GEN
59,TAMILARASAN.S.,IND,654,79.69,IND,Dharmapuri,Dharmapuri,North,GEN
59,PERUMAL.P,BSP,464,79.69,BSP,Dharmapuri,Dharmapuri,North,GEN
59,SUBRAMANI.K.,IND,364,79.69,IND,Dharmapuri,Dharmapuri,North,GEN
59,MANIGANDAN.E.V.,IND,357,79.69,IND,Dharmapuri,Dharmapuri,North,GEN
59,SUBRAMANI.T.,IND,304,79.69,IND,Dharmapuri,Dharmapuri,North,GEN
59,SHANMUGAM.P.,IND,237,79.69,IND,Dharmapuri,Dharmapuri,North,GEN
59,SAKTHIVEL.P.,Desiya Makkal Sakthi Katchi,213,79.69,Desiya Makkal Sakthi Katchi,Dharmapuri,Dharmapuri,North,GEN
59,RAMASAMY.T.,My India Party,208,79.69,My India Party,Dharmapuri,Dharmapuri,North,GEN
59,MANI.L.,Dhesiya Makkal Kazhagam,194,79.69,Dhesiya Makkal Kazhagam,Dharmapuri,Dharmapuri,North,GEN
59,PALANI.S.K.,IND,160,79.69,IND,Dharmapuri,Dharmapuri,North,GEN
59,SUNDARAMOORTHY.M.,IND,127,79.69,IND,Dharmapuri,Dharmapuri,North,GEN
59,VENKATESWARAN.B.,IND,117,79.69,IND,Dharmapuri,Dharmapuri,North,GEN
59,SUBRAMANI.P.,IND,110,79.69,IND,Dharmapuri,Dharmapuri,North,GEN
59,RAJENDRAN.K.,IND,74,79.69,IND,Dharmapuri,Dharmapuri,North,GEN
60,GOVINDASAMY.A,AIADMK,114507,82.15,AIADMK,Pappireddippatti,Dharmapuri,North,GEN
60,PRABHURAJASEKAR.M,DMK,77564,82.15,DMK,Pappireddippatti,Dharmapuri,North,GEN
60,PALANIAPPAN.P,AMMK,15863,82.15,AMMK,Pappireddippatti,Dharmapuri,North,GEN
60,RAMESH.R,NTK,7573,82.15,NTK,Pappireddippatti,Dharmapuri,North,GEN
60,SRINIVASAN,MNM,1729,82.15,MNM,Pappireddippatti,Dharmapuri,North,GEN
60,None Of The Above,NOTA,1338,82.15,NOTA,Pappireddippatti,Dharmapuri,North,GEN
60,GOPI.K,BSP,625,82.15,BSP,Pappireddippatti,Dharmapuri,North,GEN
60,GOVINDASAMY.R,IND,432,82.15,IND,Pappireddippatti,Dharmapuri,North,GEN
60,MURUGAN.S,IND,300,82.15,IND,Pappireddippatti,Dharmapuri,North,GEN
60,VEERAMANI.T,IND,257,82.15,IND,Pappireddippatti,Dharmapuri,North,GEN
60,ANAND KUMAR.K,IND,187,82.15,IND,Pappireddippatti,Dharmapuri,North,GEN
60,MURUGAN.R,Anaithu Makkal Puratchi Katchi,150,82.15,Anaithu Makkal Puratchi Katchi,Pappireddippatti,Dharmapuri,North,GEN
60,ELANGO.S,IND,130,82.15,IND,Pappireddippatti,Dharmapuri,North,GEN
60,MANIVANNAN.K,IND,123,82.15,IND,Pappireddippatti,Dharmapuri,North,GEN
60,PALANIYAPPAN.R,IND,122,82.15,IND,Pappireddippatti,Dharmapuri,North,GEN
60,SELVAM.P,IND,94,82.15,IND,Pappireddippatti,Dharmapuri,North,GEN
61,SAMPATHKUMAR.V,AIADMK,99061,78.46,AIADMK,Harur,Dharmapuri,North,SC
61,KUMAR.A,CPI(M),68699,78.46,CPIM,Harur,Dharmapuri,North,SC
61,MURUGAN.R,AMMK,14327,78.46,AMMK,Harur,Dharmapuri,North,SC
61,KEERTHANA.K,NTK,10950,78.46,NTK,Harur,Dharmapuri,North,SC
61,None Of The Above,NOTA,2249,78.46,NOTA,Harur,Dharmapuri,North,SC
61,SIVAKUMAR.A,BSP,920,78.46,BSP,Harur,Dharmapuri,North,SC
61,MURUGAN.R,IND,521,78.46,IND,Harur,Dharmapuri,North,SC
61,PARTHIPAN.P,IND,413,78.46,IND,Harur,Dharmapuri,North,SC
61,KARUTHOVIYAM.P,My India Party,382,78.46,My India Party,Harur,Dharmapuri,North,SC
61,SATHISKUMAR.S,IJK,282,78.46,IJK,Harur,Dharmapuri,North,SC
61,KUMAR.P,IND,265,78.46,IND,Harur,Dharmapuri,North,SC
61,PALANI.C,IND,173,78.46,IND,Harur,Dharmapuri,North,SC
61,CHINNASAMY.K,Dhesiya Makkal Kazhagam,169,78.46,Dhesiya Makkal Kazhagam,Harur,Dharmapuri,North,SC
61,SARATHKUMAR.M,IND,154,78.46,IND,Harur,Dharmapuri,North,SC
62,GIRI.M.P,DMK,108081,80.66,DMK,Chengam,Tiruvannamalai,North,SC
62,NAINAKANNU.M.S,AIADMK,96511,80.66,AIADMK,Chengam,Tiruvannamalai,North,SC
62,VENNILA.S,NTK,12080,80.66,NTK,Chengam,Tiruvannamalai,North,SC
62,ANBU.S,DMDK,2769,80.66,DMDK,Chengam,Tiruvannamalai,North,SC
62,None Of The Above,NOTA,1085,80.66,NOTA,Chengam,Tiruvannamalai,North,SC
62,SUGANRAJ.S,IJK,828,80.66,IJK,Chengam,Tiruvannamalai,North,SC
62,SHANMUGAM.G,BSP,801,80.66,BSP,Chengam,Tiruvannamalai,North,SC
62,VIJAYACHANDRAN.G,IND,417,80.66,IND,Chengam,Tiruvannamalai,North,SC
62,SELVARAJI.V,IND,381,80.66,IND,Chengam,Tiruvannamalai,North,SC
62,DHINAKARAN.H,IND,200,80.66,IND,Chengam,Tiruvannamalai,North,SC
62,BASKAR.S,New Generation People’s Party,174,80.66,New Generation People’s Party,Chengam,Tiruvannamalai,North,SC
62,SIVAPRAKASH.K,IND,173,80.66,IND,Chengam,Tiruvannamalai,North,SC
62,SHARMA.S,IND,127,80.66,IND,Chengam,Tiruvannamalai,North,SC
62,ARUNKUMAR.M,IND,112,80.66,IND,Chengam,Tiruvannamalai,North,SC
62,ANBAZHAGAN.P.G,IND,112,80.66,IND,Chengam,Tiruvannamalai,North,SC
62,SIVAKUMAR.J,IND,99,80.66,IND,Chengam,Tiruvannamalai,North,SC
63,E V VELU,DMK,137876,71.69,DMK,Tiruvannamalai,Tiruvannamalai,North,GEN
63,S THANIGAIVEL,BJP,43203,71.69,BJP,Tiruvannamalai,Tiruvannamalai,North,GEN
63,J KAMALAKKANNAN,NTK,13995,71.69,NTK,Tiruvannamalai,Tiruvannamalai,North,GEN
63,ARUL R,MNM,6246,71.69,MNM,Tiruvannamalai,Tiruvannamalai,North,GEN
63,None Of The Above,NOTA,2194,71.69,NOTA,Tiruvannamalai,Tiruvannamalai,North,GEN
63,A G PANCHATCHARAM,AMMK,2108,71.69,AMMK,Tiruvannamalai,Tiruvannamalai,North,GEN
63,J JAMEEL BASHA,IND,780,71.69,IND,Tiruvannamalai,Tiruvannamalai,North,GEN
63,J AGNI SELVARASU,Naadaalum Makkal Katchi,548,71.69,Naadaalum Makkal Katchi,Tiruvannamalai,Tiruvannamalai,North,GEN
63,KOTHANDAPANI,BSP,466,71.69,BSP,Tiruvannamalai,Tiruvannamalai,North,GEN
63,K VINAYAGAM,IND,430,71.69,IND,Tiruvannamalai,Tiruvannamalai,North,GEN
63,R G VASUDEVAN,IND,291,71.69,IND,Tiruvannamalai,Tiruvannamalai,North,GEN
63,N PALANI,IND,164,71.69,IND,Tiruvannamalai,Tiruvannamalai,North,GEN
63,D MANIMARAN,IND,157,71.69,IND,Tiruvannamalai,Tiruvannamalai,North,GEN
63,A NAKKEERAN,IND,146,71.69,IND,Tiruvannamalai,Tiruvannamalai,North,GEN
63,S K SELVAM,Veerath Thiyagi Viswanathadoss Thozhilalarkal Katchi,131,71.69,Veerath Thiyagi Viswanathadoss Thozhilalarkal Katchi,Tiruvannamalai,Tiruvannamalai,North,GEN
63,R CHANDRAKANTH PILLAI,New Generation People’s Party,101,71.69,New Generation People’s Party,Tiruvannamalai,Tiruvannamalai,North,GEN
64,K.Pitchandi,DMK,104675,79.35,DMK,Kilpennathur,Tiruvannamalai,North,GEN
64,K.Selvakumar,PMK,77888,79.35,PMK,Kilpennathur,Tiruvannamalai,North,GEN
64,Dr.R.Rameshbabu,NTK,11541,79.35,NTK,Kilpennathur,Tiruvannamalai,North,GEN
64,P.Kathikeyan,AMMK,2191,79.35,AMMK,Kilpennathur,Tiruvannamalai,North,GEN
64,V.Suganantham,MNM,1437,79.35,MNM,Kilpennathur,Tiruvannamalai,North,GEN
64,None Of The Above,NOTA,961,79.35,NOTA,Kilpennathur,Tiruvannamalai,North,GEN
64,M.Murugan,IND,844,79.35,IND,Kilpennathur,Tiruvannamalai,North,GEN
64,SubashChandrabose,BSP,598,79.35,BSP,Kilpennathur,Tiruvannamalai,North,GEN
64,S.Sasikumar,IND,597,79.35,IND,Kilpennathur,Tiruvannamalai,North,GEN
64,A.R.Elumalai,Veerath Thiyagi Viswanathadoss Thozhilalarkal Katchi,504,79.35,Veerath Thiyagi Viswanathadoss Thozhilalarkal Katchi,Kilpennathur,Tiruvannamalai,North,GEN
64,M.Sampathraj,IND,417,79.35,IND,Kilpennathur,Tiruvannamalai,North,GEN
64,Sakthivel,IND,408,79.35,IND,Kilpennathur,Tiruvannamalai,North,GEN
64,N.Thangaraj,Makkal Munnetra Peravai,317,79.35,Makkal Munnetra Peravai,Kilpennathur,Tiruvannamalai,North,GEN
64,M.Dinakaran,IND,271,79.35,IND,Kilpennathur,Tiruvannamalai,North,GEN
64,Farmer Jayaraman,Anaithu Makkal Arasiyal Katchi,239,79.35,Anaithu Makkal Arasiyal Katchi,Kilpennathur,Tiruvannamalai,North,GEN
64,P.Ganeshraja,IND,197,79.35,IND,Kilpennathur,Tiruvannamalai,North,GEN
64,M.Athiyaman,IND,185,79.35,IND,Kilpennathur,Tiruvannamalai,North,GEN
64,C.Jothi,IND,152,79.35,IND,Kilpennathur,Tiruvannamalai,North,GEN
64,A.Venkatesan,RPI(A),147,79.35,RPI(A),Kilpennathur,Tiruvannamalai,North,GEN
64,G.krishnamurthy,IND,125,79.35,IND,Kilpennathur,Tiruvannamalai,North,GEN
64,M.Mohanraja,IND,117,79.35,IND,Kilpennathur,Tiruvannamalai,North,GEN
64,Lourdammal,IND,75,79.35,IND,Kilpennathur,Tiruvannamalai,North,GEN
65,Saravanan.P.S.T,DMK,94134,80.36,DMK,Kalasapakkam,Tiruvannamalai,North,GEN
65,Panneerselvam.V,AIADMK,84912,80.36,AIADMK,Kalasapakkam,Tiruvannamalai,North,GEN
65,Balaji.E,NTK,8822,80.36,NTK,Kalasapakkam,Tiruvannamalai,North,GEN
65,Nehru.M,DMDK,2756,80.36,DMDK,Kalasapakkam,Tiruvannamalai,North,GEN
65,None Of The Above,NOTA,1593,80.36,NOTA,Kalasapakkam,Tiruvannamalai,North,GEN
65,Tirunavukarasu.M,IND,765,80.36,IND,Kalasapakkam,Tiruvannamalai,North,GEN
65,Panneerselvam.S,IND,713,80.36,IND,Kalasapakkam,Tiruvannamalai,North,GEN
65,Rajkumar.E,BSP,632,80.36,BSP,Kalasapakkam,Tiruvannamalai,North,GEN
65,Rajamani.K,IND,450,80.36,IND,Kalasapakkam,Tiruvannamalai,North,GEN
65,Amutha.G,IND,382,80.36,IND,Kalasapakkam,Tiruvannamalai,North,GEN
65,Jagannathan.R,IND,322,80.36,IND,Kalasapakkam,Tiruvannamalai,North,GEN
65,Saravanan.K,IND,250,80.36,IND,Kalasapakkam,Tiruvannamalai,North,GEN
65,Rajendran.M.S,IJK,244,80.36,IJK,Kalasapakkam,Tiruvannamalai,North,GEN
65,Panneerselvam.V,IND,239,80.36,IND,Kalasapakkam,Tiruvannamalai,North,GEN
65,Kalyanasundaram.A,Veerath Thiyagi Viswanathadoss Thozhilalarkal Katchi,128,80.36,Veerath Thiyagi Viswanathadoss Thozhilalarkal Katchi,Kalasapakkam,Tiruvannamalai,North,GEN
65,Sampath.R.V,Anna Dravidar Kazhagam,92,80.36,Anna Dravidar Kazhagam,Kalasapakkam,Tiruvannamalai,North,GEN
66,Agri KRISHNAMURTHY. S S,AIADMK,97732,82.33,AIADMK,Polur,Tiruvannamalai,North,GEN
66,SEKARAN. K.V,DMK,88007,82.33,DMK,Polur,Tiruvannamalai,North,GEN
66,LAVANYA. L,NTK,10197,82.33,NTK,Polur,Tiruvannamalai,North,GEN
66,KALAVATHI. G,MNM,1580,82.33,MNM,Polur,Tiruvannamalai,North,GEN
66,DAKSNAMOORTHY. R,IND,1188,82.33,IND,Polur,Tiruvannamalai,North,GEN
66,None Of The Above,NOTA,1144,82.33,NOTA,Polur,Tiruvannamalai,North,GEN
66,VIJAYAKUMAR. C,AMMK,656,82.33,AMMK,Polur,Tiruvannamalai,North,GEN
66,Ezhilarasu. M,BSP,604,82.33,BSP,Polur,Tiruvannamalai,North,GEN
66,MURUGESAN. D,IND,278,82.33,IND,Polur,Tiruvannamalai,North,GEN
66,SIVA. A,IND,216,82.33,IND,Polur,Tiruvannamalai,North,GEN
66,Shanmugasundaram. E,IND,90,82.33,IND,Polur,Tiruvannamalai,North,GEN
66,SATHIYARAJ. P,IND,87,82.33,IND,Polur,Tiruvannamalai,North,GEN
66,CHIDAMBARAM. V,IND,72,82.33,IND,Polur,Tiruvannamalai,North,GEN
66,KALAIMANI. S,IND,56,82.33,IND,Polur,Tiruvannamalai,North,GEN
66,GANESAN. C,IND,55,82.33,IND,Polur,Tiruvannamalai,North,GEN
66,KRISHNAMURTHI. K,IND,50,82.33,IND,Polur,Tiruvannamalai,North,GEN
67,S.RAMACHANDRAN,AIADMK,102961,79.84,AIADMK,Arani,Tiruvannamalai,North,GEN
67,S.S.ANBALAGAN,DMK,99833,79.84,DMK,Arani,Tiruvannamalai,North,GEN
67,D.PRAKALATHA,NTK,10491,79.84,NTK,Arani,Tiruvannamalai,North,GEN
67,V.MANIGANDAN,MNM,2213,79.84,MNM,Arani,Tiruvannamalai,North,GEN
67,G.BASKARAN,DMDK,1861,79.84,DMDK,Arani,Tiruvannamalai,North,GEN
67,None Of The Above,NOTA,1690,79.84,NOTA,Arani,Tiruvannamalai,North,GEN
67,S.THANIGAIVEL,Veerath Thiyagi Viswanathadoss Thozhilalarkal Katchi,509,79.84,Veerath Thiyagi Viswanathadoss Thozhilalarkal Katchi,Arani,Tiruvannamalai,North,GEN
67,N.KARTHIKEYAN,IND,397,79.84,IND,Arani,Tiruvannamalai,North,GEN
67,K.ANBU,BSP,332,79.84,BSP,Arani,Tiruvannamalai,North,GEN
67,R.DHAKSHANAMOORTHY,IND,313,79.84,IND,Arani,Tiruvannamalai,North,GEN
67,A.ARUNKUMAR,IND,222,79.84,IND,Arani,Tiruvannamalai,North,GEN
67,S.SAKTHIVEL,IND,178,79.84,IND,Arani,Tiruvannamalai,North,GEN
67,S.RAMACHANDRAN,IND,134,79.84,IND,Arani,Tiruvannamalai,North,GEN
67,S.MURALI,IND,133,79.84,IND,Arani,Tiruvannamalai,North,GEN
67,M.ANBALAGAN,IND,80,79.84,IND,Arani,Tiruvannamalai,North,GEN
67,K.ANBALAGAN,IND,75,79.84,IND,Arani,Tiruvannamalai,North,GEN
68,JOTHI. O,DMK,102460,81.69,DMK,Cheyyar,Tiruvannamalai,North,GEN
68,DUSI. K. MOHAN,AIADMK,90189,81.69,AIADMK,Cheyyar,Tiruvannamalai,North,GEN
68,BHEEMAN. G,NTK,12192,81.69,NTK,Cheyyar,Tiruvannamalai,North,GEN
68,MAYILVAGANAN. T,MNM,2429,81.69,MNM,Cheyyar,Tiruvannamalai,North,GEN
68,None Of The Above,NOTA,1895,81.69,NOTA,Cheyyar,Tiruvannamalai,North,GEN
68,VARADHARAJAN. M. K,AMMK,1760,81.69,AMMK,Cheyyar,Tiruvannamalai,North,GEN
68,SURESH BABU. T,IND,733,81.69,IND,Cheyyar,Tiruvannamalai,North,GEN
68,VIJAYAKANTH. S,BSP,731,81.69,BSP,Cheyyar,Tiruvannamalai,North,GEN
68,KUTTIMANI. S,Veerath Thiyagi Viswanathadoss Thozhilalarkal Katchi,504,81.69,Veerath Thiyagi Viswanathadoss Thozhilalarkal Katchi,Cheyyar,Tiruvannamalai,North,GEN
68,UDHAYAKUMAR. M,IND,290,81.69,IND,Cheyyar,Tiruvannamalai,North,GEN
68,ANANDASEKARAN. C,IND,288,81.69,IND,Cheyyar,Tiruvannamalai,North,GEN
68,NIRMALA. V,IND,282,81.69,IND,Cheyyar,Tiruvannamalai,North,GEN
68,MANIKANDAN. M,Ganasangam Party of India,262,81.69,Ganasangam Party of India,Cheyyar,Tiruvannamalai,North,GEN
68,NADARAJAN. B,New Generation People’s Party,190,81.69,New Generation People’s Party,Cheyyar,Tiruvannamalai,North,GEN
68,MARYVOILET. J,Desiya Sirupanmayinar Makkal Iyakkam,143,81.69,Desiya Sirupanmayinar Makkal Iyakkam,Cheyyar,Tiruvannamalai,North,GEN
68,VENKATESAN .V,Anaithindia Samudaya Munnetra Kazhagam,112,81.69,Anaithindia Samudaya Munnetra Kazhagam,Cheyyar,Tiruvannamalai,North,GEN
69,Ambethkumar S,DMK,102064,76.81,DMK,Vandavasi,Tiruvannamalai,North,SC
69,Murali S,PMK,66111,76.81,PMK,Vandavasi,Tiruvannamalai,North,SC
69,Prabavathi G,NTK,9284,76.81,NTK,Vandavasi,Tiruvannamalai,North,SC
69,None Of The Above,NOTA,1769,76.81,NOTA,Vandavasi,Tiruvannamalai,North,SC
69,Venkatesan P,AMMK,1728,76.81,AMMK,Vandavasi,Tiruvannamalai,North,SC
69,Suresh S,MNM,1692,76.81,MNM,Vandavasi,Tiruvannamalai,North,SC
69,Manikandan K,IND,1264,76.81,IND,Vandavasi,Tiruvannamalai,North,SC
69,Arjunan M,BSP,607,76.81,BSP,Vandavasi,Tiruvannamalai,North,SC
69,Vignesh S,IND,546,76.81,IND,Vandavasi,Tiruvannamalai,North,SC
69,Murali C,IND,407,76.81,IND,Vandavasi,Tiruvannamalai,North,SC
69,Durai B,Ganasangam Party of India,363,76.81,Ganasangam Party of India,Vandavasi,Tiruvannamalai,North,SC
69,Muthuperumal K,IND,139,76.81,IND,Vandavasi,Tiruvannamalai,North,SC
70,MASTHAN K S,DMK,109625,78.21,DMK,Gingee,Villupuram,Central,GEN
70,RAJENDIRAN P,PMK,73822,78.21,PMK,Gingee,Villupuram,Central,GEN
70,SUGUMAR AP,NTK,9920,78.21,NTK,Gingee,Villupuram,Central,GEN
70,GOWTHAM SAGAR A,AMMK,4811,78.21,AMMK,Gingee,Villupuram,Central,GEN
70,None Of The Above,NOTA,2279,78.21,NOTA,Gingee,Villupuram,Central,GEN
70,SRIPATHI P,MNM,2151,78.21,MNM,Gingee,Villupuram,Central,GEN
70,GOPI S,IND,1914,78.21,IND,Gingee,Villupuram,Central,GEN
70,JAGAJANANDAM  R,BSP,637,78.21,BSP,Gingee,Villupuram,Central,GEN
70,VARTHAMANAN B,IND,559,78.21,IND,Gingee,Villupuram,Central,GEN
70,ELUMALAI N A,Anna Dravidar Kazhagam,410,78.21,Anna Dravidar Kazhagam,Gingee,Villupuram,Central,GEN
70,MARIYAPPAN S,IND,246,78.21,IND,Gingee,Villupuram,Central,GEN
70,KIRUBAKARAN T,IND,181,78.21,IND,Gingee,Villupuram,Central,GEN
70,SAHEERA,IND,168,78.21,IND,Gingee,Villupuram,Central,GEN
70,SENJIRAJA KNK,IND,157,78.21,IND,Gingee,Villupuram,Central,GEN
71,SIVAKUMAR C,PMK,81044,79.5,PMK,Mailam,Villupuram,Central,GEN
71,Dr. MASILAMANI R,DMK,78814,79.5,DMK,Mailam,Villupuram,Central,GEN
71,UMAMAHESWARI L,NTK,8340,79.5,NTK,Mailam,Villupuram,Central,GEN
71,SUNDARESAN A,DMDK,3921,79.5,DMDK,Mailam,Villupuram,Central,GEN
71,None Of The Above,NOTA,884,79.5,NOTA,Mailam,Villupuram,Central,GEN
71,MASILAMANI V,IND,807,79.5,IND,Mailam,Villupuram,Central,GEN
71,DURAI M,BSP,648,79.5,BSP,Mailam,Villupuram,Central,GEN
71,RAJASEKAR M,IND,647,79.5,IND,Mailam,Villupuram,Central,GEN
71,MASILAMANI V,IND,524,79.5,IND,Mailam,Villupuram,Central,GEN
71,MANAVALAN A,Anna MGR Dravida Makkal Kalgam,377,79.5,Anna MGR Dravida Makkal Kalgam,Mailam,Villupuram,Central,GEN
71,SRIDHAR D,IND,344,79.5,IND,Mailam,Villupuram,Central,GEN
71,CHANDRA PRAKASH R,IND,249,79.5,IND,Mailam,Villupuram,Central,GEN
71,SATHIYARAJ S,IND,144,79.5,IND,Mailam,Villupuram,Central,GEN
71,SEKAR NAYAKKAR I M,IND,137,79.5,IND,Mailam,Villupuram,Central,GEN
71,KANNAN G,IND,109,79.5,IND,Mailam,Villupuram,Central,GEN
72,ARJUNAN P,AIADMK,87152,78.43,AIADMK,Tindivanam,Villupuram,Central,SC
72,SEETHAPATHY P,DMK,77399,78.43,DMK,Tindivanam,Villupuram,Central,SC
72,PACHIMUTHU P,NTK,9203,78.43,NTK,Tindivanam,Villupuram,Central,SC
72,CHANDRALEKHA K,DMDK,2701,78.43,DMDK,Tindivanam,Villupuram,Central,SC
72,POYATHU @ ANBIN POYYAMOZHI S,MNM,2079,78.43,MNM,Tindivanam,Villupuram,Central,SC
72,None Of The Above,NOTA,1523,78.43,NOTA,Tindivanam,Villupuram,Central,SC
72,GOVINDASAMY A,BSP,603,78.43,BSP,Tindivanam,Villupuram,Central,SC
72,ILAVARASAN K,Anna Dravidar Kazhagam,424,78.43,Anna Dravidar Kazhagam,Tindivanam,Villupuram,Central,SC
72,THAMBIRAJ A,IND,379,78.43,IND,Tindivanam,Villupuram,Central,SC
72,SETTU M,Desiya Sirupanmayinar Makkal Iyakkam,247,78.43,Desiya Sirupanmayinar Makkal Iyakkam,Tindivanam,Villupuram,Central,SC
72,VETRIVENDHAN S,IND,195,78.43,IND,Tindivanam,Villupuram,Central,SC
72,VISWANATHAN S A,All  India  Pattali  Munnetra Katchi,148,78.43,All  India  Pattali  Munnetra Katchi,Tindivanam,Villupuram,Central,SC
72,GOKULAKRISHNAN M,IND,141,78.43,IND,Tindivanam,Villupuram,Central,SC
72,ARULMARAN J,IND,122,78.43,IND,Tindivanam,Villupuram,Central,SC
72,MOHAN A,MAKKAL SAKTHI KATCHI,112,78.43,MAKKAL SAKTHI KATCHI,Tindivanam,Villupuram,Central,SC
72,VINOTH S,IND,110,78.43,IND,Tindivanam,Villupuram,Central,SC
73,CHAKRAPANI M,AIADMK,92219,79.79,AIADMK,Vanur,Villupuram,Central,SC
73,VANNI ARASU,VCK,70492,79.79,VCK,Vanur,Villupuram,Central,SC
73,LATCHOUMY M,NTK,8587,79.79,NTK,Vanur,Villupuram,Central,SC
73,GANAPATHI P M,DMDK,5460,79.79,DMDK,Vanur,Villupuram,Central,SC
73,SANDOSHKUMAR M,MNM,2500,79.79,MNM,Vanur,Villupuram,Central,SC
73,None Of The Above,NOTA,1363,79.79,NOTA,Vanur,Villupuram,Central,SC
73,SAKTHIVEL S,IND,813,79.79,IND,Vanur,Villupuram,Central,SC
73,VINAYAGAMURTHY M,BSP,774,79.79,BSP,Vanur,Villupuram,Central,SC
74,LAKSHMANAN R,DMK,102271,76.97,DMK,Villupuram,Villupuram,Central,GEN
74,SHANMUGAM C Ve,AIADMK,87403,76.97,AIADMK,Villupuram,Villupuram,Central,GEN
74,SELVAM J,NTK,6375,76.97,NTK,Villupuram,Villupuram,Central,GEN
74,DASS K,MNM,3242,76.97,MNM,Villupuram,Villupuram,Central,GEN
74,BALASUNDARAM R,AMMK,1695,76.97,AMMK,Villupuram,Villupuram,Central,GEN
74,None Of The Above,NOTA,970,76.97,NOTA,Villupuram,Villupuram,Central,GEN
74,SHANMUGAM A,IND,491,76.97,IND,Villupuram,Villupuram,Central,GEN
74,SIVABALAN N,BSP,415,76.97,BSP,Villupuram,Villupuram,Central,GEN
74,SHANMUGAM G,IND,371,76.97,IND,Villupuram,Villupuram,Central,GEN
74,DURAISAMY D,Makkal Munnetra Peravai,322,76.97,Makkal Munnetra Peravai,Villupuram,Villupuram,Central,GEN
74,KESAVAN P,IND,321,76.97,IND,Villupuram,Villupuram,Central,GEN
74,SHANMUGAM V,IND,233,76.97,IND,Villupuram,Villupuram,Central,GEN
74,DEVANATHAN N,Veerath Thiyagi Viswanathadoss Thozhilalarkal Katchi,118,76.97,Veerath Thiyagi Viswanathadoss Thozhilalarkal Katchi,Villupuram,Villupuram,Central,GEN
74,JAIAADHE R,IND,84,76.97,IND,Villupuram,Villupuram,Central,GEN
74,VICTOR A S,Desiya Sirupanmayinar Makkal Iyakkam,78,76.97,Desiya Sirupanmayinar Makkal Iyakkam,Villupuram,Villupuram,Central,GEN
74,RAMAN K,IND,78,76.97,IND,Villupuram,Villupuram,Central,GEN
74,KUPPAN V,IND,67,76.97,IND,Villupuram,Villupuram,Central,GEN
74,KUMAR R,IND,66,76.97,IND,Villupuram,Villupuram,Central,GEN
74,DAKSHINAMOORTHY SU VA,IND,48,76.97,IND,Villupuram,Villupuram,Central,GEN
74,BALU K,IND,42,76.97,IND,Villupuram,Villupuram,Central,GEN
74,PRABAKARAN M,IND,35,76.97,IND,Villupuram,Villupuram,Central,GEN
74,IYYANAR G,IND,34,76.97,IND,Villupuram,Villupuram,Central,GEN
74,MOHAMED IBRAIM A,Anna Dravidar Kazhagam,32,76.97,Anna Dravidar Kazhagam,Villupuram,Villupuram,Central,GEN
74,SUBRAMANIAN R,IND,27,76.97,IND,Villupuram,Villupuram,Central,GEN
74,NARENDIRAN D,IND,23,76.97,IND,Villupuram,Villupuram,Central,GEN
74,INIYADAYALAN G,IND,19,76.97,IND,Villupuram,Villupuram,Central,GEN
75,PUGAZHENTHI N,DMK,93730,81.39,DMK,Vikravandi,Villupuram,Central,GEN
75,MUTHAMILSELVAN R,AIADMK,84157,81.39,AIADMK,Vikravandi,Villupuram,Central,GEN
75,SHEEBA ASHMI R,NTK,8216,81.39,NTK,Vikravandi,Villupuram,Central,GEN
75,IYYANAR R,AMMK,3053,81.39,AMMK,Vikravandi,Villupuram,Central,GEN
75,None Of The Above,NOTA,1122,81.39,NOTA,Vikravandi,Villupuram,Central,GEN
75,RAGHUPATHY P,IND,907,81.39,IND,Vikravandi,Villupuram,Central,GEN
75,ELANGOVAN S,Akhil Bharat Hindu Mahasabha,655,81.39,Akhil Bharat Hindu Mahasabha,Vikravandi,Villupuram,Central,GEN
75,ARUMUGAM C,BSP,520,81.39,BSP,Vikravandi,Villupuram,Central,GEN
75,SATHISH R,IND,436,81.39,IND,Vikravandi,Villupuram,Central,GEN
75,GAYATHRI J,IND,305,81.39,IND,Vikravandi,Villupuram,Central,GEN
75,SENTHIL R,IJK,207,81.39,IJK,Vikravandi,Villupuram,Central,GEN
75,RAJIVGANDHI P,Naadaalum Makkal Katchi,96,81.39,Naadaalum Makkal Katchi,Vikravandi,Villupuram,Central,GEN
75,KANNADHASAN A,IND,81,81.39,IND,Vikravandi,Villupuram,Central,GEN
75,AYYANAR A,IND,78,81.39,IND,Vikravandi,Villupuram,Central,GEN
75,IYYAPPAN K,IND,54,81.39,IND,Vikravandi,Villupuram,Central,GEN
76,K.PONMUDY,DMK,110980,76.27,DMK,Tirukkoyilur,Villupuram,Central,GEN
76,VAT.KALIVARADHAN,BJP,51300,76.27,BJP,Tirukkoyilur,Villupuram,Central,GEN
76,L.VENKATESAN,DMDK,13997,76.27,DMDK,Tirukkoyilur,Villupuram,Central,GEN
76,MURUGAN S,NTK,11620,76.27,NTK,Tirukkoyilur,Villupuram,Central,GEN
76,None Of The Above,NOTA,2039,76.27,NOTA,Tirukkoyilur,Villupuram,Central,GEN
76,VIGNESH M,IND,1482,76.27,IND,Tirukkoyilur,Villupuram,Central,GEN
76,SENTHILKUMAR M,IJK,1066,76.27,IJK,Tirukkoyilur,Villupuram,Central,GEN
76,PRAKASH A,IND,883,76.27,IND,Tirukkoyilur,Villupuram,Central,GEN
76,SIVA.PANJAVARNAM,BSP,696,76.27,BSP,Tirukkoyilur,Villupuram,Central,GEN
76,SANKAR S,Veerath Thiyagi Viswanathadoss Thozhilalarkal Katchi,566,76.27,Veerath Thiyagi Viswanathadoss Thozhilalarkal Katchi,Tirukkoyilur,Villupuram,Central,GEN
76,JAYAVINDAN G,IND,480,76.27,IND,Tirukkoyilur,Villupuram,Central,GEN
76,MATHIVANAN S,IND,412,76.27,IND,Tirukkoyilur,Villupuram,Central,GEN
76,MAGESH M,IND,276,76.27,IND,Tirukkoyilur,Villupuram,Central,GEN
76,RAJINI VR,Naadaalum Makkal Katchi,231,76.27,Naadaalum Makkal Katchi,Tirukkoyilur,Villupuram,Central,GEN
76,KATHIRAVAN K,IND,189,76.27,IND,Tirukkoyilur,Villupuram,Central,GEN
77,MANIKANNAN A J,DMK,115451,82.62,DMK,Ulundurpet,Villupuram,Central,GEN
77,KUMARAGURU R,AIADMK,110195,82.62,AIADMK,Ulundurpet,Villupuram,Central,GEN
77,Pushbamary L,NTK,9000,82.62,NTK,Ulundurpet,Villupuram,Central,GEN
77,K.G.P.Rajamani,AMMK,2848,82.62,AMMK,Ulundurpet,Villupuram,Central,GEN
77,None Of The Above,NOTA,2280,82.62,NOTA,Ulundurpet,Villupuram,Central,GEN
77,MANIKANNAN M,IND,2107,82.62,IND,Ulundurpet,Villupuram,Central,GEN
77,SATHIYAMOORTHY,BSP,825,82.62,BSP,Ulundurpet,Villupuram,Central,GEN
77,CHINNAIYAN S,MNM,677,82.62,MNM,Ulundurpet,Villupuram,Central,GEN
77,RAJASTALIN K,IND,352,82.62,IND,Ulundurpet,Villupuram,Central,GEN
77,MANI R,Veerath Thiyagi Viswanathadoss Thozhilalarkal Katchi,299,82.62,Veerath Thiyagi Viswanathadoss Thozhilalarkal Katchi,Ulundurpet,Villupuram,Central,GEN
77,DEEPA,My India Party,263,82.62,My India Party,Ulundurpet,Villupuram,Central,GEN
77,VENkATESAN M,CPI(ML)(L),143,82.62,CPI(ML)(L),Ulundurpet,Villupuram,Central,GEN
77,RAJAMANI  K,IND,117,82.62,IND,Ulundurpet,Villupuram,Central,GEN
77,KUMAR A,Indhia Kudiarasu Katchi,110,82.62,Indhia Kudiarasu Katchi,Ulundurpet,Villupuram,Central,GEN
77,KATHIRVEL M,IND,105,82.62,IND,Ulundurpet,Villupuram,Central,GEN
77,DHANAPAL P,LJP,81,82.62,LJP,Ulundurpet,Villupuram,Central,GEN
78,KARTHIKEYAN K,DMK,113912,80.18,DMK,Rishivandiam,Villupuram,Central,GEN
78,SANTHOSH S A,AIADMK,72184,80.18,AIADMK,Rishivandiam,Villupuram,Central,GEN
78,SURESH MANIVANNAN R,NTK,12066,80.18,NTK,Rishivandiam,Villupuram,Central,GEN
78,PRABHU S,AMMK,10387,80.18,AMMK,Rishivandiam,Villupuram,Central,GEN
78,None Of The Above,NOTA,2420,80.18,NOTA,Rishivandiam,Villupuram,Central,GEN
78,MURUGAN K,IND,1508,80.18,IND,Rishivandiam,Villupuram,Central,GEN
78,SHANMUGASUNDARAM K,MNM,640,80.18,MNM,Rishivandiam,Villupuram,Central,GEN
78,VEERAN S,BSP,426,80.18,BSP,Rishivandiam,Villupuram,Central,GEN
78,SANTHOSH M,IND,308,80.18,IND,Rishivandiam,Villupuram,Central,GEN
78,CHANDRASEKARAN V,IND,287,80.18,IND,Rishivandiam,Villupuram,Central,GEN
78,GURU K,IND,268,80.18,IND,Rishivandiam,Villupuram,Central,GEN
78,TAMILVANAN M,My India Party,151,80.18,My India Party,Rishivandiam,Villupuram,Central,GEN
78,VENKATRAMAN J,Naadaalum Makkal Katchi,149,80.18,Naadaalum Makkal Katchi,Rishivandiam,Villupuram,Central,GEN
78,NARAYANAN A,Anna MGR Dravida Makkal Kalgam,142,80.18,Anna MGR Dravida Makkal Kalgam,Rishivandiam,Villupuram,Central,GEN
78,RADHAKRISHNAN K,Makkal Munnetra Peravai,129,80.18,Makkal Munnetra Peravai,Rishivandiam,Villupuram,Central,GEN
78,KARTHIK G,IND,129,80.18,IND,Rishivandiam,Villupuram,Central,GEN
79,UDHAYASURIYAN T,DMK,121186,79.58,DMK,Sankarapuram,Villupuram,Central,GEN
79,Dr.RAJA G,PMK,75223,79.58,PMK,Sankarapuram,Villupuram,Central,GEN
79,RAJIYAMA B,NTK,9873,79.58,NTK,Sankarapuram,Villupuram,Central,GEN
79,ARUL P,IND,2120,79.58,IND,Sankarapuram,Villupuram,Central,GEN
79,MANNAN M P,IND,1156,79.58,IND,Sankarapuram,Villupuram,Central,GEN
79,None Of The Above,NOTA,953,79.58,NOTA,Sankarapuram,Villupuram,Central,GEN
79,MAYILAMPARAI MARI A,IND,844,79.58,IND,Sankarapuram,Villupuram,Central,GEN
79,Sakthivel S,BSP,810,79.58,BSP,Sankarapuram,Villupuram,Central,GEN
79,VIMALAMARY S,Anna MGR Dravida Makkal Kalgam,609,79.58,Anna MGR Dravida Makkal Kalgam,Sankarapuram,Villupuram,Central,GEN
79,RAMESH G,IJK,460,79.58,IJK,Sankarapuram,Villupuram,Central,GEN
79,KUBENDIRAN A,IND,428,79.58,IND,Sankarapuram,Villupuram,Central,GEN
79,MUJIBUR RAGIMAN M,AIMIM,379,79.58,AIMIM,Sankarapuram,Villupuram,Central,GEN
79,DHANAM K,IND,348,79.58,IND,Sankarapuram,Villupuram,Central,GEN
79,BABUGANESH S,IND,293,79.58,IND,Sankarapuram,Villupuram,Central,GEN
79,GOPINATH E,IND,272,79.58,IND,Sankarapuram,Villupuram,Central,GEN
79,OVIYAR ANANDH C,LJP,257,79.58,LJP,Sankarapuram,Villupuram,Central,GEN
79,ARUNKENNADI A P,All  India  Pattali  Munnetra Katchi,203,79.58,All  India  Pattali  Munnetra Katchi,Sankarapuram,Villupuram,Central,GEN
79,UTHAYAKUMAR A,IND,166,79.58,IND,Sankarapuram,Villupuram,Central,GEN
79,JAYAPRAKASH K,IND,134,79.58,IND,Sankarapuram,Villupuram,Central,GEN
79,RAJKUMAR  E,IND,88,79.58,IND,Sankarapuram,Villupuram,Central,GEN
80,Senthilkumar.M,AIADMK,110643,78.16,AIADMK,Kallakurichi,Villupuram,Central,SC
80,Manirathinem.K.I,INC,84752,78.16,INC,Kallakurichi,Villupuram,Central,SC
80,Dravidamuthamilselvi.D,NTK,16474,78.16,NTK,Kallakurichi,Villupuram,Central,SC
80,Vijayakumar.N,DMDK,6571,78.16,DMDK,Kallakurichi,Villupuram,Central,SC
80,None Of The Above,NOTA,1257,78.16,NOTA,Kallakurichi,Villupuram,Central,SC
80,Devimangayarkarasi.K,IND,1197,78.16,IND,Kallakurichi,Villupuram,Central,SC
80,Palanisamy.A,BSP,1097,78.16,BSP,Kallakurichi,Villupuram,Central,SC
80,Prabu.C,IND,937,78.16,IND,Kallakurichi,Villupuram,Central,SC
80,Ayyasamy.M,IJK,871,78.16,IJK,Kallakurichi,Villupuram,Central,SC
80,Suriyaprakash.M,IND,659,78.16,IND,Kallakurichi,Villupuram,Central,SC
80,Selvaraj.M,IND,266,78.16,IND,Kallakurichi,Villupuram,Central,SC
80,Subramaniyan.P,IND,250,78.16,IND,Kallakurichi,Villupuram,Central,SC
80,Dinesh.M,My India Party,198,78.16,My India Party,Kallakurichi,Villupuram,Central,SC
80,Elaiyaperumal.K,IND,185,78.16,IND,Kallakurichi,Villupuram,Central,SC
80,Kuppusamy.K,Anna MGR Dravida Makkal Kalgam,171,78.16,Anna MGR Dravida Makkal Kalgam,Kallakurichi,Villupuram,Central,SC
80,Sivakumar.S,IND,125,78.16,IND,Kallakurichi,Villupuram,Central,SC
80,Gurusamy.M,IND,103,78.16,IND,Kallakurichi,Villupuram,Central,SC
80,Oviyar Ananth,LJP,102,78.16,LJP,Kallakurichi,Villupuram,Central,SC
81,"NALLATHAMBI,A.",AIADMK,89568,77.11,AIADMK,Gangavalli,Salem,Central,SC
81,"REKHA PRIYADHARSHINI,J.",DMK,82207,77.11,DMK,Gangavalli,Salem,Central,SC
81,"VINOTHINI,R.",NTK,9323,77.11,NTK,Gangavalli,Salem,Central,SC
81,"PANDIAN,A.",AMMK,1519,77.11,AMMK,Gangavalli,Salem,Central,SC
81,None Of The Above,NOTA,1251,77.11,NOTA,Gangavalli,Salem,Central,SC
81,"NAVAN,P.",Puthiya Tamilagam,609,77.11,Puthiya Tamilagam,Gangavalli,Salem,Central,SC
81,"PERIYASAMY,K.",IJK,493,77.11,IJK,Gangavalli,Salem,Central,SC
81,"SELLAMMAL,V.M.",BSP,485,77.11,BSP,Gangavalli,Salem,Central,SC
81,"SARAVANAN,R.",IND,396,77.11,IND,Gangavalli,Salem,Central,SC
81,"SENTHILKUMAR,K.",IND,392,77.11,IND,Gangavalli,Salem,Central,SC
81,"CHANDRASEKARAN,K.",IND,155,77.11,IND,Gangavalli,Salem,Central,SC
81,"AYYADURAI,J.",IND,105,77.11,IND,Gangavalli,Salem,Central,SC
82,"JAYASANKARAN, A.P.",AIADMK,95308,77.26,AIADMK,Attur,Salem,Central,SC
82,"CHINNADURAI, K.",DMK,87051,77.26,DMK,Attur,Salem,Central,SC
82,"KRISHNAVENI, S.",NTK,10233,77.26,NTK,Attur,Salem,Central,SC
82,"SIVAKUMAR, P.",MNM,1959,77.26,MNM,Attur,Salem,Central,SC
82,None Of The Above,NOTA,1834,77.26,NOTA,Attur,Salem,Central,SC
82,"MADHESWARAN, S.",AMMK,1699,77.26,AMMK,Attur,Salem,Central,SC
82,"PERIYANNAN, M.",BSP,494,77.26,BSP,Attur,Salem,Central,SC
82,"ARUMUGAM, D.",IND,367,77.26,IND,Attur,Salem,Central,SC
82,"SADHA SIVAM, R.",Ambedkarite Party of India,241,77.26,Ambedkarite Party of India,Attur,Salem,Central,SC
82,"SILAMBARASAN, J.",IND,222,77.26,IND,Attur,Salem,Central,SC
82,"JANARTHANAM, A.",Dhesiya Makkal Kazhagam,215,77.26,Dhesiya Makkal Kazhagam,Attur,Salem,Central,SC
82,"MATHESWARI, K.K.",Anna Dravidar Kazhagam,120,77.26,Anna Dravidar Kazhagam,Attur,Salem,Central,SC
83,G. Chitra,AIADMK,121561,83.09,AIADMK,Yercaud,Salem,Central,ST
83,C. TAMILSELVAN,DMK,95606,83.09,DMK,Yercaud,Salem,Central,ST
83,Jothi,NTK,13308,83.09,NTK,Yercaud,Salem,Central,ST
83,C. KUMAR,DMDK,2986,83.09,DMDK,Yercaud,Salem,Central,ST
83,None Of The Above,NOTA,1979,83.09,NOTA,Yercaud,Salem,Central,ST
83,T. Duraisamy,IJK,876,83.09,IJK,Yercaud,Salem,Central,ST
83,D. MADESH,IND,660,83.09,IND,Yercaud,Salem,Central,ST
83,P. Ramasamy,BSP,579,83.09,BSP,Yercaud,Salem,Central,ST
83,K. Manikandan,IND,490,83.09,IND,Yercaud,Salem,Central,ST
83,T. Priya,IND,289,83.09,IND,Yercaud,Salem,Central,ST
83,Santhosam,IND,167,83.09,IND,Yercaud,Salem,Central,ST
83,S.T. Rajendhiran,IND,165,83.09,IND,Yercaud,Salem,Central,ST
83,P. SATHISHKUMAR,IND,148,83.09,IND,Yercaud,Salem,Central,ST
83,K. UNNAMALAI,IND,110,83.09,IND,Yercaud,Salem,Central,ST
84,R.MANI,AIADMK,142488,83.28,AIADMK,Omalur,Salem,Central,GEN
84,RANGARAJAN MOHAN KUMARAMANGALAM,INC,87194,83.28,INC,Omalur,Salem,Central,GEN
84,A.RAJA,NTK,9416,83.28,NTK,Omalur,Salem,Central,GEN
84,V.SRINIVASAN,MNM,2930,83.28,MNM,Omalur,Salem,Central,GEN
84,None Of The Above,NOTA,1600,83.28,NOTA,Omalur,Salem,Central,GEN
84,M.KARUNAKARAN,Tamil Nadu Ilangyar Katchi,1228,83.28,Tamil Nadu Ilangyar Katchi,Omalur,Salem,Central,GEN
84,K.K.MADHESWARAN,AMMK,1202,83.28,AMMK,Omalur,Salem,Central,GEN
84,N.V.THOMAS,BSP,812,83.28,BSP,Omalur,Salem,Central,GEN
84,R.MURUGAN,IND,676,83.28,IND,Omalur,Salem,Central,GEN
84,P.RAJA,IND,434,83.28,IND,Omalur,Salem,Central,GEN
84,R.MANI,IND,284,83.28,IND,Omalur,Salem,Central,GEN
84,S.DHIVYA,Dhesiya Makkal Kazhagam,281,83.28,Dhesiya Makkal Kazhagam,Omalur,Salem,Central,GEN
84,S.MANI,IND,149,83.28,IND,Omalur,Salem,Central,GEN
84,K.GOVINDARAJU,IND,118,83.28,IND,Omalur,Salem,Central,GEN
84,E.MANI,IND,111,83.28,IND,Omalur,Salem,Central,GEN
84,T.SURESH,IND,104,83.28,IND,Omalur,Salem,Central,GEN
85,SADHASIVAM.S,PMK,97055,75.01,PMK,Mettur,Salem,Central,GEN
85,SRINIVASAPERUMAL.S,DMK,96399,75.01,DMK,Mettur,Salem,Central,GEN
85,MANIKANDAN.C,NTK,9109,75.01,NTK,Mettur,Salem,Central,GEN
85,ANUSUYA.P,MNM,4605,75.01,MNM,Mettur,Salem,Central,GEN
85,SELVAN,IND,2823,75.01,IND,Mettur,Salem,Central,GEN
85,None Of The Above,NOTA,2247,75.01,NOTA,Mettur,Salem,Central,GEN
85,RAMESH ARAVIND.M,DMDK,1874,75.01,DMDK,Mettur,Salem,Central,GEN
85,THANGAVEL. K,Dhesiya Makkal Kazhagam,1783,75.01,Dhesiya Makkal Kazhagam,Mettur,Salem,Central,GEN
85,AMBIKA.A,IND,738,75.01,IND,Mettur,Salem,Central,GEN
85,BANUPRIYA.P,Ganasangam Party of India,435,75.01,Ganasangam Party of India,Mettur,Salem,Central,GEN
85,SADHASIVAM.P,IND,386,75.01,IND,Mettur,Salem,Central,GEN
85,Dr.PADMARAJAN.K,IND,325,75.01,IND,Mettur,Salem,Central,GEN
85,SEKAR.P,IND,269,75.01,IND,Mettur,Salem,Central,GEN
85,RASAPPAN.K,My India Party,226,75.01,My India Party,Mettur,Salem,Central,GEN
85,ARIVAZHAGAN.P,IND,168,75.01,IND,Mettur,Salem,Central,GEN
86,EDAPPADI PALANISWAMI. K,AIADMK,163154,85.64,AIADMK,Edapadi,Salem,Central,GEN
86,SAMBATHKUMAR. T,DMK,69352,85.64,DMK,Edapadi,Salem,Central,GEN
86,SHRI RATHNA,NTK,6626,85.64,NTK,Edapadi,Salem,Central,GEN
86,THASAPPARAJ. D,MNM,1547,85.64,MNM,Edapadi,Salem,Central,GEN
86,None Of The Above,NOTA,1109,85.64,NOTA,Edapadi,Salem,Central,GEN
86,JAMUNA. A,BSP,815,85.64,BSP,Edapadi,Salem,Central,GEN
86,POOKADAI SEKAR. N,AMMK,774,85.64,AMMK,Edapadi,Salem,Central,GEN
86,KATHIRAVAN. V,IND,555,85.64,IND,Edapadi,Salem,Central,GEN
86,IYYAPPAN. P,IND,483,85.64,IND,Edapadi,Salem,Central,GEN
86,GUHESHKUMAR. M,IND,474,85.64,IND,Edapadi,Salem,Central,GEN
86,KATHIRESAN. L,IND,407,85.64,IND,Edapadi,Salem,Central,GEN
86,AGNI SRI RAMACHANDRAN. N,IND,261,85.64,IND,Edapadi,Salem,Central,GEN
86,LOGANATHAN. S,IND,208,85.64,IND,Edapadi,Salem,Central,GEN
86,STALIN. A,IND,202,85.64,IND,Edapadi,Salem,Central,GEN
86,LAKSHMI. G,IND,199,85.64,IND,Edapadi,Salem,Central,GEN
86,ESWARAMOORTHY P,IND,166,85.64,IND,Edapadi,Salem,Central,GEN
86,MANIKANDAN. R,Tamil Nadu Ilangyar Katchi,153,85.64,Tamil Nadu Ilangyar Katchi,Edapadi,Salem,Central,GEN
86,SOCIAL WORKER ESWARI. P,Ambedkarite Party of India,135,85.64,Ambedkarite Party of India,Edapadi,Salem,Central,GEN
86,GUNASEKARAN. K.N,My India Party,118,85.64,My India Party,Edapadi,Salem,Central,GEN
86,MURUGAN. M,IND,91,85.64,IND,Edapadi,Salem,Central,GEN
86,ESWARAMURTHY. N,IND,89,85.64,IND,Edapadi,Salem,Central,GEN
86,SHANMUGAM. G,IND,66,85.64,IND,Edapadi,Salem,Central,GEN
86,SURIYAMOORTHY. S,MGR Makkal Katchi,64,85.64,MGR Makkal Katchi,Edapadi,Salem,Central,GEN
86,BALASUBRAMANIAM. J,IND,61,85.64,IND,Edapadi,Salem,Central,GEN
86,MANI. C,Dhesiya Makkal Kazhagam,47,85.64,Dhesiya Makkal Kazhagam,Edapadi,Salem,Central,GEN
86,SOWNTHARARAJAN. G,IND,44,85.64,IND,Edapadi,Salem,Central,GEN
86,BALAMURUGAN. M,IND,39,85.64,IND,Edapadi,Salem,Central,GEN
86,DR. PADMARAJAN. K,IND,36,85.64,IND,Edapadi,Salem,Central,GEN
86,PALANISAMY. A,IND,26,85.64,IND,Edapadi,Salem,Central,GEN
87,"SUNDARARAJAN, S.",AIADMK,115472,83.71,AIADMK,Sankari,Salem,Central,GEN
87,"RAJESH, K.M.",DMK,95427,83.71,DMK,Sankari,Salem,Central,GEN
87,"SHOBANA, S.",NTK,10862,83.71,NTK,Sankari,Salem,Central,GEN
87,"SENGODAN, K.",MNM,3175,83.71,MNM,Sankari,Salem,Central,GEN
87,"CHELLAMUTHU, A.",AMMK,1471,83.71,AMMK,Sankari,Salem,Central,GEN
87,None Of The Above,NOTA,1469,83.71,NOTA,Sankari,Salem,Central,GEN
87,"BAKKIYAMANI, M.",IND,847,83.71,IND,Sankari,Salem,Central,GEN
87,"SIVALINGAM, C.",Tamilaga Makkal Thannurimai Katchi,814,83.71,Tamilaga Makkal Thannurimai Katchi,Sankari,Salem,Central,GEN
87,"PALANIYAPPAN, M.",IND,525,83.71,IND,Sankari,Salem,Central,GEN
87,"PRABHU, K.",IND,481,83.71,IND,Sankari,Salem,Central,GEN
87,"MANIVEL, P.",IND,278,83.71,IND,Sankari,Salem,Central,GEN
87,"DURAIRAJ, C.",IND,211,83.71,IND,Sankari,Salem,Central,GEN
87,"RAVIKUMAR, P.",Ganasangam Party of India,200,83.71,Ganasangam Party of India,Sankari,Salem,Central,GEN
87,"GOPALAKRISHNAN, S.",IND,166,83.71,IND,Sankari,Salem,Central,GEN
87,"AROKIASAMI, A.",IND,135,83.71,IND,Sankari,Salem,Central,GEN
87,"JAGANNATHAN, M.",IND,119,83.71,IND,Sankari,Salem,Central,GEN
87,"JAGANATHAN, I.",IND,99,83.71,IND,Sankari,Salem,Central,GEN
87,"SENGOTEN, R.",IND,97,83.71,IND,Sankari,Salem,Central,GEN
87,"SETTU, K.",My India Party,96,83.71,My India Party,Sankari,Salem,Central,GEN
87,"GUNASEKARAN, M.",IND,95,83.71,IND,Sankari,Salem,Central,GEN
87,"SATHISHKUMAR, V.",IND,89,83.71,IND,Sankari,Salem,Central,GEN
87,"VIJAYAKUMAR, P.",IND,55,83.71,IND,Sankari,Salem,Central,GEN
87,"VENGADACHALAM, T.",IND,33,83.71,IND,Sankari,Salem,Central,GEN
87,"VIJI @ VIJAYAN, K.",IND,31,83.71,IND,Sankari,Salem,Central,GEN
88,ARUL. R,PMK,105483,71.81,PMK,Salem (West),Salem,Central,GEN
88,RAJENDRAN. A,DMK,83984,71.81,DMK,Salem (West),Salem,Central,GEN
88,NAGAMMAL. S,NTK,10668,71.81,NTK,Salem (West),Salem,Central,GEN
88,THIYAGARAJAN. A,MNM,7939,71.81,MNM,Salem (West),Salem,Central,GEN
88,ALAGAAPURAM R. MOHANRAJ,DMDK,2307,71.81,DMDK,Salem (West),Salem,Central,GEN
88,None Of The Above,NOTA,1683,71.81,NOTA,Salem (West),Salem,Central,GEN
88,VIJAYAKUMAR. R,Dhesiya Makkal Kazhagam,639,71.81,Dhesiya Makkal Kazhagam,Salem (West),Salem,Central,GEN
88,KARTHIKEYAN. J,Tamil Nadu Ilangyar Katchi,580,71.81,Tamil Nadu Ilangyar Katchi,Salem (West),Salem,Central,GEN
88,KATHIRVEL. A,My India Party,330,71.81,My India Party,Salem (West),Salem,Central,GEN
88,THIYAGARAJAN. M,IND,315,71.81,IND,Salem (West),Salem,Central,GEN
88,TAMIL SELVAN. S,BSP,283,71.81,BSP,Salem (West),Salem,Central,GEN
88,SARATHKUMAR. S,IND,241,71.81,IND,Salem (West),Salem,Central,GEN
88,KATHAVARAYAN. S,IND,232,71.81,IND,Salem (West),Salem,Central,GEN
88,SIVARAMAN. S,IND,222,71.81,IND,Salem (West),Salem,Central,GEN
88,GOPI. M,IND,211,71.81,IND,Salem (West),Salem,Central,GEN
88,CHANDRASEKARAN. G,IND,191,71.81,IND,Salem (West),Salem,Central,GEN
88,MUTHUSAMY. R,Tamilaga Makkal Thannurimai Katchi,164,71.81,Tamilaga Makkal Thannurimai Katchi,Salem (West),Salem,Central,GEN
88,RAJENDIRAN. B,IND,132,71.81,IND,Salem (West),Salem,Central,GEN
88,JEEVANANTHAM. M,IND,129,71.81,IND,Salem (West),Salem,Central,GEN
88,RAMKUMAR. R,IND,128,71.81,IND,Salem (West),Salem,Central,GEN
88,MARIMUTHU. M,IND,120,71.81,IND,Salem (West),Salem,Central,GEN
88,INBARAJ. A,IND,110,71.81,IND,Salem (West),Salem,Central,GEN
88,NATARAJAN. C,IND,105,71.81,IND,Salem (West),Salem,Central,GEN
88,SENTHILKUMAR. A,Anaithu Makkal Puratchi Katchi,99,71.81,Anaithu Makkal Puratchi Katchi,Salem (West),Salem,Central,GEN
88,SABBAPATHI. M,IND,93,71.81,IND,Salem (West),Salem,Central,GEN
88,MURUGAN. A,IND,79,71.81,IND,Salem (West),Salem,Central,GEN
88,GOPINATH. R,IND,68,71.81,IND,Salem (West),Salem,Central,GEN
88,MAYAKANNAN. M,IND,57,71.81,IND,Salem (West),Salem,Central,GEN
88,BALAJI. D,IND,36,71.81,IND,Salem (West),Salem,Central,GEN
89,R. RAJENDRAN,DMK,93432,72.14,DMK,Salem (North),Salem,Central,GEN
89,G.VENKATACHALAM,AIADMK,85844,72.14,AIADMK,Salem (North),Salem,Central,GEN
89,R S GURU CHAKRAVARTHY,MNM,10718,72.14,MNM,Salem (North),Salem,Central,GEN
89,IMAYAESWARAN N,NTK,8155,72.14,NTK,Salem (North),Salem,Central,GEN
89,None Of The Above,NOTA,1539,72.14,NOTA,Salem (North),Salem,Central,GEN
89,C NATARAJAN,AMMK,805,72.14,AMMK,Salem (North),Salem,Central,GEN
89,M.P.PANNEER SELVAM,NPP,345,72.14,NPP,Salem (North),Salem,Central,GEN
89,S VELAN,BSP,300,72.14,BSP,Salem (North),Salem,Central,GEN
89,A RAMESHKUMAR,IND,213,72.14,IND,Salem (North),Salem,Central,GEN
89,R PALANISAMY,IND,208,72.14,IND,Salem (North),Salem,Central,GEN
89,S RAJASEKAR,IND,177,72.14,IND,Salem (North),Salem,Central,GEN
89,N DEVARAJ,IND,167,72.14,IND,Salem (North),Salem,Central,GEN
89,M AHAMEDSHAHJAHAN,MGR Makkal Katchi,96,72.14,MGR Makkal Katchi,Salem (North),Salem,Central,GEN
89,M.SHANMUGA SUNDARAM,IND,73,72.14,IND,Salem (North),Salem,Central,GEN
89,R SENTHILKUMAR,IND,63,72.14,IND,Salem (North),Salem,Central,GEN
89,VAATHIAR C MURUGAN,Ambedkarite Party of India,55,72.14,Ambedkarite Party of India,Salem (North),Salem,Central,GEN
89,M.R.NAWAZUDIEEN,IND,50,72.14,IND,Salem (North),Salem,Central,GEN
89,T.VIJAYA RAJ,IND,45,72.14,IND,Salem (North),Salem,Central,GEN
89,S. BABU,My India Party,39,72.14,My India Party,Salem (North),Salem,Central,GEN
89,P.RAMACHANDRAN,IND,27,72.14,IND,Salem (North),Salem,Central,GEN
89,D.MURALI,Dhesiya Makkal Kazhagam,25,72.14,Dhesiya Makkal Kazhagam,Salem (North),Salem,Central,GEN
90,E.BALASUBRAMANIAN,AIADMK,97506,76.0,AIADMK,Salem (South),Salem,Central,GEN
90,A.S.SARAVANAN,DMK,74897,76.0,DMK,Salem (South),Salem,Central,GEN
90,M.PRABU MANIKANDAN,MNM,10368,76.0,MNM,Salem (South),Salem,Central,GEN
90,S.MARIAMMA,NTK,10176,76.0,NTK,Salem (South),Salem,Central,GEN
90,SE.VENKATAJALAM,AMMK,2970,76.0,AMMK,Salem (South),Salem,Central,GEN
90,None Of The Above,NOTA,1860,76.0,NOTA,Salem (South),Salem,Central,GEN
90,S.MURALI,BSP,400,76.0,BSP,Salem (South),Salem,Central,GEN
90,R.SUNDARAM,IND,311,76.0,IND,Salem (South),Salem,Central,GEN
90,B.DEVI,IND,224,76.0,IND,Salem (South),Salem,Central,GEN
90,K.SELVARAJ,IND,210,76.0,IND,Salem (South),Salem,Central,GEN
90,SAMUNDESWARI.V,IND,149,76.0,IND,Salem (South),Salem,Central,GEN
90,R.VELMURUGAN,CPI(ML)(L),133,76.0,CPI(ML)(L),Salem (South),Salem,Central,GEN
90,K.N.VEERASENAN,IND,112,76.0,IND,Salem (South),Salem,Central,GEN
90,M.SUNDAR,Ambedkarite Party of India,87,76.0,Ambedkarite Party of India,Salem (South),Salem,Central,GEN
90,SATHIYAPRIYA,RPI(A),79,76.0,RPI(A),Salem (South),Salem,Central,GEN
90,R.ELAVARASAN,Veerath Thiyagi Viswanathadoss Thozhilalarkal Katchi,75,76.0,Veerath Thiyagi Viswanathadoss Thozhilalarkal Katchi,Salem (South),Salem,Central,GEN
90,S.SARAVANAN,IND,63,76.0,IND,Salem (South),Salem,Central,GEN
90,M.KUMAR,IND,62,76.0,IND,Salem (South),Salem,Central,GEN
90,S.RAJI,Dhesiya Makkal Kazhagam,61,76.0,Dhesiya Makkal Kazhagam,Salem (South),Salem,Central,GEN
90,M.PERIYASAMY,IND,61,76.0,IND,Salem (South),Salem,Central,GEN
90,N.MAYAKANNAN,IND,58,76.0,IND,Salem (South),Salem,Central,GEN
90,S.KRISHNAKUMAR,IND,46,76.0,IND,Salem (South),Salem,Central,GEN
90,D.M.MOHAMMAD NAZEERUDEEN,IND,26,76.0,IND,Salem (South),Salem,Central,GEN
90,K.YASIN BASHA,IND,26,76.0,IND,Salem (South),Salem,Central,GEN
90,K.MARIAPPAN,IND,22,76.0,IND,Salem (South),Salem,Central,GEN
91,"RAJAMUTHU, M.",AIADMK,111682,85.64,AIADMK,Veerapandi,Salem,Central,GEN
91,"THARUN, A.K.",DMK,91787,85.64,DMK,Veerapandi,Salem,Central,GEN
91,"RAJESHKUMAR, S.",NTK,9806,85.64,NTK,Veerapandi,Salem,Central,GEN
91,"SELVAM, S.K.",AMMK,4986,85.64,AMMK,Veerapandi,Salem,Central,GEN
91,None Of The Above,NOTA,1409,85.64,NOTA,Veerapandi,Salem,Central,GEN
91,"AMUTHA, R.",IJK,1302,85.64,IJK,Veerapandi,Salem,Central,GEN
91,"MOHAN, V.",IND,386,85.64,IND,Veerapandi,Salem,Central,GEN
91,"CHINNANANN, M.",BSP,361,85.64,BSP,Veerapandi,Salem,Central,GEN
91,"VENKAT, A.",IND,324,85.64,IND,Veerapandi,Salem,Central,GEN
91,"SENTHILMURUGAN, E.",IND,265,85.64,IND,Veerapandi,Salem,Central,GEN
91,"RAJARATHINAM, K.",IND,237,85.64,IND,Veerapandi,Salem,Central,GEN
91,INDRAJITH GUPTHA,IND,230,85.64,IND,Veerapandi,Salem,Central,GEN
91,"SEKAR, M.",IND,208,85.64,IND,Veerapandi,Salem,Central,GEN
91,"MANI, M.",My India Party,133,85.64,My India Party,Veerapandi,Salem,Central,GEN
91,"MOHAN, P.",SUCI,129,85.64,SUCI,Veerapandi,Salem,Central,GEN
91,SATHIYAVANI,Dhesiya Makkal Kazhagam,118,85.64,Dhesiya Makkal Kazhagam,Veerapandi,Salem,Central,GEN
91,"SENTHILKUMAR, J.",IND,94,85.64,IND,Veerapandi,Salem,Central,GEN
91,"PRABAKARAN, P.",Veerath Thiyagi Viswanathadoss Thozhilalarkal Katchi,69,85.64,Veerath Thiyagi Viswanathadoss Thozhilalarkal Katchi,Veerapandi,Salem,Central,GEN
91,"VAITHI, M.",IND,62,85.64,IND,Veerapandi,Salem,Central,GEN
91,"MANIKANDAN, S.",All India Jananayaka Makkal Kazhagam,59,85.64,All India Jananayaka Makkal Kazhagam,Veerapandi,Salem,Central,GEN
91,"RAMESH, C.",IND,55,85.64,IND,Veerapandi,Salem,Central,GEN
92,MATHIVENTHAN M,DMK,90727,82.05,DMK,Rasipuram,Namakkal,Central,SC
92,SAROJA V. Dr,AIADMK,88775,82.05,AIADMK,Rasipuram,Namakkal,Central,SC
92,SILAMBARASI K,NTK,11295,82.05,NTK,Rasipuram,Namakkal,Central,SC
92,None Of The Above,NOTA,2110,82.05,NOTA,Rasipuram,Namakkal,Central,SC
92,RAMKUMAR R,IJK,1133,82.05,IJK,Rasipuram,Namakkal,Central,SC
92,ANBALAGAN S,AMMK,1051,82.05,AMMK,Rasipuram,Namakkal,Central,SC
92,MUNIYAPPAN M,IND,450,82.05,IND,Rasipuram,Namakkal,Central,SC
92,VIJAYA K,BSP,351,82.05,BSP,Rasipuram,Namakkal,Central,SC
92,ARULMOZHIDEVAN P,Tamilaga Makkal Thannurimai Katchi,217,82.05,Tamilaga Makkal Thannurimai Katchi,Rasipuram,Namakkal,Central,SC
92,PALANIVEL S,IND,151,82.05,IND,Rasipuram,Namakkal,Central,SC
92,CHINNUSAMY P,Ganasangam Party of India,147,82.05,Ganasangam Party of India,Rasipuram,Namakkal,Central,SC
92,JAYANTHI M,Ambedkarite Party of India,142,82.05,Ambedkarite Party of India,Rasipuram,Namakkal,Central,SC
92,MADHIYAZHAGAN D,IND,123,82.05,IND,Rasipuram,Namakkal,Central,SC
92,POONGODI S,IND,88,82.05,IND,Rasipuram,Namakkal,Central,SC
92,MANIVANNAN A,IND,81,82.05,IND,Rasipuram,Namakkal,Central,SC
92,SEERANGAN P,IND,63,82.05,IND,Rasipuram,Namakkal,Central,SC
93,PONNUSAMY K,DMK,90681,80.93,DMK,Sendamangalam,Namakkal,Central,ST
93,CHANDRAN S,AIADMK,80188,80.93,AIADMK,Sendamangalam,Namakkal,Central,ST
93,ROHINI T,NTK,11654,80.93,NTK,Sendamangalam,Namakkal,Central,ST
93,CHANDRASEKARAN C,IND,11371,80.93,IND,Sendamangalam,Namakkal,Central,ST
93,None Of The Above,NOTA,2058,80.93,NOTA,Sendamangalam,Namakkal,Central,ST
93,CHANDRAN P,AMMK,831,80.93,AMMK,Sendamangalam,Namakkal,Central,ST
93,RAMASAMY K.V,IND,672,80.93,IND,Sendamangalam,Namakkal,Central,ST
93,SELVARAJ V,IJK,431,80.93,IJK,Sendamangalam,Namakkal,Central,ST
93,RAMESH R,IND,251,80.93,IND,Sendamangalam,Namakkal,Central,ST
93,MUTHUSAMY C,IND,227,80.93,IND,Sendamangalam,Namakkal,Central,ST
93,THIYAGARAJAN C,IND,202,80.93,IND,Sendamangalam,Namakkal,Central,ST
93,SANKAR P,IND,195,80.93,IND,Sendamangalam,Namakkal,Central,ST
93,RANCHITH C,IND,137,80.93,IND,Sendamangalam,Namakkal,Central,ST
93,DURAIRAJ S,IND,131,80.93,IND,Sendamangalam,Namakkal,Central,ST
93,PRASATH S,IND,119,80.93,IND,Sendamangalam,Namakkal,Central,ST
93,DINESH C,IND,87,80.93,IND,Sendamangalam,Namakkal,Central,ST
94,RAMALINGAM P,DMK,106494,78.57,DMK,Namakkal,Namakkal,Central,GEN
94,BASKAR K.P.P.,AIADMK,78633,78.57,AIADMK,Namakkal,Namakkal,Central,GEN
94,BASKAR B,NTK,10122,78.57,NTK,Namakkal,Namakkal,Central,GEN
94,ADHAM FAROOK S,MNM,5589,78.57,MNM,Namakkal,Namakkal,Central,GEN
94,None Of The Above,NOTA,1285,78.57,NOTA,Namakkal,Namakkal,Central,GEN
94,SELVI K,DMDK,972,78.57,DMDK,Namakkal,Namakkal,Central,GEN
94,TAMIZHVANAN K,Tamilaga Makkal Thannurimai Katchi,433,78.57,Tamilaga Makkal Thannurimai Katchi,Namakkal,Namakkal,Central,GEN
94,RAMESH T,Ahimsa Socialist Party,313,78.57,Ahimsa Socialist Party,Namakkal,Namakkal,Central,GEN
94,ARUL SELVAN,IND,291,78.57,IND,Namakkal,Namakkal,Central,GEN
94,RAMASAMY P,BSP,261,78.57,BSP,Namakkal,Namakkal,Central,GEN
94,CHO V,IND,253,78.57,IND,Namakkal,Namakkal,Central,GEN
94,DEEPAN CHAKKRAVARTHI S,IND,249,78.57,IND,Namakkal,Namakkal,Central,GEN
94,ANBUMANI,IND,223,78.57,IND,Namakkal,Namakkal,Central,GEN
94,SELVAKUMAR R,IND,198,78.57,IND,Namakkal,Namakkal,Central,GEN
94,THIYAGARAJAN R,Samaniya Makkal Nala Katchi,193,78.57,Samaniya Makkal Nala Katchi,Namakkal,Namakkal,Central,GEN
94,KANAKARAJ K,Ganasangam Party of India,175,78.57,Ganasangam Party of India,Namakkal,Namakkal,Central,GEN
94,SELVAKUMAR E,Manitha Urimaigal Kalaagam,149,78.57,Manitha Urimaigal Kalaagam,Namakkal,Namakkal,Central,GEN
94,SARAVANAN A,NPP,132,78.57,NPP,Namakkal,Namakkal,Central,GEN
94,RAMALINGAM K,IND,118,78.57,IND,Namakkal,Namakkal,Central,GEN
94,MADHESWARAN A.S,My India Party,114,78.57,My India Party,Namakkal,Namakkal,Central,GEN
94,SURESH KUMAR L,IND,107,78.57,IND,Namakkal,Namakkal,Central,GEN
94,JAYARAMACHANDRAN P,IND,101,78.57,IND,Namakkal,Namakkal,Central,GEN
94,MUTHUSAMY S,IND,87,78.57,IND,Namakkal,Namakkal,Central,GEN
94,JAWAHAR,IND,86,78.57,IND,Namakkal,Namakkal,Central,GEN
94,SIVAKUMAR D,Anna Puratchi Thalaivar Amma Dravida Munnetra Kazhagam,78,78.57,Anna Puratchi Thalaivar Amma Dravida Munnetra Kazhagam,Namakkal,Namakkal,Central,GEN
94,SARAVANAN S,Naadaalum Makkal Katchi,58,78.57,Naadaalum Makkal Katchi,Namakkal,Namakkal,Central,GEN
94,KUPPUSAMY M,IND,45,78.57,IND,Namakkal,Namakkal,Central,GEN
95,SEKAR S,AIADMK,86034,81.14,AIADMK,Paramathi-Velur,Namakkal,Central,GEN
95,MOORTHIY K S,DMK,78372,81.14,DMK,Paramathi-Velur,Namakkal,Central,GEN
95,UVARANI K,NTK,11684,81.14,NTK,Paramathi-Velur,Namakkal,Central,GEN
95,NATARAJAN K,MNM,1882,81.14,MNM,Paramathi-Velur,Namakkal,Central,GEN
95,SAMINATHAN P P,AMMK,1329,81.14,AMMK,Paramathi-Velur,Namakkal,Central,GEN
95,None Of The Above,NOTA,964,81.14,NOTA,Paramathi-Velur,Namakkal,Central,GEN
95,RAMAN V,BSP,495,81.14,BSP,Paramathi-Velur,Namakkal,Central,GEN
95,SEKAR R,IND,368,81.14,IND,Paramathi-Velur,Namakkal,Central,GEN
95,SUNDARAM N,IND,280,81.14,IND,Paramathi-Velur,Namakkal,Central,GEN
95,SEKAR N,IND,270,81.14,IND,Paramathi-Velur,Namakkal,Central,GEN
95,DEVANDRAN G,IND,259,81.14,IND,Paramathi-Velur,Namakkal,Central,GEN
95,PAPATHI R,IND,232,81.14,IND,Paramathi-Velur,Namakkal,Central,GEN
95,NALLAPPAN K,IND,219,81.14,IND,Paramathi-Velur,Namakkal,Central,GEN
95,THANGARASU M,IND,178,81.14,IND,Paramathi-Velur,Namakkal,Central,GEN
95,SEERANGAN P,IND,156,81.14,IND,Paramathi-Velur,Namakkal,Central,GEN
95,SUNDARAM S,United States of India Party,136,81.14,United States of India Party,Paramathi-Velur,Namakkal,Central,GEN
95,MANI K,Ganasangam Party of India,132,81.14,Ganasangam Party of India,Paramathi-Velur,Namakkal,Central,GEN
95,JAYAKUMAR K,IND,112,81.14,IND,Paramathi-Velur,Namakkal,Central,GEN
95,PARTHASARATHY S,IND,88,81.14,IND,Paramathi-Velur,Namakkal,Central,GEN
95,MOORTHY M,IND,87,81.14,IND,Paramathi-Velur,Namakkal,Central,GEN
95,KARTHIKEYAN N,IND,70,81.14,IND,Paramathi-Velur,Namakkal,Central,GEN
95,SAMYNATHAN G,IND,68,81.14,IND,Paramathi-Velur,Namakkal,Central,GEN
95,SATHISKUMAR D,IND,67,81.14,IND,Paramathi-Velur,Namakkal,Central,GEN
95,KUZHANDAIVEL K,IND,65,81.14,IND,Paramathi-Velur,Namakkal,Central,GEN
95,PERIASAMY R,IND,52,81.14,IND,Paramathi-Velur,Namakkal,Central,GEN
95,PRABHAHARAN M,IND,42,81.14,IND,Paramathi-Velur,Namakkal,Central,GEN
95,BALAJI R,IND,35,81.14,IND,Paramathi-Velur,Namakkal,Central,GEN
95,BALASUBRAMANIAN A,IND,21,81.14,IND,Paramathi-Velur,Namakkal,Central,GEN
96,ESWARAN E R,DMK,81688,78.71,DMK,Tiruchengode,Namakkal,Central,GEN
96,SARASWATHI PON,AIADMK,78826,78.71,AIADMK,Tiruchengode,Namakkal,Central,GEN
96,NATARAJAN P,NTK,13967,78.71,NTK,Tiruchengode,Namakkal,Central,GEN
96,JANAGARAJ R,MNM,3724,78.71,MNM,Tiruchengode,Namakkal,Central,GEN
96,None Of The Above,NOTA,1518,78.71,NOTA,Tiruchengode,Namakkal,Central,GEN
96,SHANMUGASUNDARAM T,IND,666,78.71,IND,Tiruchengode,Namakkal,Central,GEN
96,KALAIVANAN A,My India Party,515,78.71,My India Party,Tiruchengode,Namakkal,Central,GEN
96,HEMALATHA R,AMMK,449,78.71,AMMK,Tiruchengode,Namakkal,Central,GEN
96,SATHIESHKUMAR C,IND,391,78.71,IND,Tiruchengode,Namakkal,Central,GEN
96,BALAMURUGAN C,IND,379,78.71,IND,Tiruchengode,Namakkal,Central,GEN
96,KARTHIKEYAN S,IND,375,78.71,IND,Tiruchengode,Namakkal,Central,GEN
96,SENGOTTUVELLU N,Ahimsa Socialist Party,358,78.71,Ahimsa Socialist Party,Tiruchengode,Namakkal,Central,GEN
96,ESWARAN M,IND,326,78.71,IND,Tiruchengode,Namakkal,Central,GEN
96,CHANDRA R,IND,210,78.71,IND,Tiruchengode,Namakkal,Central,GEN
96,SIVAKUMAR K,Tamilaga Makkal Thannurimai Katchi,204,78.71,Tamilaga Makkal Thannurimai Katchi,Tiruchengode,Namakkal,Central,GEN
96,SELVARAMLINGAM,IND,200,78.71,IND,Tiruchengode,Namakkal,Central,GEN
96,VELU K,IND,127,78.71,IND,Tiruchengode,Namakkal,Central,GEN
96,YUVARAJKUMAR K,Namathu Kongu Munnetra Kalagam,100,78.71,Namathu Kongu Munnetra Kalagam,Tiruchengode,Namakkal,Central,GEN
96,RANJIT R,IND,96,78.71,IND,Tiruchengode,Namakkal,Central,GEN
96,SARASWATHI M,IND,76,78.71,IND,Tiruchengode,Namakkal,Central,GEN
96,CHINNATHAMBI K,RPI(A),75,78.71,RPI(A),Tiruchengode,Namakkal,Central,GEN
96,SELVARAJ K R,IND,62,78.71,IND,Tiruchengode,Namakkal,Central,GEN
96,ESWARAN K,IND,61,78.71,IND,Tiruchengode,Namakkal,Central,GEN
96,BALAJICHEZHIAN P,IND,54,78.71,IND,Tiruchengode,Namakkal,Central,GEN
96,BALAMURUGAN S,IND,53,78.71,IND,Tiruchengode,Namakkal,Central,GEN
96,ESWARAN A,IND,52,78.71,IND,Tiruchengode,Namakkal,Central,GEN
96,ESWARAN G,IND,49,78.71,IND,Tiruchengode,Namakkal,Central,GEN
96,SARAVANAN K,IND,43,78.71,IND,Tiruchengode,Namakkal,Central,GEN
96,SENTHILKUMAR C,IND,25,78.71,IND,Tiruchengode,Namakkal,Central,GEN
97,THANGAMANI.P,AIADMK,100800,78.85,AIADMK,Kumarapalayam,Namakkal,Central,GEN
97,M.VENKATACHALAM,DMK,69154,78.85,DMK,Kumarapalayam,Namakkal,Central,GEN
97,S.VARUN,NTK,13240,78.85,NTK,Kumarapalayam,Namakkal,Central,GEN
97,OMMSHARRAVANA.S,IND,7342,78.85,IND,Kumarapalayam,Namakkal,Central,GEN
97,K.KAMARAJ,MNM,6125,78.85,MNM,Kumarapalayam,Namakkal,Central,GEN
97,None Of The Above,NOTA,1342,78.85,NOTA,Kumarapalayam,Namakkal,Central,GEN
97,K.R.SIVASUBIRAMANIYAN,DMDK,1022,78.85,DMDK,Kumarapalayam,Namakkal,Central,GEN
97,P.SENGODAGOUNDAR,IND,411,78.85,IND,Kumarapalayam,Namakkal,Central,GEN
97,R.KUMARESAN,Manitha Urimaigal Kalaagam,304,78.85,Manitha Urimaigal Kalaagam,Kumarapalayam,Namakkal,Central,GEN
97,M.DHANASEKARAN,IND,252,78.85,IND,Kumarapalayam,Namakkal,Central,GEN
97,SARAVANAN,IND,242,78.85,IND,Kumarapalayam,Namakkal,Central,GEN
97,GOWRISANKARAN,IND,200,78.85,IND,Kumarapalayam,Namakkal,Central,GEN
97,S.PONGIYANNAN,IND,194,78.85,IND,Kumarapalayam,Namakkal,Central,GEN
97,B.BALAKRISHNAN,IND,188,78.85,IND,Kumarapalayam,Namakkal,Central,GEN
97,KARTHI,IND,155,78.85,IND,Kumarapalayam,Namakkal,Central,GEN
97,K.SELLAPPAN,IND,131,78.85,IND,Kumarapalayam,Namakkal,Central,GEN
97,V.AMIRTHALINGAM,IND,119,78.85,IND,Kumarapalayam,Namakkal,Central,GEN
97,SUBRAMANI.S,CPI(ML)(L),113,78.85,CPI(ML)(L),Kumarapalayam,Namakkal,Central,GEN
97,P.VENKATACHALAM,IND,101,78.85,IND,Kumarapalayam,Namakkal,Central,GEN
97,K.VENKATACHALAM,IND,78,78.85,IND,Kumarapalayam,Namakkal,Central,GEN
97,M.KATHAVARAYAN,IND,76,78.85,IND,Kumarapalayam,Namakkal,Central,GEN
97,GOPALAKRISHNAN,IND,63,78.85,IND,Kumarapalayam,Namakkal,Central,GEN
97,R.KUMAR,Ambedkarite Party of India,57,78.85,Ambedkarite Party of India,Kumarapalayam,Namakkal,Central,GEN
97,G.RAJUGANESAN,IND,42,78.85,IND,Kumarapalayam,Namakkal,Central,GEN
97,S.PRABHAKARAN,IND,37,78.85,IND,Kumarapalayam,Namakkal,Central,GEN
97,K.A.VIJAYAN,IND,35,78.85,IND,Kumarapalayam,Namakkal,Central,GEN
97,M.YUVARAJ,IND,30,78.85,IND,Kumarapalayam,Namakkal,Central,GEN
97,A.VENKATACHALAM,IND,27,78.85,IND,Kumarapalayam,Namakkal,Central,GEN
97,G.RAGAVENDIRAN,IND,23,78.85,IND,Kumarapalayam,Namakkal,Central,GEN
97,MANIKANDAN,IND,22,78.85,IND,Kumarapalayam,Namakkal,Central,GEN
98,"THIRUMAHAN EVERAA,E.",INC,67300,66.24,INC,Erode (East),Erode,Kongu,GEN
98,"YUVARAJA,M.",AIADMK,58396,66.24,AIADMK,Erode (East),Erode,Kongu,GEN
98,"GOMATHI,S.",NTK,11629,66.24,NTK,Erode (East),Erode,Kongu,GEN
98,"RAJAKUMAR,A.M.R",MNM,10005,66.24,MNM,Erode (East),Erode,Kongu,GEN
98,None Of The Above,NOTA,1546,66.24,NOTA,Erode (East),Erode,Kongu,GEN
98,"MUTHUKUMARAN,S.A.",AMMK,1204,66.24,AMMK,Erode (East),Erode,Kongu,GEN
98,ARUMUGA AC KANNAN,Ambedkarite Party of India,373,66.24,Ambedkarite Party of India,Erode (East),Erode,Kongu,GEN
98,"GOVINDARAJ,S.",BSP,372,66.24,BSP,Erode (East),Erode,Kongu,GEN
98,"MEENAKSHI,V.",IND,299,66.24,IND,Erode (East),Erode,Kongu,GEN
98,"SHAJAHAN,I.",IND,256,66.24,IND,Erode (East),Erode,Kongu,GEN
98,"YUVARAJ,M.",IND,235,66.24,IND,Erode (East),Erode,Kongu,GEN
98,"SHANMUGAVEL,S.",MGR Makkal Katchi,151,66.24,MGR Makkal Katchi,Erode (East),Erode,Kongu,GEN
98,"RAJA,P.","Makkal Thilagam Munnetra Kazhagam,",102,66.24,"Makkal Thilagam Munnetra Kazhagam,",Erode (East),Erode,Kongu,GEN
98,"ANTONY PETER,L.",IND,96,66.24,IND,Erode (East),Erode,Kongu,GEN
98,"MINNAL MURUGESH,R.",IND,73,66.24,IND,Erode (East),Erode,Kongu,GEN
99,Muthusamy S,DMK,100757,69.36,DMK,Erode (West),Erode,Kongu,GEN
99,Ramalingam K V,AIADMK,78668,69.36,AIADMK,Erode (West),Erode,Kongu,GEN
99,Chandra kumar P,NTK,13353,69.36,NTK,Erode (West),Erode,Kongu,GEN
99,Durai Sevugan,MNM,8107,69.36,MNM,Erode (West),Erode,Kongu,GEN
99,None Of The Above,NOTA,1968,69.36,NOTA,Erode (West),Erode,Kongu,GEN
99,Sivasubramaniyan S,AMMK,730,69.36,AMMK,Erode (West),Erode,Kongu,GEN
99,Dhanalakshmi A,BSP,568,69.36,BSP,Erode (West),Erode,Kongu,GEN
99,Vimala M,IND,434,69.36,IND,Erode (West),Erode,Kongu,GEN
99,Muthusamy A,IND,189,69.36,IND,Erode (West),Erode,Kongu,GEN
99,VENGATESAN A,IND,179,69.36,IND,Erode (West),Erode,Kongu,GEN
99,Kalithass R,IND,169,69.36,IND,Erode (West),Erode,Kongu,GEN
99,Chandran M,Ambedkarite Party of India,113,69.36,Ambedkarite Party of India,Erode (West),Erode,Kongu,GEN
99,Thangavel G,United States of India Party,109,69.36,United States of India Party,Erode (West),Erode,Kongu,GEN
99,Madhan K,Ganasangam Party of India,108,69.36,Ganasangam Party of India,Erode (West),Erode,Kongu,GEN
99,Iyyavu R,IND,73,69.36,IND,Erode (West),Erode,Kongu,GEN
99,Balasubramaniam K,India Dravida Makkal Munnetra Katchi,54,69.36,India Dravida Makkal Munnetra Katchi,Erode (West),Erode,Kongu,GEN
100,SARASWATHI.C,BJP,78125,75.26,BJP,Modakurichi,Erode,Kongu,GEN
100,SUBBULAKSHMI JEGADEESAN,DMK,77844,75.26,DMK,Modakurichi,Erode,Kongu,GEN
100,PRAKASH.G,NTK,12944,75.26,NTK,Modakurichi,Erode,Kongu,GEN
100,RAJESHKUMAR.M,MNM,4574,75.26,MNM,Modakurichi,Erode,Kongu,GEN
100,None Of The Above,NOTA,2342,75.26,NOTA,Modakurichi,Erode,Kongu,GEN
100,THANGARAJ.D,AMMK,1547,75.26,AMMK,Modakurichi,Erode,Kongu,GEN
100,BOOPATHI.R,BSP,1143,75.26,BSP,Modakurichi,Erode,Kongu,GEN
100,SAMI KANDHASAMY,IND,882,75.26,IND,Modakurichi,Erode,Kongu,GEN
100,VIJAYAKUMAR.M,IND,569,75.26,IND,Modakurichi,Erode,Kongu,GEN
100,MAYILSAMY.P,IND,335,75.26,IND,Modakurichi,Erode,Kongu,GEN
100,MANICKAM.R,Ganasangam Party of India,327,75.26,Ganasangam Party of India,Modakurichi,Erode,Kongu,GEN
100,GOVANAM THANGAVEL.K.S,IND,301,75.26,IND,Modakurichi,Erode,Kongu,GEN
100,MAHESWARAN .A,My India Party,295,75.26,My India Party,Modakurichi,Erode,Kongu,GEN
100,BHARATHI.L,IND,275,75.26,IND,Modakurichi,Erode,Kongu,GEN
100,RAMESH.M,Namathu Kongu Munnetra Kalagam,235,75.26,Namathu Kongu Munnetra Kalagam,Modakurichi,Erode,Kongu,GEN
100,MANI.P,India Dravida Makkal Munnetra Katchi,119,75.26,India Dravida Makkal Munnetra Katchi,Modakurichi,Erode,Kongu,GEN
101,KAYALVIZHI N,DMK,89986,74.15,DMK,Dharapuram,Erode,Kongu,SC
101,MURUGAN L,BJP,88593,74.15,BJP,Dharapuram,Erode,Kongu,SC
101,RANJITHA K,NTK,6753,74.15,NTK,Dharapuram,Erode,Kongu,SC
101,CHARLI A,MNM,2130,74.15,MNM,Dharapuram,Erode,Kongu,SC
101,None Of The Above,NOTA,1903,74.15,NOTA,Dharapuram,Erode,Kongu,SC
101,KALARANI C,AMMK,1172,74.15,AMMK,Dharapuram,Erode,Kongu,SC
101,KAYALVIZHI K,IND,892,74.15,IND,Dharapuram,Erode,Kongu,SC
101,MURUGAN A,IND,826,74.15,IND,Dharapuram,Erode,Kongu,SC
101,RANGASAMY S,BSP,640,74.15,BSP,Dharapuram,Erode,Kongu,SC
101,SELVARAJ V,IND,233,74.15,IND,Dharapuram,Erode,Kongu,SC
101,MUNIYAPPAN A,Anna Puratchi Thalaivar Amma Dravida Munnetra Kazhagam,220,74.15,Anna Puratchi Thalaivar Amma Dravida Munnetra Kazhagam,Dharapuram,Erode,Kongu,SC
101,KAYALVIZHI P,IND,202,74.15,IND,Dharapuram,Erode,Kongu,SC
101,KARTHIKEYAN A,IND,158,74.15,IND,Dharapuram,Erode,Kongu,SC
101,ANANTHI S,IND,157,74.15,IND,Dharapuram,Erode,Kongu,SC
101,CHIDAMBHARAM V,India Dravida Makkal Munnetra Katchi,126,74.15,India Dravida Makkal Munnetra Katchi,Dharapuram,Erode,Kongu,SC
102,SAMINATHAN.M.P,DMK,94197,77.19,DMK,Kangayam,Erode,Kongu,GEN
102,RAMALINGAM.A.S,AIADMK,86866,77.19,AIADMK,Kangayam,Erode,Kongu,GEN
102,SIVANANTHAM.K,NTK,11307,77.19,NTK,Kangayam,Erode,Kongu,GEN
102,APPASAMY.R,IND,2327,77.19,IND,Kangayam,Erode,Kongu,GEN
102,None Of The Above,NOTA,1027,77.19,NOTA,Kangayam,Erode,Kongu,GEN
102,RAMESH.C,AMMK,474,77.19,AMMK,Kangayam,Erode,Kongu,GEN
102,IMMANUVEL.R,IND,435,77.19,IND,Kangayam,Erode,Kongu,GEN
102,AYYAVU.N,BSP,421,77.19,BSP,Kangayam,Erode,Kongu,GEN
102,MANIKANDAN.R,IND,330,77.19,IND,Kangayam,Erode,Kongu,GEN
102,NITHIYANDHAN.C,IND,285,77.19,IND,Kangayam,Erode,Kongu,GEN
102,NALLAMUTHU.P,IND,276,77.19,IND,Kangayam,Erode,Kongu,GEN
102,MANI.A,IND,273,77.19,IND,Kangayam,Erode,Kongu,GEN
102,GOPINATH.P,IND,247,77.19,IND,Kangayam,Erode,Kongu,GEN
102,SELVAKUMAR.K,IND,225,77.19,IND,Kangayam,Erode,Kongu,GEN
102,MANOHARAN.S,Anna Puratchi Thalaivar Amma Dravida Munnetra Kazhagam,134,77.19,Anna Puratchi Thalaivar Amma Dravida Munnetra Kazhagam,Kangayam,Erode,Kongu,GEN
102,SUBRAMANIAN.D,IND,124,77.19,IND,Kangayam,Erode,Kongu,GEN
102,PRABHAKARAN.G,IND,113,77.19,IND,Kangayam,Erode,Kongu,GEN
102,SATHYAMOORTHI.S,IND,107,77.19,IND,Kangayam,Erode,Kongu,GEN
102,RAVIKUMAR.R,IND,100,77.19,IND,Kangayam,Erode,Kongu,GEN
102,RAJENDRAN.B,IND,95,77.19,IND,Kangayam,Erode,Kongu,GEN
102,JAHANGEER.K.O.,IND,89,77.19,IND,Kangayam,Erode,Kongu,GEN
102,JOTHI KALIMUTHU.G,IND,84,77.19,IND,Kangayam,Erode,Kongu,GEN
102,VADUGANATHAN.K.K.,IND,83,77.19,IND,Kangayam,Erode,Kongu,GEN
102,SATHISH KUMAR.P,IND,62,77.19,IND,Kangayam,Erode,Kongu,GEN
102,SUKUMARAN.N,IND,59,77.19,IND,Kangayam,Erode,Kongu,GEN
102,RAJENDRAN.P,IND,40,77.19,IND,Kangayam,Erode,Kongu,GEN
102,RAMALINGAM.N,IND,38,77.19,IND,Kangayam,Erode,Kongu,GEN
103,"JAYAKUMAR, S.",AIADMK,85125,82.6,AIADMK,Perundurai,Erode,Kongu,GEN
103,KKC BALU,DMK,70618,82.6,DMK,Perundurai,Erode,Kongu,GEN
103,"LOGANATHAN, C.",NTK,10294,82.6,NTK,Perundurai,Erode,Kongu,GEN
103,THOPPU VENKATACHALAM (A) N.D .VENKATACHALAM,IND,9895,82.6,IND,Perundurai,Erode,Kongu,GEN
103,"NANDHAKUMAR, C. K.",MNM,3533,82.6,MNM,Perundurai,Erode,Kongu,GEN
103,SHANKARSAMY,IND,3336,82.6,IND,Perundurai,Erode,Kongu,GEN
103,"THAMBI, M.",BSP,1620,82.6,BSP,Perundurai,Erode,Kongu,GEN
103,None Of The Above,NOTA,1189,82.6,NOTA,Perundurai,Erode,Kongu,GEN
103,"KULANDAIVEL, P. R.",DMDK,858,82.6,DMDK,Perundurai,Erode,Kongu,GEN
103,"SATHISHKUMAR, N.",IND,799,82.6,IND,Perundurai,Erode,Kongu,GEN
103,"DHAKSHINAMURTHI, K. S.",Desiya Makkal Sakthi Katchi,618,82.6,Desiya Makkal Sakthi Katchi,Perundurai,Erode,Kongu,GEN
103,"SAMPATH KUMAR, K.",IND,245,82.6,IND,Perundurai,Erode,Kongu,GEN
103,"VENKADACHALAM, P. R.",IND,221,82.6,IND,Perundurai,Erode,Kongu,GEN
103,"GOPALAKRISHNAN, J.",IND,182,82.6,IND,Perundurai,Erode,Kongu,GEN
103,"DEVENDARAMANICKAM, S. R.",IND,180,82.6,IND,Perundurai,Erode,Kongu,GEN
103,"KARTHI, M.",IND,169,82.6,IND,Perundurai,Erode,Kongu,GEN
103,"BALAMURUGAN, M.",IND,129,82.6,IND,Perundurai,Erode,Kongu,GEN
103,"BALASUBRAMANI, V. M.",IND,128,82.6,IND,Perundurai,Erode,Kongu,GEN
103,"VELUSAMY, P.",Anna Puratchi Thalaivar Amma Dravida Munnetra Kazhagam,107,82.6,Anna Puratchi Thalaivar Amma Dravida Munnetra Kazhagam,Perundurai,Erode,Kongu,GEN
103,"JOTHIMURUGAN, P.",IND,106,82.6,IND,Perundurai,Erode,Kongu,GEN
103,"PRABAKARAN, D.",All India Jananayaka Makkal Kazhagam,102,82.6,All India Jananayaka Makkal Kazhagam,Perundurai,Erode,Kongu,GEN
103,"RAMESH, M.",Namathu Kongu Munnetra Kalagam,90,82.6,Namathu Kongu Munnetra Kalagam,Perundurai,Erode,Kongu,GEN
103,"MYILSAMY, M.",IND,86,82.6,IND,Perundurai,Erode,Kongu,GEN
103,"KRISHNAN, S.",IND,79,82.6,IND,Perundurai,Erode,Kongu,GEN
103,"JEEVA, N.",IND,74,82.6,IND,Perundurai,Erode,Kongu,GEN
103,"VENKATACHALAM, K.",IND,60,82.6,IND,Perundurai,Erode,Kongu,GEN
104,KARUPPANAN.K.C,AIADMK,100915,83.5,AIADMK,Bhavani,Erode,Kongu,GEN
104,DURAIRAJ.K.P,DMK,78392,83.5,DMK,Bhavani,Erode,Kongu,GEN
104,SATHYA.M,NTK,10471,83.5,NTK,Bhavani,Erode,Kongu,GEN
104,SADHANANDHAM.K,MNM,4221,83.5,MNM,Bhavani,Erode,Kongu,GEN
104,None Of The Above,NOTA,2079,83.5,NOTA,Bhavani,Erode,Kongu,GEN
104,SATHEESH KUMAR.P,IND,1224,83.5,IND,Bhavani,Erode,Kongu,GEN
104,RADHAKRISHNAN.M,AMMK,956,83.5,AMMK,Bhavani,Erode,Kongu,GEN
104,AMMASAI.K,Kongu  Desa  Marumalarchi  Makkal  Katchi,943,83.5,Kongu  Desa  Marumalarchi  Makkal  Katchi,Bhavani,Erode,Kongu,GEN
104,GOPAL.M,BSP,870,83.5,BSP,Bhavani,Erode,Kongu,GEN
104,PERUMAL.V.M,IND,419,83.5,IND,Bhavani,Erode,Kongu,GEN
104,JANARTHANAM.R.P,Tamilaga Makkal Thannurimai Katchi,322,83.5,Tamilaga Makkal Thannurimai Katchi,Bhavani,Erode,Kongu,GEN
104,STANLEY.G,IND,245,83.5,IND,Bhavani,Erode,Kongu,GEN
104,KARTHIKEYAN.P,IND,122,83.5,IND,Bhavani,Erode,Kongu,GEN
104,ABDUL KADHER.A,IND,107,83.5,IND,Bhavani,Erode,Kongu,GEN
104,APPICHI.T.K,IND,99,83.5,IND,Bhavani,Erode,Kongu,GEN
105,VENKATACHALAM.A.G,DMK,79096,79.69,DMK,Anthiyur,Erode,Kongu,GEN
105,SHANMUGAVEL.K.S,AIADMK,77821,79.69,AIADMK,Anthiyur,Erode,Kongu,GEN
105,SARAVANAN.M,NTK,8230,79.69,NTK,Anthiyur,Erode,Kongu,GEN
105,GURUNATHAN.M,MNM,2474,79.69,MNM,Anthiyur,Erode,Kongu,GEN
105,PRATHABAN.A,Ahimsa Socialist Party,2045,79.69,Ahimsa Socialist Party,Anthiyur,Erode,Kongu,GEN
105,SELVAM.S.R,AMMK,1212,79.69,AMMK,Anthiyur,Erode,Kongu,GEN
105,None Of The Above,NOTA,1027,79.69,NOTA,Anthiyur,Erode,Kongu,GEN
105,PATTAN.G,BSP,957,79.69,BSP,Anthiyur,Erode,Kongu,GEN
105,POORNACHANDRAN.S,IND,567,79.69,IND,Anthiyur,Erode,Kongu,GEN
105,THANGAVEL.M,IND,543,79.69,IND,Anthiyur,Erode,Kongu,GEN
105,SHANMUGAM.K,IND,503,79.69,IND,Anthiyur,Erode,Kongu,GEN
105,MUTHUSAMY.M,IND,428,79.69,IND,Anthiyur,Erode,Kongu,GEN
105,RAJENDRAN.K,Ganasangam Party of India,229,79.69,Ganasangam Party of India,Anthiyur,Erode,Kongu,GEN
105,KUMARASAMY.R,IND,225,79.69,IND,Anthiyur,Erode,Kongu,GEN
105,ANBALAGAN.K,IND,199,79.69,IND,Anthiyur,Erode,Kongu,GEN
105,SENGUTTUVAN.M.R,IND,184,79.69,IND,Anthiyur,Erode,Kongu,GEN
105,GEETHA.M,IND,152,79.69,IND,Anthiyur,Erode,Kongu,GEN
105,PERIYASAMY.T,IND,147,79.69,IND,Anthiyur,Erode,Kongu,GEN
105,KARTHIKEYAN.R,IND,132,79.69,IND,Anthiyur,Erode,Kongu,GEN
105,SHEIKDAVOOD.A.M,IND,111,79.69,IND,Anthiyur,Erode,Kongu,GEN
105,BAKKIYAM.M,India Dravida Makkal Munnetra Katchi,103,79.69,India Dravida Makkal Munnetra Katchi,Anthiyur,Erode,Kongu,GEN
106,SENGOTTAIYAN K.A,AIADMK,108608,82.52,AIADMK,Gobichettipalayam,Tirupur,Kongu,GEN
106,MANIMARAN G.V,DMK,80045,82.52,DMK,Gobichettipalayam,Tirupur,Kongu,GEN
106,SEETHALAKSHMI M.K,NTK,11719,82.52,NTK,Gobichettipalayam,Tirupur,Kongu,GEN
106,PRAKASH N.K,MNM,4291,82.52,MNM,Gobichettipalayam,Tirupur,Kongu,GEN
106,THULASIMANI N.K,AMMK,2682,82.52,AMMK,Gobichettipalayam,Tirupur,Kongu,GEN
106,None Of The Above,NOTA,1307,82.52,NOTA,Gobichettipalayam,Tirupur,Kongu,GEN
106,PALANISAMY P,BSP,1034,82.52,BSP,Gobichettipalayam,Tirupur,Kongu,GEN
106,MOHANRAJ K,IND,789,82.52,IND,Gobichettipalayam,Tirupur,Kongu,GEN
106,RAKKIMUTHU RANGANADAR R,IND,611,82.52,IND,Gobichettipalayam,Tirupur,Kongu,GEN
106,SRIDEVI R,IND,476,82.52,IND,Gobichettipalayam,Tirupur,Kongu,GEN
106,PALANISAMYRAAJ M,IND,430,82.52,IND,Gobichettipalayam,Tirupur,Kongu,GEN
106,BOOPATHIRAJA  A.N,IND,418,82.52,IND,Gobichettipalayam,Tirupur,Kongu,GEN
106,SAKTHIVEL G,India Dravida Makkal Munnetra Katchi,415,82.52,India Dravida Makkal Munnetra Katchi,Gobichettipalayam,Tirupur,Kongu,GEN
106,DHANABAL K,IND,311,82.52,IND,Gobichettipalayam,Tirupur,Kongu,GEN
106,DEVARAJ N,IND,307,82.52,IND,Gobichettipalayam,Tirupur,Kongu,GEN
106,MUTHUMANI P,IND,296,82.52,IND,Gobichettipalayam,Tirupur,Kongu,GEN
106,JUNAYATH M,IND,178,82.52,IND,Gobichettipalayam,Tirupur,Kongu,GEN
106,SANKARKUMAR K.A,IND,157,82.52,IND,Gobichettipalayam,Tirupur,Kongu,GEN
106,KUMAR D,IND,130,82.52,IND,Gobichettipalayam,Tirupur,Kongu,GEN
106,SELVAKKUMAR S,IND,77,82.52,IND,Gobichettipalayam,Tirupur,Kongu,GEN
107,A.Bannari,AIADMK,99181,77.37,AIADMK,Bhavanisagar,Tirupur,Kongu,SC
107,P.L SUNDARAM,CPI,83173,77.37,CPI,Bhavanisagar,Tirupur,Kongu,SC
107,V.SANGEETHA,NTK,8517,77.37,NTK,Bhavanisagar,Tirupur,Kongu,SC
107,KARTHIKKUMAR.K,MNM,4297,77.37,MNM,Bhavanisagar,Tirupur,Kongu,SC
107,RAMESH.G,DMDK,2197,77.37,DMDK,Bhavanisagar,Tirupur,Kongu,SC
107,None Of The Above,NOTA,2005,77.37,NOTA,Bhavanisagar,Tirupur,Kongu,SC
107,G.SAKTHIVEL,BSP,1197,77.37,BSP,Bhavanisagar,Tirupur,Kongu,SC
108,"GANESH, R.",INC,65530,67.82,INC,Udhagamandalam,Tirupur,Kongu,GEN
108,"BHOJARAJAN, M.",BJP,60182,67.82,BJP,Udhagamandalam,Tirupur,Kongu,GEN
108,"JAYAKUMAR, A.",NTK,6381,67.82,NTK,Udhagamandalam,Tirupur,Kongu,GEN
108,"Dr.SURESH BABU, S.",MNM,4935,67.82,MNM,Udhagamandalam,Tirupur,Kongu,GEN
108,None Of The Above,NOTA,1376,67.82,NOTA,Udhagamandalam,Tirupur,Kongu,GEN
108,"LAKSHMANAN, T.",AMMK,1273,67.82,AMMK,Udhagamandalam,Tirupur,Kongu,GEN
108,"AROKIYANATHAN, B.",IND,514,67.82,IND,Udhagamandalam,Tirupur,Kongu,GEN
108,"VINOTHKUMAR, M.A.",IND,431,67.82,IND,Udhagamandalam,Tirupur,Kongu,GEN
108,"KRISHNAMURTHI, B.",IND,255,67.82,IND,Udhagamandalam,Tirupur,Kongu,GEN
108,"A. SARDAR BABU, B.COM.",IND,225,67.82,IND,Udhagamandalam,Tirupur,Kongu,GEN
109,PON.JAYASEELAN,AIADMK,64496,72.15,AIADMK,Gudalur,Tirupur,Kongu,SC
109,"KASILINGAM, S.",DMK,62551,72.15,DMK,Gudalur,Tirupur,Kongu,SC
109,"KETHEESWARAN, R.",NTK,7317,72.15,NTK,Gudalur,Tirupur,Kongu,SC
109,"YOGESWARAN, A.",DMDK,1173,72.15,DMDK,Gudalur,Tirupur,Kongu,SC
109,None Of The Above,NOTA,1017,72.15,NOTA,Gudalur,Tirupur,Kongu,SC
109,"BABU, J.",MNM,960,72.15,MNM,Gudalur,Tirupur,Kongu,SC
109,"SARAVANAN, M.",IND,421,72.15,IND,Gudalur,Tirupur,Kongu,SC
109,"JAYAPRAKASH, P.",Tamilaga Makkal Thannurimai Katchi,322,72.15,Tamilaga Makkal Thannurimai Katchi,Gudalur,Tirupur,Kongu,SC
110,"Ramachandran, K.",DMK,61820,69.79,DMK,Coonoor,Tirupur,Kongu,GEN
110,"Vinoth, D.",AIADMK,57715,69.79,AIADMK,Coonoor,Tirupur,Kongu,GEN
110,"Lavanya, M.",NTK,7252,69.79,NTK,Coonoor,Tirupur,Kongu,GEN
110,"Rajakumar, H.B.",MNM,3621,69.79,MNM,Coonoor,Tirupur,Kongu,GEN
110,"Kalaiselvan, S.",AMMK,2527,69.79,AMMK,Coonoor,Tirupur,Kongu,GEN
110,None Of The Above,NOTA,1188,69.79,NOTA,Coonoor,Tirupur,Kongu,GEN
110,"Jayaprakash, D",IND,513,69.79,IND,Coonoor,Tirupur,Kongu,GEN
110,"Arumugam, R.",Anaithu Makkal Puratchi Katchi,439,69.79,Anaithu Makkal Puratchi Katchi,Coonoor,Tirupur,Kongu,GEN
110,"Prabhu Inbadass, S.",AITC,404,69.79,AITC,Coonoor,Tirupur,Kongu,GEN
110,"Basha, A.",IND,320,69.79,IND,Coonoor,Tirupur,Kongu,GEN
110,"Chandran, K.",IND,109,69.79,IND,Coonoor,Tirupur,Kongu,GEN
111,SELVARAJ A K,AIADMK,105231,75.14,AIADMK,Mettupalayam,Tirupur,Kongu,GEN
111,SHANMUGASUNDARAM T R,DMK,102775,75.14,DMK,Mettupalayam,Tirupur,Kongu,GEN
111,YASMIN K,NTK,10954,75.14,NTK,Mettupalayam,Tirupur,Kongu,GEN
111,None Of The Above,NOTA,2733,75.14,NOTA,Mettupalayam,Tirupur,Kongu,GEN
111,SARAVANAN P,AMMK,1864,75.14,AMMK,Mettupalayam,Tirupur,Kongu,GEN
111,SRINIVASAN S,IND,660,75.14,IND,Mettupalayam,Tirupur,Kongu,GEN
111,MAHESHWARAN K,Veerath Thiyagi Viswanathadoss Thozhilalarkal Katchi,274,75.14,Veerath Thiyagi Viswanathadoss Thozhilalarkal Katchi,Mettupalayam,Tirupur,Kongu,GEN
111,SHANMUGASUNDARAM P,IND,184,75.14,IND,Mettupalayam,Tirupur,Kongu,GEN
111,LIAKATHALI O,IND,183,75.14,IND,Mettupalayam,Tirupur,Kongu,GEN
111,SHANMUGASUNDARAM K,IND,115,75.14,IND,Mettupalayam,Tirupur,Kongu,GEN
111,MARIAPPAN T,IND,110,75.14,IND,Mettupalayam,Tirupur,Kongu,GEN
112,"DHANAPAL, P",AIADMK,117284,75.18,AIADMK,Avanashi,Tirupur,Kongu,SC
112,ATHIYAMAAN RAJU,DMK,66382,75.18,DMK,Avanashi,Tirupur,Kongu,SC
112,SHOBA,NTK,13256,75.18,NTK,Avanashi,Tirupur,Kongu,SC
112,"VENKATESWARAN, A",MNM,8379,75.18,MNM,Avanashi,Tirupur,Kongu,SC
112,"MEERA, K",DMDK,2577,75.18,DMDK,Avanashi,Tirupur,Kongu,SC
112,None Of The Above,NOTA,2372,75.18,NOTA,Avanashi,Tirupur,Kongu,SC
112,"DURAISAMY, P",BSP,833,75.18,BSP,Avanashi,Tirupur,Kongu,SC
112,"RANGASAMY, P",IND,520,75.18,IND,Avanashi,Tirupur,Kongu,SC
112,"MURUGESAN, R",IND,379,75.18,IND,Avanashi,Tirupur,Kongu,SC
112,"SAKUNTHALA, T",IND,179,75.18,IND,Avanashi,Tirupur,Kongu,SC
112,"ARUMUGAM, P",IND,173,75.18,IND,Avanashi,Tirupur,Kongu,SC
112,ANNAMALAI,IND,154,75.18,IND,Avanashi,Tirupur,Kongu,SC
112,"SUBRAMANI, K",India Dravida Makkal Munnetra Katchi,139,75.18,India Dravida Makkal Munnetra Katchi,Avanashi,Tirupur,Kongu,SC
113,VIJEYAKUMAR.K.N,AIADMK,113384,62.44,AIADMK,Tiruppur (North),Tirupur,Kongu,GEN
113,RAVI (Alias) SUBRAMANIAN . M,CPI,73282,62.44,CPI,Tiruppur (North),Tirupur,Kongu,GEN
113,EASWARAN.S,NTK,23110,62.44,NTK,Tiruppur (North),Tirupur,Kongu,GEN
113,SIVABALAN.S,MNM,19602,62.44,MNM,Tiruppur (North),Tirupur,Kongu,GEN
113,SELVAKUMAR.M,DMDK,3427,62.44,DMDK,Tiruppur (North),Tirupur,Kongu,GEN
113,None Of The Above,NOTA,2162,62.44,NOTA,Tiruppur (North),Tirupur,Kongu,GEN
113,ALAGHUSUNDARAM.P,Anna Dravidar Kazhagam,592,62.44,Anna Dravidar Kazhagam,Tiruppur (North),Tirupur,Kongu,GEN
113,CHANDRASEKARAN.R,BSP,477,62.44,BSP,Tiruppur (North),Tirupur,Kongu,GEN
113,SENTHILKUMAR.V,Anna Puratchi Thalaivar Amma Dravida Munnetra Kazhagam,428,62.44,Anna Puratchi Thalaivar Amma Dravida Munnetra Kazhagam,Tiruppur (North),Tirupur,Kongu,GEN
113,RANGASAMY.M,IND,366,62.44,IND,Tiruppur (North),Tirupur,Kongu,GEN
113,UDHAYAKUMAR.S,IND,342,62.44,IND,Tiruppur (North),Tirupur,Kongu,GEN
113,SENTHILVEL.A,IND,302,62.44,IND,Tiruppur (North),Tirupur,Kongu,GEN
113,MURUGA PANDI.S,IND,250,62.44,IND,Tiruppur (North),Tirupur,Kongu,GEN
113,DEIVASIGAMANI.K,Ezhuchi Tamilargal Munnetra Kazhagam,139,62.44,Ezhuchi Tamilargal Munnetra Kazhagam,Tiruppur (North),Tirupur,Kongu,GEN
113,SENTHILKUMAR.R,IND,133,62.44,IND,Tiruppur (North),Tirupur,Kongu,GEN
113,SENTHILKUMAR.T.N,IND,96,62.44,IND,Tiruppur (North),Tirupur,Kongu,GEN
114,SELVARAJ. K.,DMK,75535,62.74,DMK,Tiruppur (South),Nilgiris,Kongu,GEN
114,GUNASEKARAN. S.,AIADMK,70826,62.74,AIADMK,Tiruppur (South),Nilgiris,Kongu,GEN
114,SHANMUGASUNDARAM. K.,NTK,12898,62.74,NTK,Tiruppur (South),Nilgiris,Kongu,GEN
114,ANUSHA RAVI.,MNM,9934,62.74,MNM,Tiruppur (South),Nilgiris,Kongu,GEN
114,VISHALAKCHI. A.,AMMK,1757,62.74,AMMK,Tiruppur (South),Nilgiris,Kongu,GEN
114,None Of The Above,NOTA,1142,62.74,NOTA,Tiruppur (South),Nilgiris,Kongu,GEN
114,ARUNKUMAR. G.,Tamil Nadu Ilangyar Katchi,554,62.74,Tamil Nadu Ilangyar Katchi,Tiruppur (South),Nilgiris,Kongu,GEN
114,CHELLAPANDY. P.,BSP,312,62.74,BSP,Tiruppur (South),Nilgiris,Kongu,GEN
114,PRAKASH. R.,IND,265,62.74,IND,Tiruppur (South),Nilgiris,Kongu,GEN
114,SELVAN. K.,IND,224,62.74,IND,Tiruppur (South),Nilgiris,Kongu,GEN
114,ASLAM. J.,IND,164,62.74,IND,Tiruppur (South),Nilgiris,Kongu,GEN
114,SARVALOGA DAYABARAN. M.A.,IND,147,62.74,IND,Tiruppur (South),Nilgiris,Kongu,GEN
114,MUTHUSAMY. K.,IND,121,62.74,IND,Tiruppur (South),Nilgiris,Kongu,GEN
114,DEIVEEGAN. K.,Anna Puratchi Thalaivar Amma Dravida Munnetra Kazhagam,101,62.74,Anna Puratchi Thalaivar Amma Dravida Munnetra Kazhagam,Tiruppur (South),Nilgiris,Kongu,GEN
114,MALARVIZHI. G.,IND,83,62.74,IND,Tiruppur (South),Nilgiris,Kongu,GEN
114,GUNASEKARAN. M.,IND,80,62.74,IND,Tiruppur (South),Nilgiris,Kongu,GEN
114,KADER BASHA. A.,IND,76,62.74,IND,Tiruppur (South),Nilgiris,Kongu,GEN
114,SELVARAJ. A.,IND,68,62.74,IND,Tiruppur (South),Nilgiris,Kongu,GEN
114,GANESH. E.,IND,66,62.74,IND,Tiruppur (South),Nilgiris,Kongu,GEN
114,GUNASEKARAN. I.,IND,38,62.74,IND,Tiruppur (South),Nilgiris,Kongu,GEN
114,VIJAYAKUMAR. A.,IND,27,62.74,IND,Tiruppur (South),Nilgiris,Kongu,GEN
115,ANANDAN M S M,AIADMK,126903,66.7,AIADMK,Palladam,Nilgiris,Kongu,GEN
115,MUTHURATHINAM K,DMK,94212,66.7,DMK,Palladam,Nilgiris,Kongu,GEN
115,SUBRAMANIAN S,NTK,20524,66.7,NTK,Palladam,Nilgiris,Kongu,GEN
115,MAYILSAMY G,MNM,10227,66.7,MNM,Palladam,Nilgiris,Kongu,GEN
115,JOTHIMANI R,AMMK,2618,66.7,AMMK,Palladam,Nilgiris,Kongu,GEN
115,None Of The Above,NOTA,1802,66.7,NOTA,Palladam,Nilgiris,Kongu,GEN
115,MUTHURATHINAM M,IND,722,66.7,IND,Palladam,Nilgiris,Kongu,GEN
115,THUYAMANI R,IND,693,66.7,IND,Palladam,Nilgiris,Kongu,GEN
115,ANNADURAI R,BSP,610,66.7,BSP,Palladam,Nilgiris,Kongu,GEN
115,MURUGESAN K,IND,587,66.7,IND,Palladam,Nilgiris,Kongu,GEN
115,ANTONY MARIARAJ A,Tamil Nadu Ilangyar Katchi,530,66.7,Tamil Nadu Ilangyar Katchi,Palladam,Nilgiris,Kongu,GEN
115,MARUTHASALAM V,IND,365,66.7,IND,Palladam,Nilgiris,Kongu,GEN
115,RAMESH V,IND,315,66.7,IND,Palladam,Nilgiris,Kongu,GEN
115,UMANATH R,United States of India Party,309,66.7,United States of India Party,Palladam,Nilgiris,Kongu,GEN
115,VIJIYAKUMAR M,IND,218,66.7,IND,Palladam,Nilgiris,Kongu,GEN
115,THANGARAJ A,IND,215,66.7,IND,Palladam,Nilgiris,Kongu,GEN
115,MUTHURATHINAM L,IND,171,66.7,IND,Palladam,Nilgiris,Kongu,GEN
115,SIVAKUMAR G,Anna Puratchi Thalaivar Amma Dravida Munnetra Kazhagam,162,66.7,Anna Puratchi Thalaivar Amma Dravida Munnetra Kazhagam,Palladam,Nilgiris,Kongu,GEN
115,THINAKARAN K,Anna Dravidar Kazhagam,130,66.7,Anna Dravidar Kazhagam,Palladam,Nilgiris,Kongu,GEN
115,SARATHA T,IND,112,66.7,IND,Palladam,Nilgiris,Kongu,GEN
115,SHAHUL HAMEED M,IND,86,66.7,IND,Palladam,Nilgiris,Kongu,GEN
116,KANDASAMY V.P.,AIADMK,118968,75.57,AIADMK,Sulur,Nilgiris,Kongu,GEN
116,PREMIER SELVAM (a)KALICHAMY M,DMK,87036,75.57,DMK,Sulur,Nilgiris,Kongu,GEN
116,ELANGOVAN. G,NTK,14426,75.57,NTK,Sulur,Nilgiris,Kongu,GEN
116,RANGANATHAN. A,MNM,12658,75.57,MNM,Sulur,Nilgiris,Kongu,GEN
116,SENTHIL KUMAR. S.A.,AMMK,4111,75.57,AMMK,Sulur,Nilgiris,Kongu,GEN
116,None Of The Above,NOTA,2610,75.57,NOTA,Sulur,Nilgiris,Kongu,GEN
116,PREM KUMAR P,IND,380,75.57,IND,Sulur,Nilgiris,Kongu,GEN
116,NAGARAJ. K,Ganasangam Party of India,241,75.57,Ganasangam Party of India,Sulur,Nilgiris,Kongu,GEN
116,SELVA KUMAR D,IND,213,75.57,IND,Sulur,Nilgiris,Kongu,GEN
116,KARTHIKEYAN P,IND,209,75.57,IND,Sulur,Nilgiris,Kongu,GEN
116,SHANKAR GURU. M,IND,196,75.57,IND,Sulur,Nilgiris,Kongu,GEN
116,SELVAN S,IND,177,75.57,IND,Sulur,Nilgiris,Kongu,GEN
116,JAGADHEESH. S,My India Party,128,75.57,My India Party,Sulur,Nilgiris,Kongu,GEN
116,SHANMUGAM R,IND,116,75.57,IND,Sulur,Nilgiris,Kongu,GEN
116,SENTHIL KUMAR. S.A.P.,IND,101,75.57,IND,Sulur,Nilgiris,Kongu,GEN
116,KANDASAMY T,IND,83,75.57,IND,Sulur,Nilgiris,Kongu,GEN
117,G.Arunkumar,AIADMK,135669,66.13,AIADMK,Kavundampalayam,Coimbatore,Kongu,GEN
117,R.Krishnan,DMK,125893,66.13,DMK,Kavundampalayam,Coimbatore,Kongu,GEN
117,Pankaj Jain,MNM,23527,66.13,MNM,Kavundampalayam,Coimbatore,Kongu,GEN
117,Kalamani.M,NTK,17897,66.13,NTK,Kavundampalayam,Coimbatore,Kongu,GEN
117,None Of The Above,NOTA,2892,66.13,NOTA,Kavundampalayam,Coimbatore,Kongu,GEN
117,Aruna.M,AMMK,2002,66.13,AMMK,Kavundampalayam,Coimbatore,Kongu,GEN
117,Siva.K,Tamil Nadu Ilangyar Katchi,726,66.13,Tamil Nadu Ilangyar Katchi,Kavundampalayam,Coimbatore,Kongu,GEN
117,Pushpanantham.V,IND,420,66.13,IND,Kavundampalayam,Coimbatore,Kongu,GEN
117,Arunkumar.T,IND,296,66.13,IND,Kavundampalayam,Coimbatore,Kongu,GEN
117,Selvaraj.M,New Generation People’s Party,178,66.13,New Generation People’s Party,Kavundampalayam,Coimbatore,Kongu,GEN
117,Gnanaraj.M,IND,161,66.13,IND,Kavundampalayam,Coimbatore,Kongu,GEN
117,Krishnan.M,IND,140,66.13,IND,Kavundampalayam,Coimbatore,Kongu,GEN
117,Suriyakumar.K,IND,117,66.13,IND,Kavundampalayam,Coimbatore,Kongu,GEN
118,AMMAN K.ARJUNAN,AIADMK,81454,59.21,AIADMK,Coimbatore North,Coimbatore,Kongu,GEN
118,SHANMUGASUNDARAM V.M,DMK,77453,59.21,DMK,Coimbatore North,Coimbatore,Kongu,GEN
118,THANGAVELU R,MNM,26503,59.21,MNM,Coimbatore North,Coimbatore,Kongu,GEN
118,Balendran C.B,NTK,11433,59.21,NTK,Coimbatore North,Coimbatore,Kongu,GEN
118,None Of The Above,NOTA,1701,59.21,NOTA,Coimbatore North,Coimbatore,Kongu,GEN
118,APPATHURAI N.R,AMMK,1659,59.21,AMMK,Coimbatore North,Coimbatore,Kongu,GEN
118,DURAIRAJ K,Tamil Nadu Ilangyar Katchi,531,59.21,Tamil Nadu Ilangyar Katchi,Coimbatore North,Coimbatore,Kongu,GEN
118,BALAMURUGAN M,IND,313,59.21,IND,Coimbatore North,Coimbatore,Kongu,GEN
118,KEERTHIGA PARTHASARATHI,IND,250,59.21,IND,Coimbatore North,Coimbatore,Kongu,GEN
118,BALAJI V,IND,248,59.21,IND,Coimbatore North,Coimbatore,Kongu,GEN
118,MAHARISHI MANDHARACSALAM,IND,233,59.21,IND,Coimbatore North,Coimbatore,Kongu,GEN
118,NAVAMANI R,IND,141,59.21,IND,Coimbatore North,Coimbatore,Kongu,GEN
118,LOGANATHAN M,IND,140,59.21,IND,Coimbatore North,Coimbatore,Kongu,GEN
118,ARUL MURUGAN A,IND,139,59.21,IND,Coimbatore North,Coimbatore,Kongu,GEN
118,PANNEER SELVARAJ M,New Generation People’s Party,135,59.21,New Generation People’s Party,Coimbatore North,Coimbatore,Kongu,GEN
118,KANNAPIRAN V,Dravida Murpokku Makkal Katchi,128,59.21,Dravida Murpokku Makkal Katchi,Coimbatore North,Coimbatore,Kongu,GEN
118,KUMAR G.D.K,IND,124,59.21,IND,Coimbatore North,Coimbatore,Kongu,GEN
118,RAJKUMAR M.P,Makkal Munnetra Peravai,86,59.21,Makkal Munnetra Peravai,Coimbatore North,Coimbatore,Kongu,GEN
118,SHANMUGASUNDARAM K,IND,57,59.21,IND,Coimbatore North,Coimbatore,Kongu,GEN
118,DALIT. SU. JEYARAJ,IND,49,59.21,IND,Coimbatore North,Coimbatore,Kongu,GEN
118,RAMESHKUMAR D,IND,22,59.21,IND,Coimbatore North,Coimbatore,Kongu,GEN
119,S.P. VELUMANI,AIADMK,124225,70.22,AIADMK,Thondamuthur,Coimbatore,Kongu,GEN
119,KARTHIKEYA,DMK,82595,70.22,DMK,Thondamuthur,Coimbatore,Kongu,GEN
119,S. SHAJAHAN,MNM,11606,70.22,MNM,Thondamuthur,Coimbatore,Kongu,GEN
119,S. KALAIARASI,NTK,8042,70.22,NTK,Thondamuthur,Coimbatore,Kongu,GEN
119,None Of The Above,NOTA,1635,70.22,NOTA,Thondamuthur,Coimbatore,Kongu,GEN
119,R.SATHISHKUMAR,AMMK,1235,70.22,AMMK,Thondamuthur,Coimbatore,Kongu,GEN
119,A. MANSOOR ALI KHAN,IND,428,70.22,IND,Thondamuthur,Coimbatore,Kongu,GEN
119,J.JOHN EDWARD VISUVASAM,IND,312,70.22,IND,Thondamuthur,Coimbatore,Kongu,GEN
119,CC SELVAMOHAN,IND,175,70.22,IND,Thondamuthur,Coimbatore,Kongu,GEN
119,A. ABDUL GAFOOR,IND,142,70.22,IND,Thondamuthur,Coimbatore,Kongu,GEN
119,M. BADRAN,Ganasangam Party of India,136,70.22,Ganasangam Party of India,Thondamuthur,Coimbatore,Kongu,GEN
120,VANATHI SRINIVASAN,BJP,53209,60.69,BJP,Coimbatore South,Coimbatore,Kongu,GEN
120,KAMALHAASAN,MNM,51481,60.69,MNM,Coimbatore South,Coimbatore,Kongu,GEN
120,MAYURA S JAYAKUMAR,INC,42383,60.69,INC,Coimbatore South,Coimbatore,Kongu,GEN
120,ABDUL WAHAB,NTK,4300,60.69,NTK,Coimbatore South,Coimbatore,Kongu,GEN
120,None Of The Above,NOTA,901,60.69,NOTA,Coimbatore South,Coimbatore,Kongu,GEN
120,DURAISAMY @ CHALLENGER DURAI,AMMK,701,60.69,AMMK,Coimbatore South,Coimbatore,Kongu,GEN
120,ROSHAN,BSP,274,60.69,BSP,Coimbatore South,Coimbatore,Kongu,GEN
120,SUNDARAVADIVELU,IND,190,60.69,IND,Coimbatore South,Coimbatore,Kongu,GEN
120,DHANDABANI,IND,181,60.69,IND,Coimbatore South,Coimbatore,Kongu,GEN
120,SELVAKUMAR,IND,163,60.69,IND,Coimbatore South,Coimbatore,Kongu,GEN
120,PALANIKUMAR.V,IND,136,60.69,IND,Coimbatore South,Coimbatore,Kongu,GEN
120,NAGAVALLI,IND,135,60.69,IND,Coimbatore South,Coimbatore,Kongu,GEN
120,GOPALAKRISHNAN,New Generation People’s Party,127,60.69,New Generation People’s Party,Coimbatore South,Coimbatore,Kongu,GEN
120,JAYAPRAKASH.N,IND,102,60.69,IND,Coimbatore South,Coimbatore,Kongu,GEN
120,SANMUGAVEL,Ganasangam Party of India,76,60.69,Ganasangam Party of India,Coimbatore South,Coimbatore,Kongu,GEN
120,VIVEK SUBRAMANIAM,Manitha Urimaigal Kalaagam,74,60.69,Manitha Urimaigal Kalaagam,Coimbatore South,Coimbatore,Kongu,GEN
120,RAGHUL GANDHI .K,Hindustan Janta Party,73,60.69,Hindustan Janta Party,Coimbatore South,Coimbatore,Kongu,GEN
120,JAYACHANDRAN,IND,62,60.69,IND,Coimbatore South,Coimbatore,Kongu,GEN
120,VELLIMALAI,"Makkal Sananayaga Kudiyarasu Katchi,",59,60.69,"Makkal Sananayaga Kudiyarasu Katchi,",Coimbatore South,Coimbatore,Kongu,GEN
120,KUMAREASAN. K,IND,58,60.69,IND,Coimbatore South,Coimbatore,Kongu,GEN
120,ALPHONSERAJ,IND,51,60.69,IND,Coimbatore South,Coimbatore,Kongu,GEN
120,CHELLADURAI. S,IND,29,60.69,IND,Coimbatore South,Coimbatore,Kongu,GEN
121,"Jayaram, K.R",AIADMK,81244,61.73,AIADMK,Singanallur,Coimbatore,Kongu,GEN
121,"Karthik, N",DMK,70390,61.73,DMK,Singanallur,Coimbatore,Kongu,GEN
121,"Mahendran, R",MNM,36855,61.73,MNM,Singanallur,Coimbatore,Kongu,GEN
121,"Narmadha, R",NTK,8366,61.73,NTK,Singanallur,Coimbatore,Kongu,GEN
121,"Selva, S.R",AMMK,1733,61.73,AMMK,Singanallur,Coimbatore,Kongu,GEN
121,None Of The Above,NOTA,1432,61.73,NOTA,Singanallur,Coimbatore,Kongu,GEN
121,"Nabas Sherif, M",IND,257,61.73,IND,Singanallur,Coimbatore,Kongu,GEN
121,"Sasikumar, M",Anna Dravidar Kazhagam,211,61.73,Anna Dravidar Kazhagam,Singanallur,Coimbatore,Kongu,GEN
121,"Chanthirika, R",IND,201,61.73,IND,Singanallur,Coimbatore,Kongu,GEN
121,Praveen Venkatachalam,IND,188,61.73,IND,Singanallur,Coimbatore,Kongu,GEN
121,"Nagarajan, J",IND,163,61.73,IND,Singanallur,Coimbatore,Kongu,GEN
121,"Karthik, N",IND,135,61.73,IND,Singanallur,Coimbatore,Kongu,GEN
121,"Mohandass, N",IND,121,61.73,IND,Singanallur,Coimbatore,Kongu,GEN
121,"Palanisamy, N",My India Party,113,61.73,My India Party,Singanallur,Coimbatore,Kongu,GEN
121,"SenthilKumar, S",United States of India Party,94,61.73,United States of India Party,Singanallur,Coimbatore,Kongu,GEN
121,"Maniraj, K",IND,89,61.73,IND,Singanallur,Coimbatore,Kongu,GEN
121,"Kumar babu, K",IND,87,61.73,IND,Singanallur,Coimbatore,Kongu,GEN
121,"Akbar Ali, A",IND,86,61.73,IND,Singanallur,Coimbatore,Kongu,GEN
121,"Viju Alban Prakash, V",IND,86,61.73,IND,Singanallur,Coimbatore,Kongu,GEN
121,"Karthick, N",IND,73,61.73,IND,Singanallur,Coimbatore,Kongu,GEN
121,"Gowtham, P",IND,67,61.73,IND,Singanallur,Coimbatore,Kongu,GEN
121,"Krishnan, V",IND,30,61.73,IND,Singanallur,Coimbatore,Kongu,GEN
122,Damodaran.S,AIADMK,101537,70.64,AIADMK,Kinathukadavu,Coimbatore,Kongu,GEN
122,Kuruchi Prabhakaran,DMK,100442,70.64,DMK,Kinathukadavu,Coimbatore,Kongu,GEN
122,Siva.A,MNM,13939,70.64,MNM,Kinathukadavu,Coimbatore,Kongu,GEN
122,Umajagadesh.M,NTK,11280,70.64,NTK,Kinathukadavu,Coimbatore,Kongu,GEN
122,None Of The Above,NOTA,2280,70.64,NOTA,Kinathukadavu,Coimbatore,Kongu,GEN
122,ROHINI MA.PA,AMMK,1248,70.64,AMMK,Kinathukadavu,Coimbatore,Kongu,GEN
122,Velusamy.V,IND,505,70.64,IND,Kinathukadavu,Coimbatore,Kongu,GEN
122,Anbazhagan.G,Veerath Thiyagi Viswanathadoss Thozhilalarkal Katchi,353,70.64,Veerath Thiyagi Viswanathadoss Thozhilalarkal Katchi,Kinathukadavu,Coimbatore,Kongu,GEN
122,Nagendran.P,IND,228,70.64,IND,Kinathukadavu,Coimbatore,Kongu,GEN
122,Mariappan.R,Ganasangam Party of India,187,70.64,Ganasangam Party of India,Kinathukadavu,Coimbatore,Kongu,GEN
122,Noor Muhamad . A,IND,135,70.64,IND,Kinathukadavu,Coimbatore,Kongu,GEN
122,Dharmalingam.K,IND,108,70.64,IND,Kinathukadavu,Coimbatore,Kongu,GEN
122,Nazir Babu.S,IND,88,70.64,IND,Kinathukadavu,Coimbatore,Kongu,GEN
122,James.S,All India Jananayaka Makkal Kazhagam,55,70.64,All India Jananayaka Makkal Kazhagam,Kinathukadavu,Coimbatore,Kongu,GEN
122,Atheeswaran.S,IND,50,70.64,IND,Kinathukadavu,Coimbatore,Kongu,GEN
123,Pollachi V. Jayaraman,AIADMK,80567,77.34,AIADMK,Pollachi,Coimbatore,Kongu,GEN
123,"Dr. Varadharajan, K.",DMK,78842,77.34,DMK,Pollachi,Coimbatore,Kongu,GEN
123,"Sathieshkumar, V.T.",MNM,7589,77.34,MNM,Pollachi,Coimbatore,Kongu,GEN
123,"Logeswari, N.",NTK,6402,77.34,NTK,Pollachi,Coimbatore,Kongu,GEN
123,None Of The Above,NOTA,1546,77.34,NOTA,Pollachi,Coimbatore,Kongu,GEN
123,"Sugumar, K.",AMMK,1141,77.34,AMMK,Pollachi,Coimbatore,Kongu,GEN
123,"Aruchamy, C.M.",BSP,491,77.34,BSP,Pollachi,Coimbatore,Kongu,GEN
123,"Shanthu Mohamed, A.",IND,368,77.34,IND,Pollachi,Coimbatore,Kongu,GEN
123,"Muthukumarasamy, R.",IND,362,77.34,IND,Pollachi,Coimbatore,Kongu,GEN
124,AMULKANDASAMI T K,AIADMK,71672,70.04,AIADMK,Valparai,Coimbatore,Kongu,SC
124,ARUMUGAM M,CPI,59449,70.04,CPI,Valparai,Coimbatore,Kongu,SC
124,KOHILA C,NTK,7632,70.04,NTK,Valparai,Coimbatore,Kongu,SC
124,SENTHILRAJ D,MNM,3314,70.04,MNM,Valparai,Coimbatore,Kongu,SC
124,None Of The Above,NOTA,1415,70.04,NOTA,Valparai,Coimbatore,Kongu,SC
124,MURUGARAJ M S,DMDK,1335,70.04,DMDK,Valparai,Coimbatore,Kongu,SC
124,RANGASAMY T M,IND,355,70.04,IND,Valparai,Coimbatore,Kongu,SC
125,"Radhakrishnan,K.",AIADMK,96893,71.31,AIADMK,Udumalpet,Coimbatore,Kongu,GEN
125,"Thennarasu,K.",INC,74998,71.31,INC,Udumalpet,Coimbatore,Kongu,GEN
125,"Babu Ranjendra Prasad,A.",NTK,8592,71.31,NTK,Udumalpet,Coimbatore,Kongu,GEN
125,"Srinithi,V.",MNM,8163,71.31,MNM,Udumalpet,Coimbatore,Kongu,GEN
125,None Of The Above,NOTA,1478,71.31,NOTA,Udumalpet,Coimbatore,Kongu,GEN
125,"Palanisamy,R.",AMMK,1043,71.31,AMMK,Udumalpet,Coimbatore,Kongu,GEN
125,"Dhivya,D.",IND,787,71.31,IND,Udumalpet,Coimbatore,Kongu,GEN
125,"Krishnan,T.",Anna Puratchi Thalaivar Amma Dravida Munnetra Kazhagam,683,71.31,Anna Puratchi Thalaivar Amma Dravida Munnetra Kazhagam,Udumalpet,Coimbatore,Kongu,GEN
125,"Kumar,K.",BSP,459,71.31,BSP,Udumalpet,Coimbatore,Kongu,GEN
125,"Rajini,K.",IND,300,71.31,IND,Udumalpet,Coimbatore,Kongu,GEN
125,"Umar Ali,D.",IND,224,71.31,IND,Udumalpet,Coimbatore,Kongu,GEN
125,"Arumugam,P.",IND,184,71.31,IND,Udumalpet,Coimbatore,Kongu,GEN
125,"Karthikeyan,S.",IND,181,71.31,IND,Udumalpet,Coimbatore,Kongu,GEN
125,"Nachammal,K.",Anaithu Makkal Arasiyal Katchi,177,71.31,Anaithu Makkal Arasiyal Katchi,Udumalpet,Coimbatore,Kongu,GEN
125,"Elsy,C.",IND,126,71.31,IND,Udumalpet,Coimbatore,Kongu,GEN
125,"Ashokkumar,S.",IND,70,71.31,IND,Udumalpet,Coimbatore,Kongu,GEN
126,C MAHENDRAN,AIADMK,84313,72.45,AIADMK,Madathukulam,Coimbatore,Kongu,GEN
126,R.JAYARAMAKRISHNAN,DMK,77875,72.45,DMK,Madathukulam,Coimbatore,Kongu,GEN
126,C.SHANMUGAVELU,AMMK,6515,72.45,AMMK,Madathukulam,Coimbatore,Kongu,GEN
126,U SANUJA,NTK,6245,72.45,NTK,Madathukulam,Coimbatore,Kongu,GEN
126,K KUMARESAN,MNM,2894,72.45,MNM,Madathukulam,Coimbatore,Kongu,GEN
126,None Of The Above,NOTA,1048,72.45,NOTA,Madathukulam,Coimbatore,Kongu,GEN
126,G RAMAKRISHNAN,IND,712,72.45,IND,Madathukulam,Coimbatore,Kongu,GEN
126,K MAHENDRAKUMAR,IND,611,72.45,IND,Madathukulam,Coimbatore,Kongu,GEN
126,K MANICKASAMY,IND,503,72.45,IND,Madathukulam,Coimbatore,Kongu,GEN
126,J.BENJAMIN KIRUBAKARAN,BSP,467,72.45,BSP,Madathukulam,Coimbatore,Kongu,GEN
126,P MAHENDRAN,IND,172,72.45,IND,Madathukulam,Coimbatore,Kongu,GEN
126,K.MAHALINGAM,IND,141,72.45,IND,Madathukulam,Coimbatore,Kongu,GEN
126,M SHANMUGAVEL,IND,130,72.45,IND,Madathukulam,Coimbatore,Kongu,GEN
126,K SAKTHIVEL,Anna Puratchi Thalaivar Amma Dravida Munnetra Kazhagam,105,72.45,Anna Puratchi Thalaivar Amma Dravida Munnetra Kazhagam,Madathukulam,Coimbatore,Kongu,GEN
126,P THANGARAJ,IND,88,72.45,IND,Madathukulam,Coimbatore,Kongu,GEN
126,P SUBRAMANIAN,IND,83,72.45,IND,Madathukulam,Coimbatore,Kongu,GEN
127,SENTHIL KUMAR I.P,DMK,108566,73.33,DMK,Palani,Dindigul,South,GEN
127,RAVI MANOHARAN K,AIADMK,78510,73.33,AIADMK,Palani,Dindigul,South,GEN
127,VINOTH RAJASEKARAN G,NTK,7656,73.33,NTK,Palani,Dindigul,South,GEN
127,POOVENDHAN T,MNM,3732,73.33,MNM,Palani,Dindigul,South,GEN
127,VEERAKUMAR V,AMMK,2255,73.33,AMMK,Palani,Dindigul,South,GEN
127,None Of The Above,NOTA,1110,73.33,NOTA,Palani,Dindigul,South,GEN
127,SIVABALA MOORTHI K,Akhil Bharat Hindu Mahasabha,601,73.33,Akhil Bharat Hindu Mahasabha,Palani,Dindigul,South,GEN
127,SUDHA R B,IND,522,73.33,IND,Palani,Dindigul,South,GEN
127,SURESH M,IND,462,73.33,IND,Palani,Dindigul,South,GEN
127,NACHIMUTHU S,BSP,443,73.33,BSP,Palani,Dindigul,South,GEN
127,NAGENDRAN G,IND,310,73.33,IND,Palani,Dindigul,South,GEN
127,SAMIAPPA GOUNDER P,IND,195,73.33,IND,Palani,Dindigul,South,GEN
127,SHAHUL HAMEED,IND,149,73.33,IND,Palani,Dindigul,South,GEN
127,SIDDIQ M,IND,110,73.33,IND,Palani,Dindigul,South,GEN
127,LATHIKA,IND,106,73.33,IND,Palani,Dindigul,South,GEN
127,PERIYADURAI M,IND,95,73.33,IND,Palani,Dindigul,South,GEN
127,ANANTHAN S. P,IND,92,73.33,IND,Palani,Dindigul,South,GEN
127,THANGAVEL B,My India Party,77,73.33,My India Party,Palani,Dindigul,South,GEN
127,MUNISHRAJA M,IND,73,73.33,IND,Palani,Dindigul,South,GEN
127,PANDEESWARAN M,IND,68,73.33,IND,Palani,Dindigul,South,GEN
127,RASULBEEVI SAHABUDEEN,IND,64,73.33,IND,Palani,Dindigul,South,GEN
127,THANGAVEL A,IND,58,73.33,IND,Palani,Dindigul,South,GEN
127,KALIAPPAN K,IND,49,73.33,IND,Palani,Dindigul,South,GEN
127,AZHAGUMALAI A,IND,43,73.33,IND,Palani,Dindigul,South,GEN
127,KARUPPUSAMY P,IND,38,73.33,IND,Palani,Dindigul,South,GEN
128,SAKKARAPANI R,DMK,109970,83.08,DMK,Oddanchatram,Dindigul,South,GEN
128,NATARAJ N.P,AIADMK,81228,83.08,AIADMK,Oddanchatram,Dindigul,South,GEN
128,SAKTHI DEVI T,NTK,4944,83.08,NTK,Oddanchatram,Dindigul,South,GEN
128,None Of The Above,NOTA,1457,83.08,NOTA,Oddanchatram,Dindigul,South,GEN
128,SIVA KUMAR M,DMDK,1427,83.08,DMDK,Oddanchatram,Dindigul,South,GEN
128,ABDUL HADI A,MNM,1082,83.08,MNM,Oddanchatram,Dindigul,South,GEN
128,MURUGARAJ P,BSP,529,83.08,BSP,Oddanchatram,Dindigul,South,GEN
128,MARIMUTHU T.S,IND,407,83.08,IND,Oddanchatram,Dindigul,South,GEN
128,BALASUBRAMANI S,IND,356,83.08,IND,Oddanchatram,Dindigul,South,GEN
128,CHELLAMUTHU K,IND,100,83.08,IND,Oddanchatram,Dindigul,South,GEN
128,RAVI M,Anaithu Makkal Puratchi Katchi,61,83.08,Anaithu Makkal Puratchi Katchi,Oddanchatram,Dindigul,South,GEN
128,SIVANESAN K,IND,59,83.08,IND,Oddanchatram,Dindigul,South,GEN
128,RAVICHANDRAN K,My India Party,52,83.08,My India Party,Oddanchatram,Dindigul,South,GEN
128,SIVAPRAKASH S,IND,44,83.08,IND,Oddanchatram,Dindigul,South,GEN
128,SHANMUGAVEL P,IND,40,83.08,IND,Oddanchatram,Dindigul,South,GEN
129,PERIYASAMY I,DMK,165809,77.96,DMK,Athoor,Dindigul,South,GEN
129,THILAGABAMA M,PMK,30238,77.96,PMK,Athoor,Dindigul,South,GEN
129,SIMON JUSTIN A,NTK,17168,77.96,NTK,Athoor,Dindigul,South,GEN
129,SIVASAKTHIVEL P,MNM,3241,77.96,MNM,Athoor,Dindigul,South,GEN
129,SELVAKUMAR P,AMMK,3017,77.96,AMMK,Athoor,Dindigul,South,GEN
129,SAVADAMUTHU A,IND,1722,77.96,IND,Athoor,Dindigul,South,GEN
129,None Of The Above,NOTA,1564,77.96,NOTA,Athoor,Dindigul,South,GEN
129,PALRAJ R,IND,1357,77.96,IND,Athoor,Dindigul,South,GEN
129,MUTHULAKSHMI R,Anna Puratchi Thalaivar Amma Dravida Munnetra Kazhagam,1180,77.96,Anna Puratchi Thalaivar Amma Dravida Munnetra Kazhagam,Athoor,Dindigul,South,GEN
129,SILAMBARASAN M,Puthiya Tamilagam,880,77.96,Puthiya Tamilagam,Athoor,Dindigul,South,GEN
129,KARTHIGAISELVAN K,BSP,749,77.96,BSP,Athoor,Dindigul,South,GEN
129,SANKAR D,IND,700,77.96,IND,Athoor,Dindigul,South,GEN
129,ANBU AS,IND,535,77.96,IND,Athoor,Dindigul,South,GEN
129,SILAMBARASAN P,IND,486,77.96,IND,Athoor,Dindigul,South,GEN
129,THILAGAVATHY S,IND,349,77.96,IND,Athoor,Dindigul,South,GEN
129,KARTHI M,IND,322,77.96,IND,Athoor,Dindigul,South,GEN
129,BALAMURUGAN A,IND,190,77.96,IND,Athoor,Dindigul,South,GEN
129,VEERAMALAI S,IND,133,77.96,IND,Athoor,Dindigul,South,GEN
129,MURUGANANTHAM C,IND,125,77.96,IND,Athoor,Dindigul,South,GEN
129,JEYASEKARAN R,My India Party,88,77.96,My India Party,Athoor,Dindigul,South,GEN
129,RAGUPATHI P,Anaithu Makkal Puratchi Katchi,87,77.96,Anaithu Makkal Puratchi Katchi,Athoor,Dindigul,South,GEN
130,S.Thenmozhi,AIADMK,91461,75.07,AIADMK,Nilakottai,Dindigul,South,SC
130,K.Murugavelrajan,DMK,63843,75.07,DMK,Nilakottai,Dindigul,South,SC
130,G.Vasanthadevi,NTK,17505,75.07,NTK,Nilakottai,Dindigul,South,SC
130,K.Ramasamy,DMDK,3704,75.07,DMDK,Nilakottai,Dindigul,South,SC
130,Ananth,MNM,3181,75.07,MNM,Nilakottai,Dindigul,South,SC
130,None Of The Above,NOTA,1260,75.07,NOTA,Nilakottai,Dindigul,South,SC
130,P.Nagendran,BSP,666,75.07,BSP,Nilakottai,Dindigul,South,SC
130,P.Nagajothi,IND,515,75.07,IND,Nilakottai,Dindigul,South,SC
130,V.Vinoth,IND,491,75.07,IND,Nilakottai,Dindigul,South,SC
130,V.K.Aiyyar,Puthiya Tamilagam,484,75.07,Puthiya Tamilagam,Nilakottai,Dindigul,South,SC
130,P.Pothumanickam,IND,375,75.07,IND,Nilakottai,Dindigul,South,SC
130,A.Alappan,IND,343,75.07,IND,Nilakottai,Dindigul,South,SC
130,N.Perumal,IND,252,75.07,IND,Nilakottai,Dindigul,South,SC
130,V.Balasubramani,IND,164,75.07,IND,Nilakottai,Dindigul,South,SC
130,V.Revadhi,My India Party,158,75.07,My India Party,Nilakottai,Dindigul,South,SC
130,M.Pandi,IND,137,75.07,IND,Nilakottai,Dindigul,South,SC
130,S.Nithya,IND,128,75.07,IND,Nilakottai,Dindigul,South,SC
130,P.Sivakami,IND,77,75.07,IND,Nilakottai,Dindigul,South,SC
130,M.Kalimuthu,IND,61,75.07,IND,Nilakottai,Dindigul,South,SC
131,NATHAM.R.VISWANATHAN,AIADMK,107762,78.95,AIADMK,Natham,Dindigul,South,GEN
131,M.A.ANDI AMBALAM,DMK,95830,78.95,DMK,Natham,Dindigul,South,GEN
131,DOCTOR.V.SIVASANKARAN,NTK,14762,78.95,NTK,Natham,Dindigul,South,GEN
131,N.RAJA,AMMK,1721,78.95,AMMK,Natham,Dindigul,South,GEN
131,None Of The Above,NOTA,1444,78.95,NOTA,Natham,Dindigul,South,GEN
131,R.A.SARANRAJ,IJK,1025,78.95,IJK,Natham,Dindigul,South,GEN
131,P.ANDISAMY,BSP,678,78.95,BSP,Natham,Dindigul,South,GEN
131,S.JEYAKUMAR,IND,383,78.95,IND,Natham,Dindigul,South,GEN
131,A.KARNAN,IND,335,78.95,IND,Natham,Dindigul,South,GEN
131,K.DHANDAPANI,IND,322,78.95,IND,Natham,Dindigul,South,GEN
131,K.MURUGESAN,IND,224,78.95,IND,Natham,Dindigul,South,GEN
131,M.XAVIER JOSEPH KENNEDY,IND,194,78.95,IND,Natham,Dindigul,South,GEN
131,JEYAPAUL R,IND,190,78.95,IND,Natham,Dindigul,South,GEN
131,V.VEMBARASAN,My India Party,166,78.95,My India Party,Natham,Dindigul,South,GEN
131,A.BALASUBRAMANI,IND,112,78.95,IND,Natham,Dindigul,South,GEN
131,C.GURUSAMY,IND,96,78.95,IND,Natham,Dindigul,South,GEN
132,SREENIVASAN.C,AIADMK,90595,69.27,AIADMK,Dindigul,Dindigul,South,GEN
132,PANDI.N,CPI(M),72848,69.27,CPIM,Dindigul,Dindigul,South,GEN
132,JAYASUNDAR.R,NTK,14860,69.27,NTK,Dindigul,Dindigul,South,GEN
132,RAJENDRAN.R,MNM,9063,69.27,MNM,Dindigul,Dindigul,South,GEN
132,RAMUTHEVAR.P,AMMK,2427,69.27,AMMK,Dindigul,Dindigul,South,GEN
132,None Of The Above,NOTA,1807,69.27,NOTA,Dindigul,Dindigul,South,GEN
132,BALASUBRAMANI.K,IND,570,69.27,IND,Dindigul,Dindigul,South,GEN
132,ARASUR MANOHARAN.S,BSP,501,69.27,BSP,Dindigul,Dindigul,South,GEN
132,BASKARAN CHELLAPPA.J,IND,345,69.27,IND,Dindigul,Dindigul,South,GEN
132,AKKAMMAL.S,My India Party,305,69.27,My India Party,Dindigul,Dindigul,South,GEN
132,MURUGESAN.A,Puthiya Tamilagam,254,69.27,Puthiya Tamilagam,Dindigul,Dindigul,South,GEN
132,ALAGU PANDIAN.R,Anaithu Makkal Munnetra Kazhagam,232,69.27,Anaithu Makkal Munnetra Kazhagam,Dindigul,Dindigul,South,GEN
132,RAHAMATHULLA.M,IND,210,69.27,IND,Dindigul,Dindigul,South,GEN
132,ANBUROSE.D,IND,191,69.27,IND,Dindigul,Dindigul,South,GEN
132,NAGARAJ.N,IND,180,69.27,IND,Dindigul,Dindigul,South,GEN
132,DHANASEKARAN.C,IND,166,69.27,IND,Dindigul,Dindigul,South,GEN
132,HARI PRAKASH.M,IND,119,69.27,IND,Dindigul,Dindigul,South,GEN
132,VIJAYAPANDI.P,IND,114,69.27,IND,Dindigul,Dindigul,South,GEN
132,BALAJI.R,IND,104,69.27,IND,Dindigul,Dindigul,South,GEN
132,KARTHIKEYAN.V,Anna Puratchi Thalaivar Amma Dravida Munnetra Kazhagam,92,69.27,Anna Puratchi Thalaivar Amma Dravida Munnetra Kazhagam,Dindigul,Dindigul,South,GEN
132,SENTHIL ALAGAPPAN.A,IND,82,69.27,IND,Dindigul,Dindigul,South,GEN
132,SIVAGANAM.A,Anaithu Makkal Puratchi Katchi,53,69.27,Anaithu Makkal Puratchi Katchi,Dindigul,Dindigul,South,GEN
133,GANDHIRAJAN S,DMK,106481,80.16,DMK,Vedasandur,Dindigul,South,GEN
133,PARAMASIVAM V P B,AIADMK,88928,80.16,AIADMK,Vedasandur,Dindigul,South,GEN
133,POTHUMANI R,NTK,8495,80.16,NTK,Vedasandur,Dindigul,South,GEN
133,RAMASAMY P,AMMK,2041,80.16,AMMK,Vedasandur,Dindigul,South,GEN
133,PALANICHAMY B,IND,1293,80.16,IND,Vedasandur,Dindigul,South,GEN
133,VETRIVEL S,MNM,1215,80.16,MNM,Vedasandur,Dindigul,South,GEN
133,PRASATH R,IND,887,80.16,IND,Vedasandur,Dindigul,South,GEN
133,None Of The Above,NOTA,803,80.16,NOTA,Vedasandur,Dindigul,South,GEN
133,MUTHUSAMY V,IND,740,80.16,IND,Vedasandur,Dindigul,South,GEN
133,KARTHIKEYAN A,My India Party,669,80.16,My India Party,Vedasandur,Dindigul,South,GEN
133,MURUGAN P,IND,489,80.16,IND,Vedasandur,Dindigul,South,GEN
133,SUKUMAR V,IND,233,80.16,IND,Vedasandur,Dindigul,South,GEN
133,NANDAKUMAR P,IND,124,80.16,IND,Vedasandur,Dindigul,South,GEN
133,MURUGESAN K,Ganasangam Party of India,123,80.16,Ganasangam Party of India,Vedasandur,Dindigul,South,GEN
133,MANEESHANKAR M G,RSPS,108,80.16,RSPS,Vedasandur,Dindigul,South,GEN
133,KALIMUTHU V,Samaniya Makkal Nala Katchi,101,80.16,Samaniya Makkal Nala Katchi,Vedasandur,Dindigul,South,GEN
133,DHARMALINGAM Dr MARUR N,IND,81,80.16,IND,Vedasandur,Dindigul,South,GEN
133,MOORTHY S,IND,77,80.16,IND,Vedasandur,Dindigul,South,GEN
133,SARAVANA KUMAR K R,IND,72,80.16,IND,Vedasandur,Dindigul,South,GEN
133,SELVARAJ V,IND,71,80.16,IND,Vedasandur,Dindigul,South,GEN
133,RAMASAMY K,IND,49,80.16,IND,Vedasandur,Dindigul,South,GEN
134,ELANGO. R,DMK,93369,81.92,DMK,Aravakurichi,Karur,Kongu,GEN
134,ANNAMALAI. K,BJP,68553,81.92,BJP,Aravakurichi,Karur,Kongu,GEN
134,ANITHA PARVEEN. M,NTK,7188,81.92,NTK,Aravakurichi,Karur,Kongu,GEN
134,THANGAVEL.  P. S. N,AMMK,1599,81.92,AMMK,Aravakurichi,Karur,Kongu,GEN
134,MOHAMMED HANEEF SHAHIL. K. S,MNM,1382,81.92,MNM,Aravakurichi,Karur,Kongu,GEN
134,SARAVANAN. P,IND,1236,81.92,IND,Aravakurichi,Karur,Kongu,GEN
134,None Of The Above,NOTA,869,81.92,NOTA,Aravakurichi,Karur,Kongu,GEN
134,RAJKUMAR. R,Tamil Nadu Ilangyar Katchi,377,81.92,Tamil Nadu Ilangyar Katchi,Aravakurichi,Karur,Kongu,GEN
134,SATHEESHKUMAR. T,IND,336,81.92,IND,Aravakurichi,Karur,Kongu,GEN
134,SUNDARARAJ. R,BSP,328,81.92,BSP,Aravakurichi,Karur,Kongu,GEN
134,MANOJPANDIYAN. J. M,IND,290,81.92,IND,Aravakurichi,Karur,Kongu,GEN
134,CHITHAMBARAM. A,IND,240,81.92,IND,Aravakurichi,Karur,Kongu,GEN
134,MURUGESAN. M. S,IND,174,81.92,IND,Aravakurichi,Karur,Kongu,GEN
134,MATHIYALAGAN. P,IND,161,81.92,IND,Aravakurichi,Karur,Kongu,GEN
134,SILAMBARASAN. P,IND,129,81.92,IND,Aravakurichi,Karur,Kongu,GEN
134,MAHESHMANI. T,IND,104,81.92,IND,Aravakurichi,Karur,Kongu,GEN
134,SAKUNTHALA. N,IND,79,81.92,IND,Aravakurichi,Karur,Kongu,GEN
134,KARTHIKEYAN. R,IND,63,81.92,IND,Aravakurichi,Karur,Kongu,GEN
134,ARIVALAGAN. T,IND,53,81.92,IND,Aravakurichi,Karur,Kongu,GEN
134,VAIRASEEMAN. G,IND,46,81.92,IND,Aravakurichi,Karur,Kongu,GEN
134,KARTHIK. D,IND,45,81.92,IND,Aravakurichi,Karur,Kongu,GEN
134,RAJENDIRAN. M,IND,44,81.92,IND,Aravakurichi,Karur,Kongu,GEN
134,KIRUBANANTH. S,IND,41,81.92,IND,Aravakurichi,Karur,Kongu,GEN
134,PERIYASAMY. M. R,IND,40,81.92,IND,Aravakurichi,Karur,Kongu,GEN
134,ARUMUGAM. R,IND,29,81.92,IND,Aravakurichi,Karur,Kongu,GEN
134,SIVAKUMAR. A,IND,28,81.92,IND,Aravakurichi,Karur,Kongu,GEN
134,BOOPATHY. S,IND,27,81.92,IND,Aravakurichi,Karur,Kongu,GEN
134,BASKARAN. N,IND,25,81.92,IND,Aravakurichi,Karur,Kongu,GEN
134,SURESHBABU. S,IND,24,81.92,IND,Aravakurichi,Karur,Kongu,GEN
134,PITCHAIMUTHU. T,IND,24,81.92,IND,Aravakurichi,Karur,Kongu,GEN
134,RAGUNATH. P,IND,23,81.92,IND,Aravakurichi,Karur,Kongu,GEN
134,MOHANRAJ. C,Samaniya Makkal Nala Katchi,22,81.92,Samaniya Makkal Nala Katchi,Aravakurichi,Karur,Kongu,GEN
134,THANEGASALAM. R. V,IND,21,81.92,IND,Aravakurichi,Karur,Kongu,GEN
134,PRABAKARAN. T,IND,21,81.92,IND,Aravakurichi,Karur,Kongu,GEN
134,RANJITH. I,IND,21,81.92,IND,Aravakurichi,Karur,Kongu,GEN
134,RAMAGURU. R,IND,20,81.92,IND,Aravakurichi,Karur,Kongu,GEN
134,SURESH. M,IND,19,81.92,IND,Aravakurichi,Karur,Kongu,GEN
134,SELVAKUMAR. R,IND,19,81.92,IND,Aravakurichi,Karur,Kongu,GEN
134,PRAKASH. P,IND,16,81.92,IND,Aravakurichi,Karur,Kongu,GEN
134,PRABHU. G,IND,16,81.92,IND,Aravakurichi,Karur,Kongu,GEN
134,VIVEKANANTHAN. V,IND,13,81.92,IND,Aravakurichi,Karur,Kongu,GEN
135,SENTHILBALAJI V,DMK,101757,83.57,DMK,Karur,Karur,Kongu,GEN
135,VIJAYABHASKAR. M.R,AIADMK,89309,83.57,AIADMK,Karur,Karur,Kongu,GEN
135,KARUPPAIYA.R,NTK,7316,83.57,NTK,Karur,Karur,Kongu,GEN
135,MOHANRAJ.S,MNM,4154,83.57,MNM,Karur,Karur,Kongu,GEN
135,None Of The Above,NOTA,961,83.57,NOTA,Karur,Karur,Kongu,GEN
135,THANGARAJ.N,DMDK,953,83.57,DMDK,Karur,Karur,Kongu,GEN
135,RAVI.P,IND,369,83.57,IND,Karur,Karur,Kongu,GEN
135,ANBAZHAGAN,IND,334,83.57,IND,Karur,Karur,Kongu,GEN
135,AADHIKRISHNAN.P,BSP,210,83.57,BSP,Karur,Karur,Kongu,GEN
135,KANNAN.T,IND,165,83.57,IND,Karur,Karur,Kongu,GEN
135,RAJESHKANNAN.S,IND,138,83.57,IND,Karur,Karur,Kongu,GEN
135,KATHIRAVAN.P,IND,114,83.57,IND,Karur,Karur,Kongu,GEN
135,DHANALAKSHMI.M,Ganasangam Party of India,105,83.57,Ganasangam Party of India,Karur,Karur,Kongu,GEN
135,JAYAKUMAR.G,IND,102,83.57,IND,Karur,Karur,Kongu,GEN
135,SHANMUGAM.N,Samaniya Makkal Nala Katchi,99,83.57,Samaniya Makkal Nala Katchi,Karur,Karur,Kongu,GEN
135,SURYA,IND,96,83.57,IND,Karur,Karur,Kongu,GEN
135,MURUGESAN.A,IND,84,83.57,IND,Karur,Karur,Kongu,GEN
135,AMARSRI.M,IND,56,83.57,IND,Karur,Karur,Kongu,GEN
135,BALAMANIKANDAN.K,IND,56,83.57,IND,Karur,Karur,Kongu,GEN
135,KALAI RAJ.K,IND,51,83.57,IND,Karur,Karur,Kongu,GEN
135,SIVAKUMAR.V,IND,46,83.57,IND,Karur,Karur,Kongu,GEN
135,KRISHNAKUMAR.S,IND,42,83.57,IND,Karur,Karur,Kongu,GEN
135,MOHAN.M.L.M,IND,42,83.57,IND,Karur,Karur,Kongu,GEN
135,JOSEPH.M.A,Desiya Makkal Sakthi Katchi,39,83.57,Desiya Makkal Sakthi Katchi,Karur,Karur,Kongu,GEN
135,SIVASAMY.P,IND,37,83.57,IND,Karur,Karur,Kongu,GEN
135,MURUGANANTHAM.T,IND,30,83.57,IND,Karur,Karur,Kongu,GEN
135,ABILAZAN.N,IND,29,83.57,IND,Karur,Karur,Kongu,GEN
135,KARUNAMOORTHY.S,IND,29,83.57,IND,Karur,Karur,Kongu,GEN
135,SHIVAKUMAR.K,IND,29,83.57,IND,Karur,Karur,Kongu,GEN
135,AMARNATH.K,IND,28,83.57,IND,Karur,Karur,Kongu,GEN
135,VENKATESH PRABU.K,IND,26,83.57,IND,Karur,Karur,Kongu,GEN
135,VIGNESHWARAN.P,IND,25,83.57,IND,Karur,Karur,Kongu,GEN
135,JOTHI SUTHARSAN,IND,22,83.57,IND,Karur,Karur,Kongu,GEN
135,PRAKASH.N,IND,20,83.57,IND,Karur,Karur,Kongu,GEN
135,GOPALAKRISHNAN.A,IND,19,83.57,IND,Karur,Karur,Kongu,GEN
135,SUDHAKAR.L,IND,19,83.57,IND,Karur,Karur,Kongu,GEN
135,SIVAKUMAR.N,IND,18,83.57,IND,Karur,Karur,Kongu,GEN
135,PALANIVEL.P,IND,17,83.57,IND,Karur,Karur,Kongu,GEN
135,BANUMATHY,IND,16,83.57,IND,Karur,Karur,Kongu,GEN
135,KAMARAJ.P,IND,15,83.57,IND,Karur,Karur,Kongu,GEN
135,DEEPANANDH.N,IND,14,83.57,IND,Karur,Karur,Kongu,GEN
135,MUTHU. K.R,IND,14,83.57,IND,Karur,Karur,Kongu,GEN
135,MOUNAGURUBALUSAMY.K,IND,14,83.57,IND,Karur,Karur,Kongu,GEN
135,VIJAYABHASKAR.R.V,IND,14,83.57,IND,Karur,Karur,Kongu,GEN
135,VENKADESH.K,IND,14,83.57,IND,Karur,Karur,Kongu,GEN
135,SENTHILKUMAR.A,IND,13,83.57,IND,Karur,Karur,Kongu,GEN
135,TAMILARASAN.K,IND,13,83.57,IND,Karur,Karur,Kongu,GEN
135,THIRUGNANAM.M,IND,13,83.57,IND,Karur,Karur,Kongu,GEN
135,NOOR MOHAMMED THOUFFIC.A,IND,13,83.57,IND,Karur,Karur,Kongu,GEN
135,VIJAYAN.K,IND,13,83.57,IND,Karur,Karur,Kongu,GEN
135,SAMIVEL.A,IND,12,83.57,IND,Karur,Karur,Kongu,GEN
135,DANIYA,IND,11,83.57,IND,Karur,Karur,Kongu,GEN
135,PRAKASH.A,IND,11,83.57,IND,Karur,Karur,Kongu,GEN
135,MAHENDRAN,IND,11,83.57,IND,Karur,Karur,Kongu,GEN
135,SATHISH.P,IND,10,83.57,IND,Karur,Karur,Kongu,GEN
135,SARAVANAN.R,IND,10,83.57,IND,Karur,Karur,Kongu,GEN
135,SAMIAPPAN.K,IND,10,83.57,IND,Karur,Karur,Kongu,GEN
135,MANOJ.P,IND,10,83.57,IND,Karur,Karur,Kongu,GEN
135,MURALI.M,IND,10,83.57,IND,Karur,Karur,Kongu,GEN
135,SAMPATH.S,IND,9,83.57,IND,Karur,Karur,Kongu,GEN
135,VINOTHKUMAR,IND,9,83.57,IND,Karur,Karur,Kongu,GEN
135,SUBASH MALAYALAM.T,IND,8,83.57,IND,Karur,Karur,Kongu,GEN
135,MUTHUKUMAR.G,IND,8,83.57,IND,Karur,Karur,Kongu,GEN
135,SUDHAKAR.S,IND,7,83.57,IND,Karur,Karur,Kongu,GEN
135,SELVAKUMAR.M,IND,7,83.57,IND,Karur,Karur,Kongu,GEN
135,THAMILALAGAN,IND,7,83.57,IND,Karur,Karur,Kongu,GEN
135,DHANABAL,IND,7,83.57,IND,Karur,Karur,Kongu,GEN
135,BOOPATHI.P,IND,6,83.57,IND,Karur,Karur,Kongu,GEN
135,DURAISAMY.J,IND,5,83.57,IND,Karur,Karur,Kongu,GEN
135,PRAKASH.V,IND,5,83.57,IND,Karur,Karur,Kongu,GEN
135,VEERAKUMAR.T,IND,5,83.57,IND,Karur,Karur,Kongu,GEN
135,SANTHANAKUMAR.M,IND,4,83.57,IND,Karur,Karur,Kongu,GEN
135,PRASANTH.S,IND,4,83.57,IND,Karur,Karur,Kongu,GEN
135,PUSHPARAJ.P,IND,3,83.57,IND,Karur,Karur,Kongu,GEN
135,MANIVANNAN.S,IND,3,83.57,IND,Karur,Karur,Kongu,GEN
135,SAKTHIKUMAR,IND,2,83.57,IND,Karur,Karur,Kongu,GEN
135,SENTHILKUMAR.A.M,IND,2,83.57,IND,Karur,Karur,Kongu,GEN
135,MANIKANDAN.K,IND,2,83.57,IND,Karur,Karur,Kongu,GEN
136,SIVAGAMA SUNDARI.K,DMK,96540,84.17,DMK,Krishnarayapuram,Karur,Kongu,SC
136,MUTHUKUMAR,AIADMK,64915,84.17,AIADMK,Krishnarayapuram,Karur,Kongu,SC
136,ILAKIYA.R,NTK,9706,84.17,NTK,Krishnarayapuram,Karur,Kongu,SC
136,KATHIRVEL.M,DMDK,1946,84.17,DMDK,Krishnarayapuram,Karur,Kongu,SC
136,SARAVANAN.V,MNM,1848,84.17,MNM,Krishnarayapuram,Karur,Kongu,SC
136,None Of The Above,NOTA,1177,84.17,NOTA,Krishnarayapuram,Karur,Kongu,SC
136,SIVAKUMAR. O,IND,911,84.17,IND,Krishnarayapuram,Karur,Kongu,SC
136,SELVAKUMAR.S,IND,710,84.17,IND,Krishnarayapuram,Karur,Kongu,SC
136,MURUGESAN.R,BSP,540,84.17,BSP,Krishnarayapuram,Karur,Kongu,SC
136,SATHYARAJ,IND,433,84.17,IND,Krishnarayapuram,Karur,Kongu,SC
136,CHINNASAMY.V,IND,377,84.17,IND,Krishnarayapuram,Karur,Kongu,SC
136,TAMIL SELVAN.M,IND,242,84.17,IND,Krishnarayapuram,Karur,Kongu,SC
136,SENTHILKUMAR.M,IND,214,84.17,IND,Krishnarayapuram,Karur,Kongu,SC
136,ASHOKAN.P,Puthiya Tamilagam,195,84.17,Puthiya Tamilagam,Krishnarayapuram,Karur,Kongu,SC
136,SAKTHIVEL.K,IND,151,84.17,IND,Krishnarayapuram,Karur,Kongu,SC
136,CHANDRA.P,My India Party,128,84.17,My India Party,Krishnarayapuram,Karur,Kongu,SC
136,RAJAGURU. M,Samaniya Makkal Nala Katchi,122,84.17,Samaniya Makkal Nala Katchi,Krishnarayapuram,Karur,Kongu,SC
136,KRISHNAMOORTHI.M,IND,119,84.17,IND,Krishnarayapuram,Karur,Kongu,SC
136,RAJAGOPAL.K,IND,113,84.17,IND,Krishnarayapuram,Karur,Kongu,SC
136,RAMESH.N.P,IND,108,84.17,IND,Krishnarayapuram,Karur,Kongu,SC
136,NARAYANAN.KR,CPI(ML)(L),101,84.17,CPI(ML)(L),Krishnarayapuram,Karur,Kongu,SC
136,GOPI KRISHNAN.P,IND,97,84.17,IND,Krishnarayapuram,Karur,Kongu,SC
136,MURUGANANTHAM.T,IND,69,84.17,IND,Krishnarayapuram,Karur,Kongu,SC
136,NAGARAJAN. C,IND,68,84.17,IND,Krishnarayapuram,Karur,Kongu,SC
136,MAHAMUNI.A,IND,27,84.17,IND,Krishnarayapuram,Karur,Kongu,SC
136,MAHESWARAN.A,IND,24,84.17,IND,Krishnarayapuram,Karur,Kongu,SC
136,MUHILAN.T,IND,21,84.17,IND,Krishnarayapuram,Karur,Kongu,SC
137,R.Manickam,DMK,100829,86.16,DMK,Kulithalai,Karur,Kongu,GEN
137,N.R.Chandrasekar,AIADMK,77289,86.16,AIADMK,Kulithalai,Karur,Kongu,GEN
137,Seeni.Prakasu,NTK,11511,86.16,NTK,Kulithalai,Karur,Kongu,GEN
137,None Of The Above,NOTA,1191,86.16,NOTA,Kulithalai,Karur,Kongu,GEN
137,R.Saravanan,IND,838,86.16,IND,Kulithalai,Karur,Kongu,GEN
137,V.Nirosha,AMMK,761,86.16,AMMK,Kulithalai,Karur,Kongu,GEN
137,R.Chandrasekar,IND,694,86.16,IND,Kulithalai,Karur,Kongu,GEN
137,S.Manikandan,IJK,674,86.16,IJK,Kulithalai,Karur,Kongu,GEN
137,V.Vellaiyan,IND,612,86.16,IND,Kulithalai,Karur,Kongu,GEN
137,P.Anbalagan,BSP,590,86.16,BSP,Kulithalai,Karur,Kongu,GEN
137,K.Suresh,IND,494,86.16,IND,Kulithalai,Karur,Kongu,GEN
137,M.Sankar,Samaniya Makkal Nala Katchi,460,86.16,Samaniya Makkal Nala Katchi,Kulithalai,Karur,Kongu,GEN
137,B.Selvaraj,IND,399,86.16,IND,Kulithalai,Karur,Kongu,GEN
137,V.Alex Mouris,IND,245,86.16,IND,Kulithalai,Karur,Kongu,GEN
137,M.Saravanan,IND,221,86.16,IND,Kulithalai,Karur,Kongu,GEN
137,A.Subethar,Tipu Sultan Party,215,86.16,Tipu Sultan Party,Kulithalai,Karur,Kongu,GEN
137,S.Barani,IND,184,86.16,IND,Kulithalai,Karur,Kongu,GEN
137,S.Kandasamy,IND,138,86.16,IND,Kulithalai,Karur,Kongu,GEN
137,R.Kalyana Sundaram,IND,111,86.16,IND,Kulithalai,Karur,Kongu,GEN
138,ABDUL SAMAD P,DMK,98077,76.02,DMK,Manapparai,Tiruchirappalli,Delta,GEN
138,CHANDRASEKAR.R,AIADMK,85834,76.02,AIADMK,Manapparai,Tiruchirappalli,Delta,GEN
138,KANIMOZHI.P,NTK,19450,76.02,NTK,Manapparai,Tiruchirappalli,Delta,GEN
138,KRISHNAGOPAL P,DMDK,10719,76.02,DMDK,Manapparai,Tiruchirappalli,Delta,GEN
138,CHANDRASEKAR V,IND,1259,76.02,IND,Manapparai,Tiruchirappalli,Delta,GEN
138,None Of The Above,NOTA,1009,76.02,NOTA,Manapparai,Tiruchirappalli,Delta,GEN
138,UMARANI K,IJK,914,76.02,IJK,Manapparai,Tiruchirappalli,Delta,GEN
138,CHINNAN P,IND,650,76.02,IND,Manapparai,Tiruchirappalli,Delta,GEN
138,SUBRAMANIAN P,IND,628,76.02,IND,Manapparai,Tiruchirappalli,Delta,GEN
138,ELAYARAJA C,IND,547,76.02,IND,Manapparai,Tiruchirappalli,Delta,GEN
138,NIRMAL KUMAR M,IND,544,76.02,IND,Manapparai,Tiruchirappalli,Delta,GEN
138,SATHYA PRIYA A,IND,307,76.02,IND,Manapparai,Tiruchirappalli,Delta,GEN
138,ARPUTHASAMY V,IND,287,76.02,IND,Manapparai,Tiruchirappalli,Delta,GEN
138,CHITHAIYAN T,IND,270,76.02,IND,Manapparai,Tiruchirappalli,Delta,GEN
138,SAKTHIVEL.M,CPI(ML)(L),191,76.02,CPI(ML)(L),Manapparai,Tiruchirappalli,Delta,GEN
138,DAVID P,IND,180,76.02,IND,Manapparai,Tiruchirappalli,Delta,GEN
138,KARTHICK KRISHNA P,IND,173,76.02,IND,Manapparai,Tiruchirappalli,Delta,GEN
138,RASU P,IND,169,76.02,IND,Manapparai,Tiruchirappalli,Delta,GEN
138,PANDIAN V,Ezhuchi Tamilargal Munnetra Kazhagam,129,76.02,Ezhuchi Tamilargal Munnetra Kazhagam,Manapparai,Tiruchirappalli,Delta,GEN
138,ILANGOVAN S,IND,123,76.02,IND,Manapparai,Tiruchirappalli,Delta,GEN
138,PRASANNA KUMAR P,IND,113,76.02,IND,Manapparai,Tiruchirappalli,Delta,GEN
138,JEYAPANDIAN D,IND,93,76.02,IND,Manapparai,Tiruchirappalli,Delta,GEN
138,VARADAN.M,LJP,82,76.02,LJP,Manapparai,Tiruchirappalli,Delta,GEN
139,Palaniyandi.M,DMK,113904,76.15,DMK,Srirangam,Tiruchirappalli,Delta,GEN
139,KuPa Krishnan,AIADMK,93989,76.15,AIADMK,Srirangam,Tiruchirappalli,Delta,GEN
139,K.Selvarathi,NTK,17911,76.15,NTK,Srirangam,Tiruchirappalli,Delta,GEN
139,Y.Jacob,IND,4082,76.15,IND,Srirangam,Tiruchirappalli,Delta,GEN
139,Sarubala.R.Thondaiman,AMMK,3487,76.15,AMMK,Srirangam,Tiruchirappalli,Delta,GEN
139,None Of The Above,NOTA,2417,76.15,NOTA,Srirangam,Tiruchirappalli,Delta,GEN
139,S.Francis Mery,IJK,1067,76.15,IJK,Srirangam,Tiruchirappalli,Delta,GEN
139,G.Selvakumar,BSP,811,76.15,BSP,Srirangam,Tiruchirappalli,Delta,GEN
139,Annalakshmi,Desiya Makkal Sakthi Katchi,608,76.15,Desiya Makkal Sakthi Katchi,Srirangam,Tiruchirappalli,Delta,GEN
139,V.Sethumadhavan,IND,594,76.15,IND,Srirangam,Tiruchirappalli,Delta,GEN
139,P.Ravichandran,IND,423,76.15,IND,Srirangam,Tiruchirappalli,Delta,GEN
139,S.Suresh,IND,388,76.15,IND,Srirangam,Tiruchirappalli,Delta,GEN
139,Daniel Jude Martin,Makkal Munnetra Peravai,210,76.15,Makkal Munnetra Peravai,Srirangam,Tiruchirappalli,Delta,GEN
139,R.Uma,IND,163,76.15,IND,Srirangam,Tiruchirappalli,Delta,GEN
139,M.Amsavalli,IND,97,76.15,IND,Srirangam,Tiruchirappalli,Delta,GEN
139,P.Balasubramanian,Samaniya Makkal Nala Katchi,89,76.15,Samaniya Makkal Nala Katchi,Srirangam,Tiruchirappalli,Delta,GEN
140,"Nehru, K.N.",DMK,118133,67.01,DMK,Tiruchirapalli (West),Tiruchirappalli,Delta,GEN
140,"Padmanathan, V.",AIADMK,33024,67.01,AIADMK,Tiruchirapalli (West),Tiruchirappalli,Delta,GEN
140,"Vinodh, V.",NTK,15725,67.01,NTK,Tiruchirapalli (West),Tiruchirappalli,Delta,GEN
140,"Abubacker Siddiq,  M.",MNM,10546,67.01,MNM,Tiruchirapalli (West),Tiruchirappalli,Delta,GEN
140,"Abdullah Hassan Faizy, R.",SDPI,2545,67.01,SDPI,Tiruchirapalli (West),Tiruchirappalli,Delta,GEN
140,None Of The Above,NOTA,2117,67.01,NOTA,Tiruchirapalli (West),Tiruchirappalli,Delta,GEN
140,"Sudha, R.",IND,222,67.01,IND,Tiruchirapalli (West),Tiruchirappalli,Delta,GEN
140,"Vasudevan, A.",IND,211,67.01,IND,Tiruchirapalli (West),Tiruchirappalli,Delta,GEN
140,"Kalpana, T.",IND,196,67.01,IND,Tiruchirapalli (West),Tiruchirappalli,Delta,GEN
140,"Shajahan, R.",IND,181,67.01,IND,Tiruchirapalli (West),Tiruchirappalli,Delta,GEN
140,"Dheepan, M.",IND,66,67.01,IND,Tiruchirapalli (West),Tiruchirappalli,Delta,GEN
140,"Selvaraj, D.",IND,48,67.01,IND,Tiruchirapalli (West),Tiruchirappalli,Delta,GEN
140,"Sahabudheen, A.J.",IND,43,67.01,IND,Tiruchirapalli (West),Tiruchirappalli,Delta,GEN
140,"Sundar Rajulu, G.",IND,42,67.01,IND,Tiruchirapalli (West),Tiruchirappalli,Delta,GEN
141,"INIGO IRUDAYARAJ,S.",DMK,94302,66.87,DMK,Tiruchirapalli (East),Tiruchirappalli,Delta,GEN
141,"VELLAMANDI NATARAJAN,N.",AIADMK,40505,66.87,AIADMK,Tiruchirapalli (East),Tiruchirappalli,Delta,GEN
141,"PRABU,R.",NTK,14312,66.87,NTK,Tiruchirapalli (East),Tiruchirappalli,Delta,GEN
141,"VEERASAKTHI,D.",MNM,11396,66.87,MNM,Tiruchirapalli (East),Tiruchirappalli,Delta,GEN
141,MANOHARAN.R.,AMMK,9089,66.87,AMMK,Tiruchirapalli (East),Tiruchirappalli,Delta,GEN
141,None Of The Above,NOTA,1535,66.87,NOTA,Tiruchirapalli (East),Tiruchirappalli,Delta,GEN
141,"RAJA,S.",IND,382,66.87,IND,Tiruchirapalli (East),Tiruchirappalli,Delta,GEN
141,"BALAMURUGAN,A.",IND,211,66.87,IND,Tiruchirapalli (East),Tiruchirappalli,Delta,GEN
141,"JAHIR HUSSAIN,M.",IND,208,66.87,IND,Tiruchirapalli (East),Tiruchirappalli,Delta,GEN
141,"SHEIK ABDULLAH,R.",IND,199,66.87,IND,Tiruchirapalli (East),Tiruchirappalli,Delta,GEN
141,"MANOHARAN,M.",IND,157,66.87,IND,Tiruchirapalli (East),Tiruchirappalli,Delta,GEN
141,VIJAIA MOHANAAJI,Vidial Valarchi Perani,105,66.87,Vidial Valarchi Perani,Tiruchirapalli (East),Tiruchirappalli,Delta,GEN
141,"ARAVINDAN,P.",IND,85,66.87,IND,Tiruchirapalli (East),Tiruchirappalli,Delta,GEN
141,"CHARLES SAGAYARAJ,P.",IND,73,66.87,IND,Tiruchirapalli (East),Tiruchirappalli,Delta,GEN
141,"DEVAKUMAR,T.",IND,73,66.87,IND,Tiruchirapalli (East),Tiruchirappalli,Delta,GEN
141,"AROCKIA SATHEESH,A.",IND,70,66.87,IND,Tiruchirapalli (East),Tiruchirappalli,Delta,GEN
141,"IRUDAYARAJ,S.",IND,58,66.87,IND,Tiruchirapalli (East),Tiruchirappalli,Delta,GEN
141,"GASPAR REGAN,S.",IND,50,66.87,IND,Tiruchirapalli (East),Tiruchirappalli,Delta,GEN
141,"MARUTHAMUTHU,N.",IND,46,66.87,IND,Tiruchirapalli (East),Tiruchirappalli,Delta,GEN
142,ANBIL MAHESH POYYAMOZHI,DMK,105424,66.59,DMK,Thiruverambur,Tiruchirappalli,Delta,GEN
142,P KUMAR,AIADMK,55727,66.59,AIADMK,Thiruverambur,Tiruchirappalli,Delta,GEN
142,V CHOLASOORAN,NTK,15719,66.59,NTK,Thiruverambur,Tiruchirappalli,Delta,GEN
142,MURUGANANDAM M,MNM,14678,66.59,MNM,Thiruverambur,Tiruchirappalli,Delta,GEN
142,S.  SENTHILKUMAR,DMDK,2293,66.59,DMDK,Thiruverambur,Tiruchirappalli,Delta,GEN
142,None Of The Above,NOTA,1418,66.59,NOTA,Thiruverambur,Tiruchirappalli,Delta,GEN
142,S.SAKTHIVEL,New Generation People’s Party,416,66.59,New Generation People’s Party,Thiruverambur,Tiruchirappalli,Delta,GEN
142,K.M. KARTHIK,Tamil Nadu Ilangyar Katchi,413,66.59,Tamil Nadu Ilangyar Katchi,Thiruverambur,Tiruchirappalli,Delta,GEN
142,MALATHI RAVICHANDRAN,BSP,226,66.59,BSP,Thiruverambur,Tiruchirappalli,Delta,GEN
142,JESTIN RAJA,IND,224,66.59,IND,Thiruverambur,Tiruchirappalli,Delta,GEN
142,K. PALANISAMY,Veerath Thiyagi Viswanathadoss Thozhilalarkal Katchi,123,66.59,Veerath Thiyagi Viswanathadoss Thozhilalarkal Katchi,Thiruverambur,Tiruchirappalli,Delta,GEN
142,N. RAJU,IND,88,66.59,IND,Thiruverambur,Tiruchirappalli,Delta,GEN
142,R. PRIYA,IND,72,66.59,IND,Thiruverambur,Tiruchirappalli,Delta,GEN
142,S CHARLES,IND,71,66.59,IND,Thiruverambur,Tiruchirappalli,Delta,GEN
142,A. RAJA MOHAMED,IND,67,66.59,IND,Thiruverambur,Tiruchirappalli,Delta,GEN
142,N. MUNIYANDI,IND,54,66.59,IND,Thiruverambur,Tiruchirappalli,Delta,GEN
143,A.SOUNDARAPANDIAN,DMK,84914,79.23,DMK,Lalgudi,Tiruchirappalli,Delta,GEN
143,D.R.DHARMARAJ,AIADMK,67965,79.23,AIADMK,Lalgudi,Tiruchirappalli,Delta,GEN
143,I.MALAR TAMIL PRABHA,NTK,16248,79.23,NTK,Lalgudi,Tiruchirappalli,Delta,GEN
143,M.VIJAYAMURTHY,AMMK,2941,79.23,AMMK,Lalgudi,Tiruchirappalli,Delta,GEN
143,None Of The Above,NOTA,1200,79.23,NOTA,Lalgudi,Tiruchirappalli,Delta,GEN
143,U.JOHNSON,IND,304,79.23,IND,Lalgudi,Tiruchirappalli,Delta,GEN
143,K.KAMARAJ,Samaniya Makkal Nala Katchi,270,79.23,Samaniya Makkal Nala Katchi,Lalgudi,Tiruchirappalli,Delta,GEN
143,ANBIL K.THANGAMANI,IND,247,79.23,IND,Lalgudi,Tiruchirappalli,Delta,GEN
143,R.SILAMBARASAN,Anna MGR Dravida Makkal Kalgam,138,79.23,Anna MGR Dravida Makkal Kalgam,Lalgudi,Tiruchirappalli,Delta,GEN
143,P.NAMBIRAJAN,Puthiya Tamilagam,124,79.23,Puthiya Tamilagam,Lalgudi,Tiruchirappalli,Delta,GEN
143,K.DHARMARAJ,IND,120,79.23,IND,Lalgudi,Tiruchirappalli,Delta,GEN
143,A.ANANDHKUMAR,IND,96,79.23,IND,Lalgudi,Tiruchirappalli,Delta,GEN
143,VEERAN.MUTHUKUMAR,SHS,65,79.23,SHS,Lalgudi,Tiruchirappalli,Delta,GEN
143,P.M.SAHADEVAN,IND,65,79.23,IND,Lalgudi,Tiruchirappalli,Delta,GEN
143,K.ANANTHABABU,IND,57,79.23,IND,Lalgudi,Tiruchirappalli,Delta,GEN
144,S. KATHIRAVAN,DMK,116334,79.63,DMK,Manachanallur,Tiruchirappalli,Delta,GEN
144,M. PARANJOTHI,AIADMK,56716,79.63,AIADMK,Manachanallur,Tiruchirappalli,Delta,GEN
144,Dr. KRISHNASAMY. V,NTK,14443,79.63,NTK,Manachanallur,Tiruchirappalli,Delta,GEN
144,R. SAMSON,MNM,1996,79.63,MNM,Manachanallur,Tiruchirappalli,Delta,GEN
144,M. RAJASEKHARN,AMMK,1631,79.63,AMMK,Manachanallur,Tiruchirappalli,Delta,GEN
144,None Of The Above,NOTA,1067,79.63,NOTA,Manachanallur,Tiruchirappalli,Delta,GEN
144,V.M. SELVARAJ,IND,577,79.63,IND,Manachanallur,Tiruchirappalli,Delta,GEN
144,P. RAJARAM,IND,482,79.63,IND,Manachanallur,Tiruchirappalli,Delta,GEN
144,V. INDIRANI,BSP,451,79.63,BSP,Manachanallur,Tiruchirappalli,Delta,GEN
144,C. ARULMANI,Akila India Vallalar Peravai,379,79.63,Akila India Vallalar Peravai,Manachanallur,Tiruchirappalli,Delta,GEN
144,T. RENGARAJ,Tamil Nadu Ilangyar Katchi,240,79.63,Tamil Nadu Ilangyar Katchi,Manachanallur,Tiruchirappalli,Delta,GEN
144,K.R.ELAIYARAJA,IND,237,79.63,IND,Manachanallur,Tiruchirappalli,Delta,GEN
144,V. RAJU,IND,231,79.63,IND,Manachanallur,Tiruchirappalli,Delta,GEN
144,V. GOPALAKRISHNAN,IND,206,79.63,IND,Manachanallur,Tiruchirappalli,Delta,GEN
144,P. NEELAMEGAM,IND,192,79.63,IND,Manachanallur,Tiruchirappalli,Delta,GEN
144,S. PUGAZHENTHI,IND,168,79.63,IND,Manachanallur,Tiruchirappalli,Delta,GEN
144,R. SUDHA,IND,161,79.63,IND,Manachanallur,Tiruchirappalli,Delta,GEN
144,M. DHINAKARAN,Puthiya Tamilagam,158,79.63,Puthiya Tamilagam,Manachanallur,Tiruchirappalli,Delta,GEN
144,R. RAJASEHAR,IND,137,79.63,IND,Manachanallur,Tiruchirappalli,Delta,GEN
144,P. JAGADEESAN,My India Party,112,79.63,My India Party,Manachanallur,Tiruchirappalli,Delta,GEN
144,K. RAJINIKANTH,IND,110,79.63,IND,Manachanallur,Tiruchirappalli,Delta,GEN
144,P. RAMALINGAM,IND,109,79.63,IND,Manachanallur,Tiruchirappalli,Delta,GEN
144,K. GURUNATHAN,Samaniya Makkal Nala Katchi,103,79.63,Samaniya Makkal Nala Katchi,Manachanallur,Tiruchirappalli,Delta,GEN
144,V. MUTHUSAMY,IND,100,79.63,IND,Manachanallur,Tiruchirappalli,Delta,GEN
144,S. ROHINI,Makkal Munnetra Peravai,91,79.63,Makkal Munnetra Peravai,Manachanallur,Tiruchirappalli,Delta,GEN
144,N. MOHAN,IND,91,79.63,IND,Manachanallur,Tiruchirappalli,Delta,GEN
144,K. MANIMARABOOPATHI,IND,61,79.63,IND,Manachanallur,Tiruchirappalli,Delta,GEN
144,S. MANOJ KUMAR,IND,55,79.63,IND,Manachanallur,Tiruchirappalli,Delta,GEN
144,A.C. MANOHARAN,IND,43,79.63,IND,Manachanallur,Tiruchirappalli,Delta,GEN
144,P. MACHAVALLAVAN,IND,38,79.63,IND,Manachanallur,Tiruchirappalli,Delta,GEN
145,N. Thiyagarajan,DMK,90624,75.98,DMK,Musiri,Tiruchirappalli,Delta,GEN
145,M. Selvarasu,AIADMK,63788,75.98,AIADMK,Musiri,Tiruchirappalli,Delta,GEN
145,Sridevi Ilangovan,NTK,14311,75.98,NTK,Musiri,Tiruchirappalli,Delta,GEN
145,Kumar.K.S,DMDK,3182,75.98,DMDK,Musiri,Tiruchirappalli,Delta,GEN
145,S. Gokul,MNM,2499,75.98,MNM,Musiri,Tiruchirappalli,Delta,GEN
145,None Of The Above,NOTA,1092,75.98,NOTA,Musiri,Tiruchirappalli,Delta,GEN
145,N. Sivakumar,IND,513,75.98,IND,Musiri,Tiruchirappalli,Delta,GEN
145,T. Senthil Kumar,IND,497,75.98,IND,Musiri,Tiruchirappalli,Delta,GEN
145,T. Periyathambi,IND,463,75.98,IND,Musiri,Tiruchirappalli,Delta,GEN
145,V. Bernardshaw,BSP,458,75.98,BSP,Musiri,Tiruchirappalli,Delta,GEN
145,Shanmugam,IND,363,75.98,IND,Musiri,Tiruchirappalli,Delta,GEN
145,N. Saminathan,IND,317,75.98,IND,Musiri,Tiruchirappalli,Delta,GEN
145,R. Michael,IND,297,75.98,IND,Musiri,Tiruchirappalli,Delta,GEN
145,Gautham. S,RSPS,253,75.98,RSPS,Musiri,Tiruchirappalli,Delta,GEN
145,Devanur Karthick,IND,227,75.98,IND,Musiri,Tiruchirappalli,Delta,GEN
145,"A.Chandran. M.Sc.,",IND,175,75.98,IND,Musiri,Tiruchirappalli,Delta,GEN
145,V. Natarajan,IND,164,75.98,IND,Musiri,Tiruchirappalli,Delta,GEN
145,"P. Loganathan. M.sc.,",IND,161,75.98,IND,Musiri,Tiruchirappalli,Delta,GEN
145,D. Dharmalingam,Samaniya Makkal Nala Katchi,110,75.98,Samaniya Makkal Nala Katchi,Musiri,Tiruchirappalli,Delta,GEN
145,N. Aravan,IND,108,75.98,IND,Musiri,Tiruchirappalli,Delta,GEN
145,R. Anandhan,IND,104,75.98,IND,Musiri,Tiruchirappalli,Delta,GEN
146,S.STALINKUMAR,DMK,87786,76.63,DMK,Thuraiyur,Tiruchirappalli,Delta,SC
146,T.INDRAGANDHI,AIADMK,65715,76.63,AIADMK,Thuraiyur,Tiruchirappalli,Delta,SC
146,R.TAMILZHSELVI,NTK,13158,76.63,NTK,Thuraiyur,Tiruchirappalli,Delta,SC
146,T.N. YUVARAJAN,MNM,2528,76.63,MNM,Thuraiyur,Tiruchirappalli,Delta,SC
146,K.SUBRAMANIAN,AMMK,2435,76.63,AMMK,Thuraiyur,Tiruchirappalli,Delta,SC
146,None Of The Above,NOTA,1594,76.63,NOTA,Thuraiyur,Tiruchirappalli,Delta,SC
146,S.ESWARAMOORTHY,BSP,867,76.63,BSP,Thuraiyur,Tiruchirappalli,Delta,SC
146,K.GUNASEKARAN,Puthiya Tamilagam,541,76.63,Puthiya Tamilagam,Thuraiyur,Tiruchirappalli,Delta,SC
146,S.KARUPPIAH,IND,320,76.63,IND,Thuraiyur,Tiruchirappalli,Delta,SC
146,SRINIVASAN J,IND,317,76.63,IND,Thuraiyur,Tiruchirappalli,Delta,SC
146,K.SUNDARRAJ,IND,230,76.63,IND,Thuraiyur,Tiruchirappalli,Delta,SC
146,K.JAYAKKANNAN,Tamizhaga Murpokku Makkal Katchi,166,76.63,Tamizhaga Murpokku Makkal Katchi,Thuraiyur,Tiruchirappalli,Delta,SC
146,A.SEERANGAN,IND,119,76.63,IND,Thuraiyur,Tiruchirappalli,Delta,SC
146,M.MALARMANNAN,Samaniya Makkal Nala Katchi,100,76.63,Samaniya Makkal Nala Katchi,Thuraiyur,Tiruchirappalli,Delta,SC
147,"PRABHAHARAN, M.",DMK,122090,78.2,DMK,Perambalur,Perambalur,Central,SC
147,"THAMIZHSELVAN, R.",AIADMK,91056,78.2,AIADMK,Perambalur,Perambalur,Central,SC
147,"MAHESHWARI, M.",NTK,18673,78.2,NTK,Perambalur,Perambalur,Central,SC
147,"RAJENDRAN, K.",DMDK,2932,78.2,DMDK,Perambalur,Perambalur,Central,SC
147,None Of The Above,NOTA,1884,78.2,NOTA,Perambalur,Perambalur,Central,SC
147,"SASIKALA, M.",IJK,1080,78.2,IJK,Perambalur,Perambalur,Central,SC
147,"RADHIKA, T.",Puthiya Tamilagam,1003,78.2,Puthiya Tamilagam,Perambalur,Perambalur,Central,SC
147,"RAJENDRAN, K.",BSP,520,78.2,BSP,Perambalur,Perambalur,Central,SC
147,"GUNASEKARAN, A.",NCP,409,78.2,NCP,Perambalur,Perambalur,Central,SC
147,"SATHISH, S.",IND,379,78.2,IND,Perambalur,Perambalur,Central,SC
148,"SIVASANKAR, S.S.",DMK,103922,80.05,DMK,Kunnam,Perambalur,Central,GEN
148,"RAMACHANDRAN, R.T.",AIADMK,97593,80.05,AIADMK,Kunnam,Perambalur,Central,GEN
148,"ARUL, P.",NTK,9354,80.05,NTK,Kunnam,Perambalur,Central,GEN
148,"KAARTHIKEYAN, S.",AMMK,2118,80.05,AMMK,Kunnam,Perambalur,Central,GEN
148,"SELVARAJU, R.",IND,977,80.05,IND,Kunnam,Perambalur,Central,GEN
148,"BALAMURUGAN, S.",IND,934,80.05,IND,Kunnam,Perambalur,Central,GEN
148,None Of The Above,NOTA,753,80.05,NOTA,Kunnam,Perambalur,Central,GEN
148,"SATHIK BASHA, A.S.",MNM,739,80.05,MNM,Kunnam,Perambalur,Central,GEN
148,"PRAKASH, M.R.",IND,604,80.05,IND,Kunnam,Perambalur,Central,GEN
148,"PANDIYAN, S.",BSP,494,80.05,BSP,Kunnam,Perambalur,Central,GEN
148,"VINOTHKUMAR, M.",IND,451,80.05,IND,Kunnam,Perambalur,Central,GEN
148,"PUGALENTHI, Dr.S.",IND,366,80.05,IND,Kunnam,Perambalur,Central,GEN
148,"GOWTHAMAN, V.",IND,336,80.05,IND,Kunnam,Perambalur,Central,GEN
148,"SURESHKUMAR, S.",IND,269,80.05,IND,Kunnam,Perambalur,Central,GEN
148,"RAVANAN, M.",New Generation People’s Party,187,80.05,New Generation People’s Party,Kunnam,Perambalur,Central,GEN
148,"SELVAM, J.",IND,174,80.05,IND,Kunnam,Perambalur,Central,GEN
148,"MANIKANDAN, K.",IND,152,80.05,IND,Kunnam,Perambalur,Central,GEN
148,"ARUL, G.",IND,123,80.05,IND,Kunnam,Perambalur,Central,GEN
148,KALAIYARASI SARAVANAN,IND,90,80.05,IND,Kunnam,Perambalur,Central,GEN
148,"MATHIYAZHAGAN, S.",IND,87,80.05,IND,Kunnam,Perambalur,Central,GEN
148,"KALAISELVI, J.",IND,68,80.05,IND,Kunnam,Perambalur,Central,GEN
148,"KATHIRAVAN, C.",IND,48,80.05,IND,Kunnam,Perambalur,Central,GEN
148,"MUTHAMILSELVAN, D.",IND,40,80.05,IND,Kunnam,Perambalur,Central,GEN
149,CHINNAPPA K,DMK,103975,84.54,DMK,Ariyalur,Ariyalur,Central,GEN
149,RAJENDRAN S,AIADMK,100741,84.54,AIADMK,Ariyalur,Ariyalur,Central,GEN
149,SUGUNA KUMAR,NTK,12346,84.54,NTK,Ariyalur,Ariyalur,Central,GEN
149,DURAI.MANIVEL,AMMK,2044,84.54,AMMK,Ariyalur,Ariyalur,Central,GEN
149,None Of The Above,NOTA,1386,84.54,NOTA,Ariyalur,Ariyalur,Central,GEN
149,THANGA. SHANMUGA SUNDARAM,New Generation People’s Party,1037,84.54,New Generation People’s Party,Ariyalur,Ariyalur,Central,GEN
149,JAWAHAR P,IJK,905,84.54,IJK,Ariyalur,Ariyalur,Central,GEN
149,RAMESH K,IND,767,84.54,IND,Ariyalur,Ariyalur,Central,GEN
149,RAVICHANDRAN S,IND,632,84.54,IND,Ariyalur,Ariyalur,Central,GEN
149,MANIKANNAN M,IND,540,84.54,IND,Ariyalur,Ariyalur,Central,GEN
149,SAVARIANANDHAM V,BSP,486,84.54,BSP,Ariyalur,Ariyalur,Central,GEN
149,SIVATHASAN V,IND,159,84.54,IND,Ariyalur,Ariyalur,Central,GEN
149,DEVA P,IND,133,84.54,IND,Ariyalur,Ariyalur,Central,GEN
149,KUMAR J,IND,74,84.54,IND,Ariyalur,Ariyalur,Central,GEN
150,KANNAN KA SO KA,DMK,99529,80.38,DMK,Jayankondam,Ariyalur,Central,GEN
150,BALU K,PMK,94077,80.38,PMK,Jayankondam,Ariyalur,Central,GEN
150,MAHALINGAM NEELA,NTK,9956,80.38,NTK,Jayankondam,Ariyalur,Central,GEN
150,SORNALATHA @ LATHA G,IJK,4700,80.38,IJK,Jayankondam,Ariyalur,Central,GEN
150,None Of The Above,NOTA,1861,80.38,NOTA,Jayankondam,Ariyalur,Central,GEN
150,SIVA J K,AMMK,1560,80.38,AMMK,Jayankondam,Ariyalur,Central,GEN
150,KESAVARAJAN V K,IND,1546,80.38,IND,Jayankondam,Ariyalur,Central,GEN
150,RAJKUMAR S,IND,947,80.38,IND,Jayankondam,Ariyalur,Central,GEN
150,NEELAMEGAM K,BSP,605,80.38,BSP,Jayankondam,Ariyalur,Central,GEN
150,NATARAJAN A,Anna Dravidar Kazhagam,418,80.38,Anna Dravidar Kazhagam,Jayankondam,Ariyalur,Central,GEN
150,SATHISHKUMAR R,IND,349,80.38,IND,Jayankondam,Ariyalur,Central,GEN
150,SAMUVEL MARTIN A,IND,312,80.38,IND,Jayankondam,Ariyalur,Central,GEN
150,SEDHURAMAN R,IND,258,80.38,IND,Jayankondam,Ariyalur,Central,GEN
150,SUDARVIZHI K,IND,250,80.38,IND,Jayankondam,Ariyalur,Central,GEN
151,"GANESAN,  C.V.",DMK,83726,76.3,DMK,Tittakudi,Cuddalore,Central,SC
151,"PERIYASAMY,  D.",BJP,62163,76.3,BJP,Tittakudi,Cuddalore,Central,SC
151,"KAMATCHI,  N.",NTK,10591,76.3,NTK,Tittakudi,Cuddalore,Central,SC
151,"UMANATH,  R.",DMDK,4142,76.3,DMDK,Tittakudi,Cuddalore,Central,SC
151,"PRABAKARAN,  R.",MNM,1745,76.3,MNM,Tittakudi,Cuddalore,Central,SC
151,"NATARAJAN,  M.",IND,1063,76.3,IND,Tittakudi,Cuddalore,Central,SC
151,None Of The Above,NOTA,999,76.3,NOTA,Tittakudi,Cuddalore,Central,SC
151,"KARUPPAN,  M.",IND,944,76.3,IND,Tittakudi,Cuddalore,Central,SC
151,"AYYASAMY,  S.",IND,724,76.3,IND,Tittakudi,Cuddalore,Central,SC
151,"PALANIAMMAL,  P.",IND,601,76.3,IND,Tittakudi,Cuddalore,Central,SC
151,"RAVICHANDRAN,  P.",BSP,559,76.3,BSP,Tittakudi,Cuddalore,Central,SC
151,"SUMATHI,  S.",IND,238,76.3,IND,Tittakudi,Cuddalore,Central,SC
151,"ARULDOSS,  E.",Desiya Makkal Sakthi Katchi,221,76.3,Desiya Makkal Sakthi Katchi,Tittakudi,Cuddalore,Central,SC
151,"SEENUVASAN,  C.",IND,197,76.3,IND,Tittakudi,Cuddalore,Central,SC
151,"KAMARAJ,  K.",IND,141,76.3,IND,Tittakudi,Cuddalore,Central,SC
151,"KOLANJINATHAN,  V.",IND,130,76.3,IND,Tittakudi,Cuddalore,Central,SC
152,Radhakrishnan,INC,77064,77.02,INC,Vriddhachalam,Cuddalore,Central,GEN
152,Karthikeyan. J,PMK,76202,77.02,PMK,Vriddhachalam,Cuddalore,Central,GEN
152,Premalatha Vijayakant,DMDK,25908,77.02,DMDK,Vriddhachalam,Cuddalore,Central,GEN
152,N. Amutha,NTK,8642,77.02,NTK,Vriddhachalam,Cuddalore,Central,GEN
152,R. Kesavaperumal,Tamil Nadu Ilangyar Katchi,891,77.02,Tamil Nadu Ilangyar Katchi,Vriddhachalam,Cuddalore,Central,GEN
152,Stalin,IND,862,77.02,IND,Vriddhachalam,Cuddalore,Central,GEN
152,R. Parthasarathi,IJK,841,77.02,IJK,Vriddhachalam,Cuddalore,Central,GEN
152,None Of The Above,NOTA,761,77.02,NOTA,Vriddhachalam,Cuddalore,Central,GEN
152,S. Muruganantham,IND,527,77.02,IND,Vriddhachalam,Cuddalore,Central,GEN
152,Perumal,IND,485,77.02,IND,Vriddhachalam,Cuddalore,Central,GEN
152,A. Ayyasamy,BSP,468,77.02,BSP,Vriddhachalam,Cuddalore,Central,GEN
152,B. Arasi,RJD,405,77.02,RJD,Vriddhachalam,Cuddalore,Central,GEN
152,R. Saravanan,IND,398,77.02,IND,Vriddhachalam,Cuddalore,Central,GEN
152,G. Pichamuthu,Desiya Sirupanmayinar Makkal Iyakkam,323,77.02,Desiya Sirupanmayinar Makkal Iyakkam,Vriddhachalam,Cuddalore,Central,GEN
152,M. Anwar Basha,IND,300,77.02,IND,Vriddhachalam,Cuddalore,Central,GEN
152,Sathiyanathan,Anaithu Makkal Puratchi Katchi,273,77.02,Anaithu Makkal Puratchi Katchi,Vriddhachalam,Cuddalore,Central,GEN
152,K.P.Senthilmurugan,IND,270,77.02,IND,Vriddhachalam,Cuddalore,Central,GEN
152,C. Dhanasekar,IND,268,77.02,IND,Vriddhachalam,Cuddalore,Central,GEN
152,M. Sathiyaseelan,IND,261,77.02,IND,Vriddhachalam,Cuddalore,Central,GEN
152,S. Sadhasivam,IND,246,77.02,IND,Vriddhachalam,Cuddalore,Central,GEN
152,N. Radhika,IND,194,77.02,IND,Vriddhachalam,Cuddalore,Central,GEN
152,Sivasankar,New Generation People’s Party,179,77.02,New Generation People’s Party,Vriddhachalam,Cuddalore,Central,GEN
152,S. Mahaveer Chand,IND,175,77.02,IND,Vriddhachalam,Cuddalore,Central,GEN
152,K. Ravichandiran,IND,156,77.02,IND,Vriddhachalam,Cuddalore,Central,GEN
152,T. Veeramani,IND,148,77.02,IND,Vriddhachalam,Cuddalore,Central,GEN
152,Ramadoss  S,IND,115,77.02,IND,Vriddhachalam,Cuddalore,Central,GEN
152,A. Manikandan,IND,109,77.02,IND,Vriddhachalam,Cuddalore,Central,GEN
152,S. Radhakrishnan,IND,103,77.02,IND,Vriddhachalam,Cuddalore,Central,GEN
152,S. Aruljothi,IND,86,77.02,IND,Vriddhachalam,Cuddalore,Central,GEN
152,P. Ramasamy,IND,74,77.02,IND,Vriddhachalam,Cuddalore,Central,GEN
153,SABA.RAJENDRAN,DMK,75177,74.25,DMK,Neyveli,Cuddalore,Central,GEN
153,JAGAN.K,PMK,74200,74.25,PMK,Neyveli,Cuddalore,Central,GEN
153,RAMESH.K,NTK,7785,74.25,NTK,Neyveli,Cuddalore,Central,GEN
153,BAKTHARATCHAGAN.R,AMMK,2230,74.25,AMMK,Neyveli,Cuddalore,Central,GEN
153,None Of The Above,NOTA,1171,74.25,NOTA,Neyveli,Cuddalore,Central,GEN
153,ILANGOVAN.R,IJK,1011,74.25,IJK,Neyveli,Cuddalore,Central,GEN
153,RAJENDRAN .B,IND,556,74.25,IND,Neyveli,Cuddalore,Central,GEN
153,VADUGANATHAN.R,IND,519,74.25,IND,Neyveli,Cuddalore,Central,GEN
153,KANAGARAJI.C,BSP,455,74.25,BSP,Neyveli,Cuddalore,Central,GEN
153,DHILIBAN.U,IND,392,74.25,IND,Neyveli,Cuddalore,Central,GEN
153,DHANASEKARAN.S,IND,334,74.25,IND,Neyveli,Cuddalore,Central,GEN
153,DHURGA.K,IND,209,74.25,IND,Neyveli,Cuddalore,Central,GEN
153,BOOBALAN.E,IND,91,74.25,IND,Neyveli,Cuddalore,Central,GEN
154,VELMURUGAN.T,DMK,93801,79.6,DMK,Panruti,Cuddalore,Central,GEN
154,RAJENDRAN.R,AIADMK,89104,79.6,AIADMK,Panruti,Cuddalore,Central,GEN
154,SUBHASHINI.R,NTK,6547,79.6,NTK,Panruti,Cuddalore,Central,GEN
154,SIVAKOZHUNDU.P,DMDK,3362,79.6,DMDK,Panruti,Cuddalore,Central,GEN
154,JAYLANI,MNM,1670,79.6,MNM,Panruti,Cuddalore,Central,GEN
154,None Of The Above,NOTA,1323,79.6,NOTA,Panruti,Cuddalore,Central,GEN
154,VELMURUGAN.K,IND,418,79.6,IND,Panruti,Cuddalore,Central,GEN
154,ARULKUMAR.R,IND,159,79.6,IND,Panruti,Cuddalore,Central,GEN
154,VELMURUGAN.R,IND,152,79.6,IND,Panruti,Cuddalore,Central,GEN
154,PRAKASH.R,IND,125,79.6,IND,Panruti,Cuddalore,Central,GEN
154,SUMATHI.V,IND,116,79.6,IND,Panruti,Cuddalore,Central,GEN
154,KAMADEVAN.S,IND,69,79.6,IND,Panruti,Cuddalore,Central,GEN
154,KRISHNARAJ.S,IND,68,79.6,IND,Panruti,Cuddalore,Central,GEN
154,KUMAR.D,IND,48,79.6,IND,Panruti,Cuddalore,Central,GEN
154,NAGAMANI.M,IND,45,79.6,IND,Panruti,Cuddalore,Central,GEN
154,GOVINDASAMY.S,IND,42,79.6,IND,Panruti,Cuddalore,Central,GEN
155,G.IYAPPAN,DMK,84563,74.77,DMK,Cuddalore,Cuddalore,Central,GEN
155,M.C.SAMPATH,AIADMK,79412,74.77,AIADMK,Cuddalore,Cuddalore,Central,GEN
155,JALADEEPAN.V,NTK,9563,74.77,NTK,Cuddalore,Cuddalore,Central,GEN
155,K.ANANDRAJ,MNM,4040,74.77,MNM,Cuddalore,Cuddalore,Central,GEN
155,A.GNANAPANDITHAN,DMDK,1499,74.77,DMDK,Cuddalore,Cuddalore,Central,GEN
155,None Of The Above,NOTA,1236,74.77,NOTA,Cuddalore,Cuddalore,Central,GEN
155,S.PUSHBARAJ,Tamil Nadu Ilangyar Katchi,617,74.77,Tamil Nadu Ilangyar Katchi,Cuddalore,Cuddalore,Central,GEN
155,J.JACOB,IND,307,74.77,IND,Cuddalore,Cuddalore,Central,GEN
155,S.DEENADHAYALAN,IND,291,74.77,IND,Cuddalore,Cuddalore,Central,GEN
155,V. DAKSHNAMOORTHY,IND,185,74.77,IND,Cuddalore,Cuddalore,Central,GEN
155,R.VALLAL KUMAR,BSP,79,74.77,BSP,Cuddalore,Cuddalore,Central,GEN
155,S.V.RAJARAJAN,Desiya Makkal Sakthi Katchi,74,74.77,Desiya Makkal Sakthi Katchi,Cuddalore,Cuddalore,Central,GEN
155,S.SAMPATH,IND,46,74.77,IND,Cuddalore,Cuddalore,Central,GEN
155,K.THANGARASU,IND,31,74.77,IND,Cuddalore,Cuddalore,Central,GEN
155,A.Mohamed Usman,Anna Puratchi Thalaivar Amma Dravida Munnetra Kazhagam,29,74.77,Anna Puratchi Thalaivar Amma Dravida Munnetra Kazhagam,Cuddalore,Cuddalore,Central,GEN
155,G.KRISHNAN,IND,29,74.77,IND,Cuddalore,Cuddalore,Central,GEN
156,M.R.K.PANNEERSELVAM,DMK,101456,82.06,DMK,Kurinjipadi,Cuddalore,Central,GEN
156,SELVI RAMAJAYAM,AIADMK,83929,82.06,AIADMK,Kurinjipadi,Cuddalore,Central,GEN
156,S.SUMATHI,NTK,8512,82.06,NTK,Kurinjipadi,Cuddalore,Central,GEN
156,None Of The Above,NOTA,1212,82.06,NOTA,Kurinjipadi,Cuddalore,Central,GEN
156,K.CHANDRAMOULI,JD(S),1189,82.06,JD(S),Kurinjipadi,Cuddalore,Central,GEN
156,A.VASANTHAKUMAR,AMMK,837,82.06,AMMK,Kurinjipadi,Cuddalore,Central,GEN
156,R.RAJESH,IND,515,82.06,IND,Kurinjipadi,Cuddalore,Central,GEN
156,T.VELAYUDHAM,BSP,482,82.06,BSP,Kurinjipadi,Cuddalore,Central,GEN
156,R.SARATHKUMAR,IND,154,82.06,IND,Kurinjipadi,Cuddalore,Central,GEN
156,R.MUTHUKRISHNAN,Anna Dravidar Kazhagam,140,82.06,Anna Dravidar Kazhagam,Kurinjipadi,Cuddalore,Central,GEN
156,L.MADHIYAZHAGAN,IND,139,82.06,IND,Kurinjipadi,Cuddalore,Central,GEN
156,N.MUTHAZHAGAN,IND,124,82.06,IND,Kurinjipadi,Cuddalore,Central,GEN
156,BRIJITA ROSLENE,IND,92,82.06,IND,Kurinjipadi,Cuddalore,Central,GEN
157,Arunmozhithevan. A,AIADMK,96453,78.57,AIADMK,Bhuvanagiri,Cuddalore,Central,GEN
157,Saravanan. Durai.K,DMK,88194,78.57,DMK,Bhuvanagiri,Cuddalore,Central,GEN
157,Rathinavel. R.,NTK,6958,78.57,NTK,Bhuvanagiri,Cuddalore,Central,GEN
157,Balamurugan. K.S.K,AMMK,2470,78.57,AMMK,Bhuvanagiri,Cuddalore,Central,GEN
157,None Of The Above,NOTA,1058,78.57,NOTA,Bhuvanagiri,Cuddalore,Central,GEN
157,Ezhilvendhan. R,BSP,504,78.57,BSP,Bhuvanagiri,Cuddalore,Central,GEN
157,Ranjith. R,IND,333,78.57,IND,Bhuvanagiri,Cuddalore,Central,GEN
157,Revathi. R.,IJK,315,78.57,IJK,Bhuvanagiri,Cuddalore,Central,GEN
157,Saravanan. J.,IND,196,78.57,IND,Bhuvanagiri,Cuddalore,Central,GEN
157,Jeyakumar. K,IND,184,78.57,IND,Bhuvanagiri,Cuddalore,Central,GEN
157,Pazhanivel. M,IND,142,78.57,IND,Bhuvanagiri,Cuddalore,Central,GEN
157,Balamurugan. G.C,IND,133,78.57,IND,Bhuvanagiri,Cuddalore,Central,GEN
157,Anandan. S (a) Kavignar Sella Aananthamaalai,IND,102,78.57,IND,Bhuvanagiri,Cuddalore,Central,GEN
157,Sivakumari. T,IND,68,78.57,IND,Bhuvanagiri,Cuddalore,Central,GEN
157,Ezhilvendan. P.,IND,55,78.57,IND,Bhuvanagiri,Cuddalore,Central,GEN
158,K.A. PANDIAN,AIADMK,91961,71.93,AIADMK,Chidambaram,Cuddalore,Central,GEN
158,S. ABDUL RAHMAN,IUML,75024,71.93,IUML,Chidambaram,Cuddalore,Central,GEN
158,NATARAJAN KRISHNAMOORTHY,NTK,9071,71.93,NTK,Chidambaram,Cuddalore,Central,GEN
158,G. DEVASAGAYAM,MNM,2953,71.93,MNM,Chidambaram,Cuddalore,Central,GEN
158,M. NANTHINIDEVI,AMMK,1388,71.93,AMMK,Chidambaram,Cuddalore,Central,GEN
158,None Of The Above,NOTA,1202,71.93,NOTA,Chidambaram,Cuddalore,Central,GEN
158,D. CHANDRA PRABU,BSP,478,71.93,BSP,Chidambaram,Cuddalore,Central,GEN
158,S. BALAMURUGAN,IND,337,71.93,IND,Chidambaram,Cuddalore,Central,GEN
158,K. UDAYA SELVAN,Anaithu Makkal Puratchi Katchi,305,71.93,Anaithu Makkal Puratchi Katchi,Chidambaram,Cuddalore,Central,GEN
158,C. VINOBA,IND,245,71.93,IND,Chidambaram,Cuddalore,Central,GEN
158,B. NARAYANAMOORTHY,IND,242,71.93,IND,Chidambaram,Cuddalore,Central,GEN
158,M. RAGHUNATHAN,Ilantamilar Munnani Kazhagam,146,71.93,Ilantamilar Munnani Kazhagam,Chidambaram,Cuddalore,Central,GEN
159,SINTHANAI SELVAN,VCK,86056,75.87,VCK,Kattumannarkoil,Cuddalore,Central,SC
159,N. MURUGUMARAN,AIADMK,75491,75.87,AIADMK,Kattumannarkoil,Cuddalore,Central,SC
159,P. NIVEDHA,NTK,6806,75.87,NTK,Kattumannarkoil,Cuddalore,Central,SC
159,S. NARAYANAMOORTHY,AMMK,1904,75.87,AMMK,Kattumannarkoil,Cuddalore,Central,SC
159,THANGA VIKRAM,MNM,1415,75.87,MNM,Kattumannarkoil,Cuddalore,Central,SC
159,A. ANANDAN,IND,991,75.87,IND,Kattumannarkoil,Cuddalore,Central,SC
159,None Of The Above,NOTA,648,75.87,NOTA,Kattumannarkoil,Cuddalore,Central,SC
159,M.G. KALYANASUNDARAM,All India Jananayaka Makkal Kazhagam,460,75.87,All India Jananayaka Makkal Kazhagam,Kattumannarkoil,Cuddalore,Central,SC
159,THANGA UDHAYAKUMAR,BSP,429,75.87,BSP,Kattumannarkoil,Cuddalore,Central,SC
159,M.A.T. ARCHUNAN,IND,421,75.87,IND,Kattumannarkoil,Cuddalore,Central,SC
159,P.M. KUMAR,IND,363,75.87,IND,Kattumannarkoil,Cuddalore,Central,SC
159,MATHIAZHAGAN,IND,227,75.87,IND,Kattumannarkoil,Cuddalore,Central,SC
159,S.TAMILSELVAN,IND,216,75.87,IND,Kattumannarkoil,Cuddalore,Central,SC
159,M. THIRUNAVUKARASU,Anna Puratchi Thalaivar Amma Dravida Munnetra Kazhagam,134,75.87,Anna Puratchi Thalaivar Amma Dravida Munnetra Kazhagam,Kattumannarkoil,Cuddalore,Central,SC
160,PANNEERSELVAM,DMK,94057,74.91,DMK,Sirkali,Nagapattinam,Delta,SC
160,P.V.BHARATHI,AIADMK,81909,74.91,AIADMK,Sirkali,Nagapattinam,Delta,SC
160,Kavitha,NTK,11013,74.91,NTK,Sirkali,Nagapattinam,Delta,SC
160,BALU,AMMK,1308,74.91,AMMK,Sirkali,Nagapattinam,Delta,SC
160,PRABU,MNM,1000,74.91,MNM,Sirkali,Nagapattinam,Delta,SC
160,None Of The Above,NOTA,977,74.91,NOTA,Sirkali,Nagapattinam,Delta,SC
160,SRITHAR,BSP,495,74.91,BSP,Sirkali,Nagapattinam,Delta,SC
160,BARATHI,IND,288,74.91,IND,Sirkali,Nagapattinam,Delta,SC
160,Silambarasan,IND,122,74.91,IND,Sirkali,Nagapattinam,Delta,SC
160,Kamban,Anaithu Makkal Arasiyal Katchi,79,74.91,Anaithu Makkal Arasiyal Katchi,Sirkali,Nagapattinam,Delta,SC
160,ANUSUYA,IND,77,74.91,IND,Sirkali,Nagapattinam,Delta,SC
161,Rajakumar.S,INC,73642,70.14,INC,Mayiladuthurai,Nagapattinam,Delta,GEN
161,Palanisamy.A,PMK,70900,70.14,PMK,Mayiladuthurai,Nagapattinam,Delta,GEN
161,Kasiraman.K,NTK,13186,70.14,NTK,Mayiladuthurai,Nagapattinam,Delta,GEN
161,Anbarasan Komal R K,AMMK,7282,70.14,AMMK,Mayiladuthurai,Nagapattinam,Delta,GEN
161,Ravichandran.N,MNM,5933,70.14,MNM,Mayiladuthurai,Nagapattinam,Delta,GEN
161,None Of The Above,NOTA,1067,70.14,NOTA,Mayiladuthurai,Nagapattinam,Delta,GEN
161,Rajkumar.S,Tamil Nadu Ilangyar Katchi,651,70.14,Tamil Nadu Ilangyar Katchi,Mayiladuthurai,Nagapattinam,Delta,GEN
161,Shamsudeen.N,BSP,526,70.14,BSP,Mayiladuthurai,Nagapattinam,Delta,GEN
161,Rajendran.M,IND,356,70.14,IND,Mayiladuthurai,Nagapattinam,Delta,GEN
161,Niranjan.R,IND,243,70.14,IND,Mayiladuthurai,Nagapattinam,Delta,GEN
161,Manimaran.T,IND,208,70.14,IND,Mayiladuthurai,Nagapattinam,Delta,GEN
161,Ganesan.S,IND,185,70.14,IND,Mayiladuthurai,Nagapattinam,Delta,GEN
161,Babusankar.R,IND,168,70.14,IND,Mayiladuthurai,Nagapattinam,Delta,GEN
161,Loga.Sampath,IND,155,70.14,IND,Mayiladuthurai,Nagapattinam,Delta,GEN
161,Thimothy.T,IND,138,70.14,IND,Mayiladuthurai,Nagapattinam,Delta,GEN
162,Nivedha M. Murugan,DMK,96102,75.19,DMK,Poompuhar,Nagapattinam,Delta,GEN
162,S.Pavunraj,AIADMK,92803,75.19,AIADMK,Poompuhar,Nagapattinam,Delta,GEN
162,P. Kaliyammal,NTK,14823,75.19,NTK,Poompuhar,Nagapattinam,Delta,GEN
162,S.Senthamizhan,AMMK,1220,75.19,AMMK,Poompuhar,Nagapattinam,Delta,GEN
162,M.H.Meharajdeen,MNM,950,75.19,MNM,Poompuhar,Nagapattinam,Delta,GEN
162,None Of The Above,NOTA,733,75.19,NOTA,Poompuhar,Nagapattinam,Delta,GEN
162,T. Ilanchezhian,BSP,500,75.19,BSP,Poompuhar,Nagapattinam,Delta,GEN
162,S.Pandiyarajan,IND,343,75.19,IND,Poompuhar,Nagapattinam,Delta,GEN
162,S.Murugan,IND,262,75.19,IND,Poompuhar,Nagapattinam,Delta,GEN
162,A. Kalaivanan,IND,102,75.19,IND,Poompuhar,Nagapattinam,Delta,GEN
163,J. Mohamed Shanavas,VCK,66281,71.97,VCK,Nagapattinam,Nagapattinam,Delta,GEN
163,Thanka.kathiravan,AIADMK,59043,71.97,AIADMK,Nagapattinam,Nagapattinam,Delta,GEN
163,S.Augustine Arputharaj,NTK,9976,71.97,NTK,Nagapattinam,Nagapattinam,Delta,GEN
163,C.Manjula,AMMK,3503,71.97,AMMK,Nagapattinam,Nagapattinam,Delta,GEN
163,Syed Anas Mohideen Sahip,MNM,2540,71.97,MNM,Nagapattinam,Nagapattinam,Delta,GEN
163,None Of The Above,NOTA,895,71.97,NOTA,Nagapattinam,Nagapattinam,Delta,GEN
163,Mayilarasi,Naadaalum Makkal Katchi,256,71.97,Naadaalum Makkal Katchi,Nagapattinam,Nagapattinam,Delta,GEN
163,V. Manikandan,IND,252,71.97,IND,Nagapattinam,Nagapattinam,Delta,GEN
163,V. Canagaradjou,IND,209,71.97,IND,Nagapattinam,Nagapattinam,Delta,GEN
163,N P Bhashgaran,IND,184,71.97,IND,Nagapattinam,Nagapattinam,Delta,GEN
163,Durai. Selvakumar,IND,113,71.97,IND,Nagapattinam,Nagapattinam,Delta,GEN
163,T. Singaravadivelan,SHS,105,71.97,SHS,Nagapattinam,Nagapattinam,Delta,GEN
163,S. Prem,IND,105,71.97,IND,Nagapattinam,Nagapattinam,Delta,GEN
163,J.V. Durai,Makkalatchi Katchi,98,71.97,Makkalatchi Katchi,Nagapattinam,Nagapattinam,Delta,GEN
164,NAGAIMAALI V P,CPI(M),67988,79.43,CPIM,Kilvelur,Nagapattinam,Delta,SC
164,VADIVEL RAVANAN  S,PMK,51003,79.43,PMK,Kilvelur,Nagapattinam,Delta,SC
164,PONELAVAZHAKI  S,NTK,15173,79.43,NTK,Kilvelur,Nagapattinam,Delta,SC
164,SIDHU G,MNM,2906,79.43,MNM,Kilvelur,Nagapattinam,Delta,SC
164,NEETHIMOHAN M,AMMK,2503,79.43,AMMK,Kilvelur,Nagapattinam,Delta,SC
164,None Of The Above,NOTA,897,79.43,NOTA,Kilvelur,Nagapattinam,Delta,SC
164,TAMILARASAN U,BSP,641,79.43,BSP,Kilvelur,Nagapattinam,Delta,SC
164,KALAISELVAN G,IND,615,79.43,IND,Kilvelur,Nagapattinam,Delta,SC
164,MUTHALAGAN S,Puthiya Tamilagam,614,79.43,Puthiya Tamilagam,Kilvelur,Nagapattinam,Delta,SC
164,VEDHA MUKUNDHAN,IND,482,79.43,IND,Kilvelur,Nagapattinam,Delta,SC
164,MARUTHAIYAN G,IND,173,79.43,IND,Kilvelur,Nagapattinam,Delta,SC
165,O.S.MANIAN,AIADMK,78719,80.6,AIADMK,Vedaranyam,Nagapattinam,Delta,GEN
165,S.K.VETHARATHINAM,DMK,66390,80.6,DMK,Vedaranyam,Nagapattinam,Delta,GEN
165,K.RAJENDRAN,NTK,9106,80.6,NTK,Vedaranyam,Nagapattinam,Delta,GEN
165,P.S.ARUMUGAM,AMMK,1284,80.6,AMMK,Vedaranyam,Nagapattinam,Delta,GEN
165,None Of The Above,NOTA,673,80.6,NOTA,Vedaranyam,Nagapattinam,Delta,GEN
165,R.PANNEERSELVAM,BSP,460,80.6,BSP,Vedaranyam,Nagapattinam,Delta,GEN
165,MOHAMED ALI,MNM,437,80.6,MNM,Vedaranyam,Nagapattinam,Delta,GEN
165,P.V.THEENATHAYALAN,IND,319,80.6,IND,Vedaranyam,Nagapattinam,Delta,GEN
165,V.VEERAKUMAR,IND,297,80.6,IND,Vedaranyam,Nagapattinam,Delta,GEN
165,R.KATHIRVEL,IND,143,80.6,IND,Vedaranyam,Nagapattinam,Delta,GEN
165,Dr.T.SUNDARAVADIVELAN,SHS,91,80.6,SHS,Vedaranyam,Nagapattinam,Delta,GEN
165,T.RAMAJAYAM,IND,76,80.6,IND,Vedaranyam,Nagapattinam,Delta,GEN
165,R.RAMAMURTHY,IND,65,80.6,IND,Vedaranyam,Nagapattinam,Delta,GEN
166,MARIMUTHU K,CPI,97092,76.74,CPI,Thiruthuraipundi,Tiruvarur,Delta,SC
166,SURESH KUMAR C,AIADMK,67024,76.74,AIADMK,Thiruthuraipundi,Tiruvarur,Delta,SC
166,AARTHI A,NTK,15362,76.74,NTK,Thiruthuraipundi,Tiruvarur,Delta,SC
166,RAJANIKANTH S,AMMK,3555,76.74,AMMK,Thiruthuraipundi,Tiruvarur,Delta,SC
166,None Of The Above,NOTA,1313,76.74,NOTA,Thiruthuraipundi,Tiruvarur,Delta,SC
166,PARAMASIVAM K,IND,476,76.74,IND,Thiruthuraipundi,Tiruvarur,Delta,SC
166,PARIVENTHAN D,AISMK,315,76.74,AISMK,Thiruthuraipundi,Tiruvarur,Delta,SC
166,SURESH A K,IND,190,76.74,IND,Thiruthuraipundi,Tiruvarur,Delta,SC
166,THULASIRAMAN R,IND,155,76.74,IND,Thiruthuraipundi,Tiruvarur,Delta,SC
166,THIRUVARUL SELVI V,IND,139,76.74,IND,Thiruthuraipundi,Tiruvarur,Delta,SC
166,SENGUTTUVAN M,IND,136,76.74,IND,Thiruthuraipundi,Tiruvarur,Delta,SC
166,SIVAPRAKASAM V,IND,129,76.74,IND,Thiruthuraipundi,Tiruvarur,Delta,SC
167,RAJAA T R B,DMK,87172,74.34,DMK,Mannargudi,Tiruvarur,Delta,GEN
167,RAJAMANICKAM  SIVA,AIADMK,49779,74.34,AIADMK,Mannargudi,Tiruvarur,Delta,GEN
167,KAMARAJ S,AMMK,40481,74.34,AMMK,Mannargudi,Tiruvarur,Delta,GEN
167,ARAVINDAN RAMA,NTK,10438,74.34,NTK,Mannargudi,Tiruvarur,Delta,GEN
167,KUMARESAN T,IND,1845,74.34,IND,Mannargudi,Tiruvarur,Delta,GEN
167,ANBANANDAM S,MNM,1366,74.34,MNM,Mannargudi,Tiruvarur,Delta,GEN
167,None Of The Above,NOTA,960,74.34,NOTA,Mannargudi,Tiruvarur,Delta,GEN
167,SATHISKUMAR S,Puthiya Tamilagam,588,74.34,Puthiya Tamilagam,Mannargudi,Tiruvarur,Delta,GEN
167,MURUGAN S,IND,378,74.34,IND,Mannargudi,Tiruvarur,Delta,GEN
167,MARIMUTHU A.V.M,IND,125,74.34,IND,Mannargudi,Tiruvarur,Delta,GEN
167,BARADHIDASAN T,IND,97,74.34,IND,Mannargudi,Tiruvarur,Delta,GEN
168,KALAIVANAN  POONDI  K.,DMK,108906,73.25,DMK,Thiruvarur,Tiruvarur,Delta,GEN
168,PANNERSELVAM A.N.R.,AIADMK,57732,73.25,AIADMK,Thiruvarur,Tiruvarur,Delta,GEN
168,VINOTHINI R.,NTK,26300,73.25,NTK,Thiruvarur,Tiruvarur,Delta,GEN
168,NASEEMA BANU M.A.,SDPI,6364,73.25,SDPI,Thiruvarur,Tiruvarur,Delta,GEN
168,KABILARASAN  P.,MNM,4068,73.25,MNM,Thiruvarur,Tiruvarur,Delta,GEN
168,None Of The Above,NOTA,1653,73.25,NOTA,Thiruvarur,Tiruvarur,Delta,GEN
168,THIYAGASUNDARAM N.,Tamil Nadu Ilangyar Katchi,1008,73.25,Tamil Nadu Ilangyar Katchi,Thiruvarur,Tiruvarur,Delta,GEN
168,GOMATHI A.,BSP,720,73.25,BSP,Thiruvarur,Tiruvarur,Delta,GEN
168,PANNEERSELVAM J.,IND,531,73.25,IND,Thiruvarur,Tiruvarur,Delta,GEN
168,THIYAGARAJAN  M.,Puthiya Tamilagam,293,73.25,Puthiya Tamilagam,Thiruvarur,Tiruvarur,Delta,GEN
168,MOHAMED HALITH A.,IND,247,73.25,IND,Thiruvarur,Tiruvarur,Delta,GEN
168,MUTHARASAN S.,IND,202,73.25,IND,Thiruvarur,Tiruvarur,Delta,GEN
168,AMANULLAH R.S.A.,IND,163,73.25,IND,Thiruvarur,Tiruvarur,Delta,GEN
168,ANBAZHAGAN T.,IND,103,73.25,IND,Thiruvarur,Tiruvarur,Delta,GEN
169,KAMARAJ R,AIADMK,103637,81.08,AIADMK,Nannilam,Tiruvarur,Delta,GEN
169,JOTHIRAMAN  S,DMK,99213,81.08,DMK,Nannilam,Tiruvarur,Delta,GEN
169,FATHIMA FARHANA  S,NTK,13419,81.08,NTK,Nannilam,Tiruvarur,Delta,GEN
169,RAMACHANDRAN   N,AMMK,2076,81.08,AMMK,Nannilam,Tiruvarur,Delta,GEN
169,None Of The Above,NOTA,1190,81.08,NOTA,Nannilam,Tiruvarur,Delta,GEN
169,RAVICHANDRAN  R,BSP,711,81.08,BSP,Nannilam,Tiruvarur,Delta,GEN
169,GANESAN  D,IJK,381,81.08,IJK,Nannilam,Tiruvarur,Delta,GEN
169,NATARAJAN  C,IND,352,81.08,IND,Nannilam,Tiruvarur,Delta,GEN
169,ANUSHA  T,IND,206,81.08,IND,Nannilam,Tiruvarur,Delta,GEN
169,MURUGAVEL  M,Anna Dravidar Kazhagam,164,81.08,Anna Dravidar Kazhagam,Nannilam,Tiruvarur,Delta,GEN
169,TAMILSELVAN  R,IND,153,81.08,IND,Nannilam,Tiruvarur,Delta,GEN
169,RAJA S,IND,125,81.08,IND,Nannilam,Tiruvarur,Delta,GEN
169,PANASAIARAGAN K N,Desiya Makkal Sakthi Katchi,111,81.08,Desiya Makkal Sakthi Katchi,Nannilam,Tiruvarur,Delta,GEN
169,NITHIYANANTHAM  S,Anaithu Makkal Arasiyal Katchi,81,81.08,Anaithu Makkal Arasiyal Katchi,Nannilam,Tiruvarur,Delta,GEN
169,KUMARAN  R,IND,78,81.08,IND,Nannilam,Tiruvarur,Delta,GEN
169,KRISHNAN  K,IND,47,81.08,IND,Nannilam,Tiruvarur,Delta,GEN
170,"CHEZHIAAN,  GOVI.",DMK,95763,75.76,DMK,Thiruvidamarudur,Thanjavur,Delta,SC
170,"UNION VEERAMANI, S.",AIADMK,85083,75.76,AIADMK,Thiruvidamarudur,Thanjavur,Delta,SC
170,"DIVYA BHARATHI, M.",NTK,11176,75.76,NTK,Thiruvidamarudur,Thanjavur,Delta,SC
170,"PURATCHI MANI, M.",BSP,1839,75.76,BSP,Thiruvidamarudur,Thanjavur,Delta,SC
170,"KUDANTHAI ARASAN, J.",AMMK,1746,75.76,AMMK,Thiruvidamarudur,Thanjavur,Delta,SC
170,None Of The Above,NOTA,1240,75.76,NOTA,Thiruvidamarudur,Thanjavur,Delta,SC
170,"KANNAIYAN, T.",CPI(ML)(L),576,75.76,CPI(ML)(L),Thiruvidamarudur,Thanjavur,Delta,SC
170,"MARIMUTHU, G.",IND,245,75.76,IND,Thiruvidamarudur,Thanjavur,Delta,SC
170,"MADHANKUMAR, R.",IJK,226,75.76,IJK,Thiruvidamarudur,Thanjavur,Delta,SC
170,"MARIYAPPAN, N.",IND,198,75.76,IND,Thiruvidamarudur,Thanjavur,Delta,SC
170,"MATHI, M.",IND,102,75.76,IND,Thiruvidamarudur,Thanjavur,Delta,SC
170,"SURESH, R.",Anaithu Makkal Puratchi Katchi,78,75.76,Anaithu Makkal Puratchi Katchi,Thiruvidamarudur,Thanjavur,Delta,SC
170,"KANNAIYAN, N.",IND,68,75.76,IND,Thiruvidamarudur,Thanjavur,Delta,SC
170,"NEDUMARAN, S.",IND,68,75.76,IND,Thiruvidamarudur,Thanjavur,Delta,SC
170,"DHANASEKAR, V.",IND,38,75.76,IND,Thiruvidamarudur,Thanjavur,Delta,SC
171,"ANBALAGAN, G.",DMK,96057,71.45,DMK,Kumbakonam,Thanjavur,Delta,GEN
171,"SRITHAR VANDAYAR, G.M.",AIADMK,74674,71.45,AIADMK,Kumbakonam,Thanjavur,Delta,GEN
171,"ANANDH, M.",NTK,12480,71.45,NTK,Kumbakonam,Thanjavur,Delta,GEN
171,"BALAMURUGAN, S.",AMMK,6523,71.45,AMMK,Kumbakonam,Thanjavur,Delta,GEN
171,"GOPALAKRISHNAN, G.",MNM,5276,71.45,MNM,Kumbakonam,Thanjavur,Delta,GEN
171,None Of The Above,NOTA,1648,71.45,NOTA,Kumbakonam,Thanjavur,Delta,GEN
171,"GURUMOORTHI, D.",IND,234,71.45,IND,Kumbakonam,Thanjavur,Delta,GEN
171,"AYYAPPAN, M.",IND,209,71.45,IND,Kumbakonam,Thanjavur,Delta,GEN
171,"VIJAYAKUMAR, C.",IND,190,71.45,IND,Kumbakonam,Thanjavur,Delta,GEN
171,"SUBRAMANIAN, P.",IND,153,71.45,IND,Kumbakonam,Thanjavur,Delta,GEN
171,"PRAKASH, P.",IND,120,71.45,IND,Kumbakonam,Thanjavur,Delta,GEN
172,"Dr.JAWAHIRULLAH, M.H.",DMK,86567,74.76,DMK,Papanasam,Thanjavur,Delta,GEN
172,"GOPINATHAN, K.",AIADMK,70294,74.76,AIADMK,Papanasam,Thanjavur,Delta,GEN
172,"RENGASAMY, M.",AMMK,19778,74.76,AMMK,Papanasam,Thanjavur,Delta,GEN
172,"KRISHNAKUMAR, N.",NTK,14724,74.76,NTK,Papanasam,Thanjavur,Delta,GEN
172,"SHANTHA, K.",MNM,2032,74.76,MNM,Papanasam,Thanjavur,Delta,GEN
172,None Of The Above,NOTA,1204,74.76,NOTA,Papanasam,Thanjavur,Delta,GEN
172,"GOPINATHAN, R.",IND,567,74.76,IND,Papanasam,Thanjavur,Delta,GEN
172,"RAJA, A.",IND,477,74.76,IND,Papanasam,Thanjavur,Delta,GEN
172,"RAJA, A.M.",IND,412,74.76,IND,Papanasam,Thanjavur,Delta,GEN
172,"MUTHUKUMAR, R.",Anaithu Makkal Puratchi Katchi,252,74.76,Anaithu Makkal Puratchi Katchi,Papanasam,Thanjavur,Delta,GEN
172,"GOPI, N.",IND,211,74.76,IND,Papanasam,Thanjavur,Delta,GEN
172,"MEHRAJ BANU, N.",All India Jananayaka Makkal Kazhagam,169,74.76,All India Jananayaka Makkal Kazhagam,Papanasam,Thanjavur,Delta,GEN
172,"XAVIER, S.",IND,163,74.76,IND,Papanasam,Thanjavur,Delta,GEN
172,"THIYAGARAJAN, V.",IND,132,74.76,IND,Papanasam,Thanjavur,Delta,GEN
173,DURAI.CHANDRASEKARAN,DMK,103210,78.11,DMK,Thiruvaiyaru,Thanjavur,Delta,GEN
173,"VENKATESAN, S.",BJP,49560,78.11,BJP,Thiruvaiyaru,Thanjavur,Delta,GEN
173,"KARTHIKEYAN, V.",AMMK,37469,78.11,AMMK,Thiruvaiyaru,Thanjavur,Delta,GEN
173,"SENTHILNATHAN, D.",NTK,15820,78.11,NTK,Thiruvaiyaru,Thanjavur,Delta,GEN
173,"UTHIRAPATHI, G.",Puthiya Tamilagam,1215,78.11,Puthiya Tamilagam,Thiruvaiyaru,Thanjavur,Delta,GEN
173,None Of The Above,NOTA,1180,78.11,NOTA,Thiruvaiyaru,Thanjavur,Delta,GEN
173,"THIRUMARAN, P.S.",IND,1093,78.11,IND,Thiruvaiyaru,Thanjavur,Delta,GEN
173,ASWIN,BSP,530,78.11,BSP,Thiruvaiyaru,Thanjavur,Delta,GEN
173,"RAJKUMAR, R.",IND,368,78.11,IND,Thiruvaiyaru,Thanjavur,Delta,GEN
173,"VIJAYAKUMAR, S.",Anna Puratchi Thalaivar Amma Dravida Munnetra Kazhagam,257,78.11,Anna Puratchi Thalaivar Amma Dravida Munnetra Kazhagam,Thiruvaiyaru,Thanjavur,Delta,GEN
173,"BACKIYARAJ, V.",Anaithu Makkal Arasiyal Katchi,252,78.11,Anaithu Makkal Arasiyal Katchi,Thiruvaiyaru,Thanjavur,Delta,GEN
173,"SINGARAVADIVEL, S.",IND,240,78.11,IND,Thiruvaiyaru,Thanjavur,Delta,GEN
173,"SIVARAMAN, T.","Makkal Sananayaga Kudiyarasu Katchi,",236,78.11,"Makkal Sananayaga Kudiyarasu Katchi,",Thiruvaiyaru,Thanjavur,Delta,GEN
174,"NEELAMEGAM, T.K.G.",DMK,103772,65.72,DMK,Thanjavur,Thanjavur,Delta,GEN
174,"ARIVUDAINAMBI, V.",AIADMK,56623,65.72,AIADMK,Thanjavur,Thanjavur,Delta,GEN
174,"SUBADEVI, R.",NTK,17366,65.72,NTK,Thanjavur,Thanjavur,Delta,GEN
174,"SUNDARAMOHAN, G.",MNM,9681,65.72,MNM,Thanjavur,Thanjavur,Delta,GEN
174,"DR.RAMANATHAN, P.",DMDK,4246,65.72,DMDK,Thanjavur,Thanjavur,Delta,GEN
174,None Of The Above,NOTA,1938,65.72,NOTA,Thanjavur,Thanjavur,Delta,GEN
174,"KARIKALA CHOLAN, S.",NCP,281,65.72,NCP,Thanjavur,Thanjavur,Delta,GEN
174,"VASUKI, N.",IND,260,65.72,IND,Thanjavur,Thanjavur,Delta,GEN
174,"XAVIER, A.",People's Party of India(secular),217,65.72,People's Party of India(secular),Thanjavur,Thanjavur,Delta,GEN
174,"DINESH BABU, D.",IND,142,65.72,IND,Thanjavur,Thanjavur,Delta,GEN
174,"SANTHOSH, M.",IND,122,65.72,IND,Thanjavur,Thanjavur,Delta,GEN
174,"BHARATH, B.",IND,110,65.72,IND,Thanjavur,Thanjavur,Delta,GEN
174,"SABTHAGIRI, R.",IND,101,65.72,IND,Thanjavur,Thanjavur,Delta,GEN
175,"VAITHILINGAM, R.",AIADMK,90063,78.29,AIADMK,Orathanad,Thanjavur,Delta,GEN
175,"RAMCHANDRAN, M.",DMK,61228,78.29,DMK,Orathanad,Thanjavur,Delta,GEN
175,"SEKAR, M.",AMMK,26022,78.29,AMMK,Orathanad,Thanjavur,Delta,GEN
175,"KANDHASAMY, M.",NTK,9050,78.29,NTK,Orathanad,Thanjavur,Delta,GEN
175,"MOOKKAIYAN, V.",IND,2041,78.29,IND,Orathanad,Thanjavur,Delta,GEN
175,None Of The Above,NOTA,867,78.29,NOTA,Orathanad,Thanjavur,Delta,GEN
175,"RENGASAMY, G.",MNM,721,78.29,MNM,Orathanad,Thanjavur,Delta,GEN
175,"STALIN, R.",BSP,550,78.29,BSP,Orathanad,Thanjavur,Delta,GEN
175,"JAYASOORIYAN, T.",IND,428,78.29,IND,Orathanad,Thanjavur,Delta,GEN
175,"RENGARAJ, S.",IND,319,78.29,IND,Orathanad,Thanjavur,Delta,GEN
175,"THANRAJ, R.",United States of India Party,229,78.29,United States of India Party,Orathanad,Thanjavur,Delta,GEN
175,"ARUNKUMAR, K.",IND,223,78.29,IND,Orathanad,Thanjavur,Delta,GEN
175,"PRABAKARAN, U.",Anaithu Makkal Puratchi Katchi,99,78.29,Anaithu Makkal Puratchi Katchi,Orathanad,Thanjavur,Delta,GEN
176,"ANNADURAI, K.",DMK,79065,71.66,DMK,Pattukkottai,Thanjavur,Delta,GEN
176,"RENGARAJAN, N.R.",AIADMK,53796,71.66,AIADMK,Pattukkottai,Thanjavur,Delta,GEN
176,"BALAKRISHNAN, V.",IND,23771,71.66,IND,Pattukkottai,Thanjavur,Delta,GEN
176,KEERTHIKA ANBU,NTK,10730,71.66,NTK,Pattukkottai,Thanjavur,Delta,GEN
176,"SELVAM, S.D.S.",AMMK,5223,71.66,AMMK,Pattukkottai,Thanjavur,Delta,GEN
176,"SADASIVAM, B.",MNM,3088,71.66,MNM,Pattukkottai,Thanjavur,Delta,GEN
176,None Of The Above,NOTA,1026,71.66,NOTA,Pattukkottai,Thanjavur,Delta,GEN
176,"MEIKKAPPAN, T.",Anna Dravidar Kazhagam,322,71.66,Anna Dravidar Kazhagam,Pattukkottai,Thanjavur,Delta,GEN
176,"SUNDARRAJ, M.",Anaithu Makkal Puratchi Katchi,179,71.66,Anaithu Makkal Puratchi Katchi,Pattukkottai,Thanjavur,Delta,GEN
177,"ASHOKKUMAR, N.",DMK,89130,77.02,DMK,Peravurani,Thanjavur,Delta,GEN
177,"THIRUGNANASAMBANDAM, S.V.",AIADMK,65627,77.02,AIADMK,Peravurani,Thanjavur,Delta,GEN
177,"DELIPAN, K.",NTK,12154,77.02,NTK,Peravurani,Thanjavur,Delta,GEN
177,"SIVAKUMAR, M.",DMDK,1623,77.02,DMDK,Peravurani,Thanjavur,Delta,GEN
177,None Of The Above,NOTA,770,77.02,NOTA,Peravurani,Thanjavur,Delta,GEN
177,"PACHAMUTHU, P.",IJK,554,77.02,IJK,Peravurani,Thanjavur,Delta,GEN
177,"DURAIRAJ, G.",BSP,494,77.02,BSP,Peravurani,Thanjavur,Delta,GEN
177,"UTHAYAKUMAR, U.",IND,262,77.02,IND,Peravurani,Thanjavur,Delta,GEN
177,"ELANGOVAN, G.",IND,236,77.02,IND,Peravurani,Thanjavur,Delta,GEN
178,M.Chinnadurai,CPI(M),69710,74.45,CPIM,Gandharvakottai,Pudukkottai,Delta,SC
178,S.Jayabharathi,AIADMK,56989,74.45,AIADMK,Gandharvakottai,Pudukkottai,Delta,SC
178,P.Lenin,AMMK,12840,74.45,AMMK,Gandharvakottai,Pudukkottai,Delta,SC
178,M.Ramila,NTK,12661,74.45,NTK,Gandharvakottai,Pudukkottai,Delta,SC
178,None Of The Above,NOTA,1390,74.45,NOTA,Gandharvakottai,Pudukkottai,Delta,SC
178,P.Asaithambi,CPI(ML)(L),1271,74.45,CPI(ML)(L),Gandharvakottai,Pudukkottai,Delta,SC
178,KRM.Adhidravidar,MNM,848,74.45,MNM,Gandharvakottai,Pudukkottai,Delta,SC
178,V.Rethinam,IND,620,74.45,IND,Gandharvakottai,Pudukkottai,Delta,SC
178,P.Karthikeyan,IND,289,74.45,IND,Gandharvakottai,Pudukkottai,Delta,SC
178,K. Manimuthu,IND,232,74.45,IND,Gandharvakottai,Pudukkottai,Delta,SC
178,P.Rengasamy,IND,206,74.45,IND,Gandharvakottai,Pudukkottai,Delta,SC
178,S.Malarvizhi,Anaithu Makkal Arasiyal Katchi,190,74.45,Anaithu Makkal Arasiyal Katchi,Gandharvakottai,Pudukkottai,Delta,SC
178,M.Thanaraj,Namadhu Makkal Katchi,133,74.45,Namadhu Makkal Katchi,Gandharvakottai,Pudukkottai,Delta,SC
178,V.Ilaiyaraja,IND,130,74.45,IND,Gandharvakottai,Pudukkottai,Delta,SC
178,Keerai.A.T.Chinnappa,IND,111,74.45,IND,Gandharvakottai,Pudukkottai,Delta,SC
179,VIJAYA BASKER C,AIADMK,102179,85.43,AIADMK,Viralimalai,Pudukkottai,Delta,GEN
179,PALANIAPPAN,DMK,78581,85.43,DMK,Viralimalai,Pudukkottai,Delta,GEN
179,AZHAGU MEENA P,NTK,7035,85.43,NTK,Viralimalai,Pudukkottai,Delta,GEN
179,KARTHI PRABHAKARAN O,AMMK,1228,85.43,AMMK,Viralimalai,Pudukkottai,Delta,GEN
179,DHANALAKSHMI.M,IND,620,85.43,IND,Viralimalai,Pudukkottai,Delta,GEN
179,SARAVANAN R,MNM,559,85.43,MNM,Viralimalai,Pudukkottai,Delta,GEN
179,THIRUVENTHIRAN V,IND,509,85.43,IND,Viralimalai,Pudukkottai,Delta,GEN
179,RAMESH M,IND,504,85.43,IND,Viralimalai,Pudukkottai,Delta,GEN
179,None Of The Above,NOTA,385,85.43,NOTA,Viralimalai,Pudukkottai,Delta,GEN
179,MANIKANDAN. C,IND,291,85.43,IND,Viralimalai,Pudukkottai,Delta,GEN
179,ALAGURAJA.V,BSP,263,85.43,BSP,Viralimalai,Pudukkottai,Delta,GEN
179,PALANISAMY A,IND,241,85.43,IND,Viralimalai,Pudukkottai,Delta,GEN
179,ARUMUGAM P,Puthiya Tamilagam,215,85.43,Puthiya Tamilagam,Viralimalai,Pudukkottai,Delta,GEN
179,JOTHIVEL A,IND,191,85.43,IND,Viralimalai,Pudukkottai,Delta,GEN
179,BALASUBRAMANIAN M,IND,156,85.43,IND,Viralimalai,Pudukkottai,Delta,GEN
179,RAJAVARMAN R,IND,119,85.43,IND,Viralimalai,Pudukkottai,Delta,GEN
179,RAMESHKUMAR.P,IND,93,85.43,IND,Viralimalai,Pudukkottai,Delta,GEN
179,MANIKANDAN K,IND,73,85.43,IND,Viralimalai,Pudukkottai,Delta,GEN
179,SYEED MOHAMED J,IND,50,85.43,IND,Viralimalai,Pudukkottai,Delta,GEN
179,ELAYARAJA R,IND,37,85.43,IND,Viralimalai,Pudukkottai,Delta,GEN
179,SENTHILKUMAR P,My India Party,35,85.43,My India Party,Viralimalai,Pudukkottai,Delta,GEN
179,ABDUL NAZAR K,IND,33,85.43,IND,Viralimalai,Pudukkottai,Delta,GEN
179,VIJAY A,Anna Dravidar Kazhagam,26,85.43,Anna Dravidar Kazhagam,Viralimalai,Pudukkottai,Delta,GEN
180,V . MUTHURAJA,DMK,85802,72.94,DMK,Pudukkottai,Pudukkottai,Delta,GEN
180,KARTHIK THONDAIMAN,AIADMK,72801,72.94,AIADMK,Pudukkottai,Pudukkottai,Delta,GEN
180,SASIKUMAR,NTK,11503,72.94,NTK,Pudukkottai,Pudukkottai,Delta,GEN
180,S . MOORTHY,MNM,3948,72.94,MNM,Pudukkottai,Pudukkottai,Delta,GEN
180,M . SUBRAMANIAN,DMDK,1873,72.94,DMDK,Pudukkottai,Pudukkottai,Delta,GEN
180,None Of The Above,NOTA,604,72.94,NOTA,Pudukkottai,Pudukkottai,Delta,GEN
180,DURAI GUNA,IND,476,72.94,IND,Pudukkottai,Pudukkottai,Delta,GEN
180,VENGADESHWARAN,BSP,463,72.94,BSP,Pudukkottai,Pudukkottai,Delta,GEN
180,M. SARAVANA DEVA,Namadhu Makkal Katchi,424,72.94,Namadhu Makkal Katchi,Pudukkottai,Pudukkottai,Delta,GEN
180,KARTHIKEYAN,IND,393,72.94,IND,Pudukkottai,Pudukkottai,Delta,GEN
180,V. N. MUTHUKUMAR,IND,380,72.94,IND,Pudukkottai,Pudukkottai,Delta,GEN
180,A. RAJASEKAR,IND,250,72.94,IND,Pudukkottai,Pudukkottai,Delta,GEN
180,S . SOUNDAR RAJA,IND,205,72.94,IND,Pudukkottai,Pudukkottai,Delta,GEN
180,K . DHANAGOPAL,IND,180,72.94,IND,Pudukkottai,Pudukkottai,Delta,GEN
180,KARUPPAIAH . C,IND,104,72.94,IND,Pudukkottai,Pudukkottai,Delta,GEN
180,KUMAR,My India Party,95,72.94,My India Party,Pudukkottai,Pudukkottai,Delta,GEN
180,M . RAJINIKANTH,IND,90,72.94,IND,Pudukkottai,Pudukkottai,Delta,GEN
180,S . SAHUL AMEEDU,IND,89,72.94,IND,Pudukkottai,Pudukkottai,Delta,GEN
180,P. VIJAYAKUMAR,IND,71,72.94,IND,Pudukkottai,Pudukkottai,Delta,GEN
180,S . KARTHIKEYAN,IND,58,72.94,IND,Pudukkottai,Pudukkottai,Delta,GEN
180,N. VEERIAH,IND,42,72.94,IND,Pudukkottai,Pudukkottai,Delta,GEN
180,I . ABDULLAH,IND,41,72.94,IND,Pudukkottai,Pudukkottai,Delta,GEN
181,S.REGUPATHY,DMK,71349,75.85,DMK,Thirumayam,Pudukkottai,Delta,GEN
181,P.K.VAIRAMUTHU,AIADMK,69967,75.85,AIADMK,Thirumayam,Pudukkottai,Delta,GEN
181,K.SELVAKUMAR,IND,15144,75.85,IND,Thirumayam,Pudukkottai,Delta,GEN
181,U.SIVARAMAN,NTK,11061,75.85,NTK,Thirumayam,Pudukkottai,Delta,GEN
181,S.MUNIARAJU,AMMK,1503,75.85,AMMK,Thirumayam,Pudukkottai,Delta,GEN
181,R.THIRUMENI,MNM,1356,75.85,MNM,Thirumayam,Pudukkottai,Delta,GEN
181,None Of The Above,NOTA,569,75.85,NOTA,Thirumayam,Pudukkottai,Delta,GEN
181,S. GANDIPAN,My India Party,554,75.85,My India Party,Thirumayam,Pudukkottai,Delta,GEN
181,M.SELVAKUMAR,IND,456,75.85,IND,Thirumayam,Pudukkottai,Delta,GEN
181,C. ALAGU SUBBIAH,IND,412,75.85,IND,Thirumayam,Pudukkottai,Delta,GEN
181,M. DURAIRAJAN,IND,365,75.85,IND,Thirumayam,Pudukkottai,Delta,GEN
181,M.SELVAKUMAR,IND,315,75.85,IND,Thirumayam,Pudukkottai,Delta,GEN
181,R.SIVAKUMAR,Puthiya Tamilagam,238,75.85,Puthiya Tamilagam,Thirumayam,Pudukkottai,Delta,GEN
181,S.SELVAKUMAR,IND,109,75.85,IND,Thirumayam,Pudukkottai,Delta,GEN
181,R. PALANIYAPPAN,IND,92,75.85,IND,Thirumayam,Pudukkottai,Delta,GEN
181,M.SELVAKUMAR,IND,87,75.85,IND,Thirumayam,Pudukkottai,Delta,GEN
181,S.PURACHIBALAN,Anna Dravidar Kazhagam,74,75.85,Anna Dravidar Kazhagam,Thirumayam,Pudukkottai,Delta,GEN
181,MUTHUADAIKKAN @ ADAIKKALAM,IND,74,75.85,IND,Thirumayam,Pudukkottai,Delta,GEN
181,R.SUNDARAM,IND,70,75.85,IND,Thirumayam,Pudukkottai,Delta,GEN
181,S.MANIKANDAN,IND,66,75.85,IND,Thirumayam,Pudukkottai,Delta,GEN
181,M.KARTHICK,IND,65,75.85,IND,Thirumayam,Pudukkottai,Delta,GEN
181,K.SELVAKUMAR,IND,54,75.85,IND,Thirumayam,Pudukkottai,Delta,GEN
181,AL.MATHIALAGAN,IND,51,75.85,IND,Thirumayam,Pudukkottai,Delta,GEN
182,SIVA.V.MEYYANATHAN,DMK,87935,78.47,DMK,Alangudi,Pudukkottai,Delta,GEN
182,DHARMA THANGAVEL,AIADMK,62088,78.47,AIADMK,Alangudi,Pudukkottai,Delta,GEN
182,C.THIRUCHELVAM,NTK,15477,78.47,NTK,Alangudi,Pudukkottai,Delta,GEN
182,D.VIDANGAR,AMMK,2924,78.47,AMMK,Alangudi,Pudukkottai,Delta,GEN
182,N.VAIRAVAN,MNM,1230,78.47,MNM,Alangudi,Pudukkottai,Delta,GEN
182,None Of The Above,NOTA,702,78.47,NOTA,Alangudi,Pudukkottai,Delta,GEN
182,M.CHINNADURAI,BSP,444,78.47,BSP,Alangudi,Pudukkottai,Delta,GEN
182,V.KANNADASAN,IND,343,78.47,IND,Alangudi,Pudukkottai,Delta,GEN
182,T.VINAYAGAMOORTHY,IND,199,78.47,IND,Alangudi,Pudukkottai,Delta,GEN
182,P.BALAMURUGAN,My India Party,180,78.47,My India Party,Alangudi,Pudukkottai,Delta,GEN
182,G.MANIMEGALAI,CPI(ML)(L),165,78.47,CPI(ML)(L),Alangudi,Pudukkottai,Delta,GEN
182,C.JAYA,Anaithu Makkal Puratchi Katchi,155,78.47,Anaithu Makkal Puratchi Katchi,Alangudi,Pudukkottai,Delta,GEN
183,RAMACHANDRAN T,INC,81835,70.21,INC,Arantangi,Pudukkottai,Delta,GEN
183,RAJANAYAGAM M,AIADMK,50942,70.21,AIADMK,Arantangi,Pudukkottai,Delta,GEN
183,HUMAYUN KABIR M I,NTK,18460,70.21,NTK,Arantangi,Pudukkottai,Delta,GEN
183,SIVASHANMUGAM K,AMMK,4699,70.21,AMMK,Arantangi,Pudukkottai,Delta,GEN
183,VELRAJ. K P,IND,3164,70.21,IND,Arantangi,Pudukkottai,Delta,GEN
183,MUTHUSELVAM V,IND,2164,70.21,IND,Arantangi,Pudukkottai,Delta,GEN
183,"DHETCHENA MOORTHY, Dr. S",IND,1080,70.21,IND,Arantangi,Pudukkottai,Delta,GEN
183,SHAIK MOHAMED B,MNM,966,70.21,MNM,Arantangi,Pudukkottai,Delta,GEN
183,JEEVA A,BSP,636,70.21,BSP,Arantangi,Pudukkottai,Delta,GEN
183,AMALADOSS SANDHIYAGU,Puthiya Tamilagam,612,70.21,Puthiya Tamilagam,Arantangi,Pudukkottai,Delta,GEN
183,None Of The Above,NOTA,524,70.21,NOTA,Arantangi,Pudukkottai,Delta,GEN
183,PANDIYAN V,IND,505,70.21,IND,Arantangi,Pudukkottai,Delta,GEN
183,MAHENDRAN K,IND,493,70.21,IND,Arantangi,Pudukkottai,Delta,GEN
183,SELVAKUMAR K,IND,391,70.21,IND,Arantangi,Pudukkottai,Delta,GEN
183,MUTHUKKARUPPAIAH K,IND,334,70.21,IND,Arantangi,Pudukkottai,Delta,GEN
183,RAMASAMY R S,IND,212,70.21,IND,Arantangi,Pudukkottai,Delta,GEN
183,SYED SULTHAN IBRAHIM A,IND,202,70.21,IND,Arantangi,Pudukkottai,Delta,GEN
183,TILLAINATHAN R,IND,180,70.21,IND,Arantangi,Pudukkottai,Delta,GEN
183,RAMALINGASWAMI ADIHITHAN. PPC,Akhila India Jananayaka Makkal Katchi (Dr. Isaac),168,70.21,Akhila India Jananayaka Makkal Katchi (Dr. Isaac),Arantangi,Pudukkottai,Delta,GEN
183,SAKTHIVEL K,Tamizhaga Murpokku Makkal Katchi,162,70.21,Tamizhaga Murpokku Makkal Katchi,Arantangi,Pudukkottai,Delta,GEN
183,ARJUNAN R,IND,140,70.21,IND,Arantangi,Pudukkottai,Delta,GEN
183,KUMARAPPAN B,My India Party,125,70.21,My India Party,Arantangi,Pudukkottai,Delta,GEN
183,JEGADEESAN R,IND,54,70.21,IND,Arantangi,Pudukkottai,Delta,GEN
184,S.Mangudi,INC,75954,66.23,INC,Karaikudi,Sivaganga,South,GEN
184,H.Raja,BJP,54365,66.23,BJP,Karaikudi,Sivaganga,South,GEN
184,Dherpoki V Pandi,AMMK,44864,66.23,AMMK,Karaikudi,Sivaganga,South,GEN
184,N.Durai Manickam,NTK,23872,66.23,NTK,Karaikudi,Sivaganga,South,GEN
184,S.Rajkumar,MNM,8351,66.23,MNM,Karaikudi,Sivaganga,South,GEN
184,None Of The Above,NOTA,1349,66.23,NOTA,Karaikudi,Sivaganga,South,GEN
184,B.Vanitha,Puthiya Tamilagam,702,66.23,Puthiya Tamilagam,Karaikudi,Sivaganga,South,GEN
184,N.Baluswamy,BSP,652,66.23,BSP,Karaikudi,Sivaganga,South,GEN
184,N.Meenal,IND,548,66.23,IND,Karaikudi,Sivaganga,South,GEN
184,K.Velu,IND,504,66.23,IND,Karaikudi,Sivaganga,South,GEN
184,M.Naina Mohamed,IND,416,66.23,IND,Karaikudi,Sivaganga,South,GEN
184,A.Ganesan,IND,346,66.23,IND,Karaikudi,Sivaganga,South,GEN
184,Rajkumar.G,Anna MGR Dravida Makkal Kalgam,341,66.23,Anna MGR Dravida Makkal Kalgam,Karaikudi,Sivaganga,South,GEN
184,A.Paramasivam,IND,192,66.23,IND,Karaikudi,Sivaganga,South,GEN
185,KR.PERIYAKARUPPAN,DMK,103682,71.98,DMK,Tiruppattur,Sivaganga,South,GEN
185,MARUDHU ALAGURAJ,AIADMK,66308,71.98,AIADMK,Tiruppattur,Sivaganga,South,GEN
185,KOTTAIKUMAR,NTK,14571,71.98,NTK,Tiruppattur,Sivaganga,South,GEN
185,C.PARAMASIVAM,IND,13202,71.98,IND,Tiruppattur,Sivaganga,South,GEN
185,K.K.UMADHEVAN,AMMK,7448,71.98,AMMK,Tiruppattur,Sivaganga,South,GEN
185,A.AMALAN SAVARIMUTHU,IJK,862,71.98,IJK,Tiruppattur,Sivaganga,South,GEN
185,None Of The Above,NOTA,853,71.98,NOTA,Tiruppattur,Sivaganga,South,GEN
185,PERIYASAMY,IND,605,71.98,IND,Tiruppattur,Sivaganga,South,GEN
185,A.PARTHASARATHY,IND,465,71.98,IND,Tiruppattur,Sivaganga,South,GEN
185,A.MALLIKA,IND,444,71.98,IND,Tiruppattur,Sivaganga,South,GEN
185,K.S.K.RAJESH,IND,352,71.98,IND,Tiruppattur,Sivaganga,South,GEN
185,PALANIAPPAN,IND,333,71.98,IND,Tiruppattur,Sivaganga,South,GEN
185,M.SARASWATHI,Puthiya Tamilagam,241,71.98,Puthiya Tamilagam,Tiruppattur,Sivaganga,South,GEN
185,P.SELVARAJ,IND,221,71.98,IND,Tiruppattur,Sivaganga,South,GEN
185,P.RAJESWARI,IND,152,71.98,IND,Tiruppattur,Sivaganga,South,GEN
185,K.VEERAPANDIAN,My India Party,144,71.98,My India Party,Tiruppattur,Sivaganga,South,GEN
185,M.MOHAMED RABEEK,IND,122,71.98,IND,Tiruppattur,Sivaganga,South,GEN
185,P.JEYACHANDRAN,IND,115,71.98,IND,Tiruppattur,Sivaganga,South,GEN
185,S.MURUGAN,Anaithu Makkal Puratchi Katchi,96,71.98,Anaithu Makkal Puratchi Katchi,Tiruppattur,Sivaganga,South,GEN
185,G.ABDUL KISHORE BABU,IND,85,71.98,IND,Tiruppattur,Sivaganga,South,GEN
185,A.KARTHIKA,IND,80,71.98,IND,Tiruppattur,Sivaganga,South,GEN
185,RM.MURUGESAN,IND,69,71.98,IND,Tiruppattur,Sivaganga,South,GEN
185,C.KANNAN,IND,68,71.98,IND,Tiruppattur,Sivaganga,South,GEN
185,MUTHULAKSHMI,IND,65,71.98,IND,Tiruppattur,Sivaganga,South,GEN
185,J.VEERAYI,IND,65,71.98,IND,Tiruppattur,Sivaganga,South,GEN
185,ANANDHAN K,IND,62,71.98,IND,Tiruppattur,Sivaganga,South,GEN
185,RENUKA,IND,56,71.98,IND,Tiruppattur,Sivaganga,South,GEN
186,PR. Senthilnathan,AIADMK,82153,66.29,AIADMK,Sivaganga,Sivaganga,South,GEN
186,S. Gunasekaran,CPI,70900,66.29,CPI,Sivaganga,Sivaganga,South,GEN
186,R. Mallika,NTK,22500,66.29,NTK,Sivaganga,Sivaganga,South,GEN
186,K. Anbarasan,AMMK,19824,66.29,AMMK,Sivaganga,Sivaganga,South,GEN
186,Joseph. C,MNM,2105,66.29,MNM,Sivaganga,Sivaganga,South,GEN
186,P. Viswanathan,IND,1332,66.29,IND,Sivaganga,Sivaganga,South,GEN
186,None Of The Above,NOTA,1270,66.29,NOTA,Sivaganga,Sivaganga,South,GEN
186,N. Pandimuthu,My India Party,373,66.29,My India Party,Sivaganga,Sivaganga,South,GEN
186,Dr. A. Parthasarathy,IND,345,66.29,IND,Sivaganga,Sivaganga,South,GEN
186,Vimalraj,IND,309,66.29,IND,Sivaganga,Sivaganga,South,GEN
186,Vadivel. C,Anaithu Makkal Puratchi Katchi,241,66.29,Anaithu Makkal Puratchi Katchi,Sivaganga,Sivaganga,South,GEN
186,M. Ravi,IND,175,66.29,IND,Sivaganga,Sivaganga,South,GEN
186,R. Gunasekaran,IND,155,66.29,IND,Sivaganga,Sivaganga,South,GEN
186,M. Thirukumaran,IND,127,66.29,IND,Sivaganga,Sivaganga,South,GEN
186,K. Kalaiselvam,IND,123,66.29,IND,Sivaganga,Sivaganga,South,GEN
186,C. Kaningprabhu,IND,112,66.29,IND,Sivaganga,Sivaganga,South,GEN
187,Tamilarasi A.,DMK,89364,72.05,DMK,Manamadurai,Sivaganga,South,SC
187,Nagarajan S.,AIADMK,75273,72.05,AIADMK,Manamadurai,Sivaganga,South,SC
187,Shanmugapriya M.,NTK,23228,72.05,NTK,Manamadurai,Sivaganga,South,SC
187,Mariappankennady S.,AMMK,10231,72.05,AMMK,Manamadurai,Sivaganga,South,SC
187,Sivasankari P.,MNM,2257,72.05,MNM,Manamadurai,Sivaganga,South,SC
187,None Of The Above,NOTA,1333,72.05,NOTA,Manamadurai,Sivaganga,South,SC
187,Rajaiah  C.,IND,371,72.05,IND,Manamadurai,Sivaganga,South,SC
187,Chandrasekar M.,Anaithu Makkal Puratchi Katchi,229,72.05,Anaithu Makkal Puratchi Katchi,Manamadurai,Sivaganga,South,SC
187,Muthumari K.,IND,185,72.05,IND,Manamadurai,Sivaganga,South,SC
187,Thamaraiselvi S.,IND,142,72.05,IND,Manamadurai,Sivaganga,South,SC
187,Muralitharan M.,Anna MGR Dravida Makkal Kalgam,128,72.05,Anna MGR Dravida Makkal Kalgam,Manamadurai,Sivaganga,South,SC
187,Duraipandi M.,IND,125,72.05,IND,Manamadurai,Sivaganga,South,SC
187,Rajendran A.,My India Party,111,72.05,My India Party,Manamadurai,Sivaganga,South,SC
187,Karuppaiah S.,IND,84,72.05,IND,Manamadurai,Sivaganga,South,SC
188,PERIYAPULLAN @ SELVAM  P.,AIADMK,83344,74.23,AIADMK,Melur,Madurai,South,GEN
188,RAVICHANDRAN  T.,INC,48182,74.23,INC,Melur,Madurai,South,GEN
188,SELVARAJ  A.,AMMK,34262,74.23,AMMK,Melur,Madurai,South,GEN
188,KARUPPUSAMY  P.,NTK,10669,74.23,NTK,Melur,Madurai,South,GEN
188,KATHIRESAN  K.,MNM,2176,74.23,MNM,Melur,Madurai,South,GEN
188,None Of The Above,NOTA,884,74.23,NOTA,Melur,Madurai,South,GEN
188,PANDI  K.,IND,736,74.23,IND,Melur,Madurai,South,GEN
188,BALAN  T.,IND,630,74.23,IND,Melur,Madurai,South,GEN
188,GOBALAKRISHNAN  M.,IND,350,74.23,IND,Melur,Madurai,South,GEN
188,MOHANRAM  C.,IND,342,74.23,IND,Melur,Madurai,South,GEN
188,DHINAKARAN  S.,IND,274,74.23,IND,Melur,Madurai,South,GEN
188,SENTHILRAJ  K.,My India Party,270,74.23,My India Party,Melur,Madurai,South,GEN
188,KANNAN  P.,IND,258,74.23,IND,Melur,Madurai,South,GEN
188,NAGENDRAN  N.,IND,200,74.23,IND,Melur,Madurai,South,GEN
188,SIVASAMY  R.,IND,110,74.23,IND,Melur,Madurai,South,GEN
188,DHARMAR  P.,IND,95,74.23,IND,Melur,Madurai,South,GEN
189,MOORTHY P,DMK,122729,71.34,DMK,Madurai East,Madurai,South,GEN
189,GOPALAKRISHNAN R,AIADMK,73125,71.34,AIADMK,Madurai East,Madurai,South,GEN
189,LATHA J,NTK,17668,71.34,NTK,Madurai East,Madurai,South,GEN
189,MUTHUKRISHNAN I,MNM,11993,71.34,MNM,Madurai East,Madurai,South,GEN
189,SARAVANAN T,AMMK,6729,71.34,AMMK,Madurai East,Madurai,South,GEN
189,None Of The Above,NOTA,1944,71.34,NOTA,Madurai East,Madurai,South,GEN
189,BALAMURUGAN A,Puthiya Tamilagam,1755,71.34,Puthiya Tamilagam,Madurai East,Madurai,South,GEN
189,PALANIAMMAL P,IND,349,71.34,IND,Madurai East,Madurai,South,GEN
189,CHANDRASEKARAN V,IND,346,71.34,IND,Madurai East,Madurai,South,GEN
189,MUSTAK MOHAMED.A.K,Tipu Sultan Party,308,71.34,Tipu Sultan Party,Madurai East,Madurai,South,GEN
189,GANDHI K,IND,233,71.34,IND,Madurai East,Madurai,South,GEN
189,JEYAKUMAR P,IND,232,71.34,IND,Madurai East,Madurai,South,GEN
189,MUTHU KRISHNAN M,Anaithu Makkal Puratchi Katchi,152,71.34,Anaithu Makkal Puratchi Katchi,Madurai East,Madurai,South,GEN
189,RAJA P,My India Party,122,71.34,My India Party,Madurai East,Madurai,South,GEN
189,PRABAHARAN M,Bahujan Dravida Party,112,71.34,Bahujan Dravida Party,Madurai East,Madurai,South,GEN
189,DINESH G,IND,95,71.34,IND,Madurai East,Madurai,South,GEN
190,VENKATESAN A,DMK,84240,79.49,DMK,Sholavandan,Madurai,South,SC
190,MANICKAM K,AIADMK,67195,79.49,AIADMK,Sholavandan,Madurai,South,SC
190,SENGANNAN G,NTK,13936,79.49,NTK,Sholavandan,Madurai,South,SC
190,JEYALAKSHMI M,DMDK,3582,79.49,DMDK,Sholavandan,Madurai,South,SC
190,YOGANATHAN S,MNM,3031,79.49,MNM,Sholavandan,Madurai,South,SC
190,None Of The Above,NOTA,961,79.49,NOTA,Sholavandan,Madurai,South,SC
190,MOORTHI M,IND,363,79.49,IND,Sholavandan,Madurai,South,SC
190,RAJKUMAR V,IND,353,79.49,IND,Sholavandan,Madurai,South,SC
190,KANDAVEL S,IND,294,79.49,IND,Sholavandan,Madurai,South,SC
190,INDURANI S,Puthiya Tamilagam,250,79.49,Puthiya Tamilagam,Sholavandan,Madurai,South,SC
190,MOORTHY P,IND,200,79.49,IND,Sholavandan,Madurai,South,SC
190,SILAMBARASAN P,Bahujan Dravida Party,146,79.49,Bahujan Dravida Party,Sholavandan,Madurai,South,SC
190,MALAICHAMY A,IND,133,79.49,IND,Sholavandan,Madurai,South,SC
190,ESWARI T,CPI(ML)(L),125,79.49,CPI(ML)(L),Sholavandan,Madurai,South,SC
190,KATHIRESAN P,IND,104,79.49,IND,Sholavandan,Madurai,South,SC
190,VARATHARAJAN C,IND,89,79.49,IND,Sholavandan,Madurai,South,SC
190,DHANAGOPAL S,IND,88,79.49,IND,Sholavandan,Madurai,South,SC
190,KRISHNASAMY P,IND,84,79.49,IND,Sholavandan,Madurai,South,SC
190,RAJKUMAR K,My India Party,71,79.49,My India Party,Sholavandan,Madurai,South,SC
190,SEKAR N,IND,70,79.49,IND,Sholavandan,Madurai,South,SC
190,VETRIVEL J,IND,46,79.49,IND,Sholavandan,Madurai,South,SC
191,THALAPATHI G,DMK,73010,63.6,DMK,Madurai North,Madurai,South,GEN
191,SARAVANAN P,BJP,50094,63.6,BJP,Madurai North,Madurai,South,GEN
191,ANBARASI S,NTK,15311,63.6,NTK,Madurai North,Madurai,South,GEN
191,ALAGAR M,MNM,12102,63.6,MNM,Madurai North,Madurai,South,GEN
191,JEYAPAL M,AMMK,3280,63.6,AMMK,Madurai North,Madurai,South,GEN
191,None Of The Above,NOTA,1564,63.6,NOTA,Madurai North,Madurai,South,GEN
191,NATARAJAN R,IND,168,63.6,IND,Madurai North,Madurai,South,GEN
191,VASANTHAKUMAR S,Anna Dravidar Kazhagam,167,63.6,Anna Dravidar Kazhagam,Madurai North,Madurai,South,GEN
191,SANKARAPANDI P,IND,163,63.6,IND,Madurai North,Madurai,South,GEN
191,ABUBAKKAR SITHICK J,IND,139,63.6,IND,Madurai North,Madurai,South,GEN
191,THEIVAMMAL K,IND,125,63.6,IND,Madurai North,Madurai,South,GEN
191,VOLTAIRE M J,SUCI,115,63.6,SUCI,Madurai North,Madurai,South,GEN
191,ISMAIL D,IND,105,63.6,IND,Madurai North,Madurai,South,GEN
191,RAAM VISHWAKARMA T,IND,94,63.6,IND,Madurai North,Madurai,South,GEN
191,KESAVARAJAH J,IND,70,63.6,IND,Madurai North,Madurai,South,GEN
191,KUPPUSAMY N,IND,49,63.6,IND,Madurai North,Madurai,South,GEN
192,BOOMINATHAN.M,DMK,62812,63.8,DMK,Madurai South,Madurai,South,GEN
192,SARAVANAN. S.S,AIADMK,56297,63.8,AIADMK,Madurai South,Madurai,South,GEN
192,ESWARAN.G,MNM,12821,63.8,MNM,Madurai South,Madurai,South,GEN
192,ABBAS.M,NTK,10483,63.8,NTK,Madurai South,Madurai,South,GEN
192,RAAJALINGAM.SHA,AMMK,2672,63.8,AMMK,Madurai South,Madurai,South,GEN
192,None Of The Above,NOTA,1551,63.8,NOTA,Madurai South,Madurai,South,GEN
192,SARAVANAN.R,IND,257,63.8,IND,Madurai South,Madurai,South,GEN
192,JEYA.K,IND,178,63.8,IND,Madurai South,Madurai,South,GEN
192,RAJKUMAR(a)MANIKANDAN.K,IND,162,63.8,IND,Madurai South,Madurai,South,GEN
192,VENGADACHALAPATHY.T.S,IND,159,63.8,IND,Madurai South,Madurai,South,GEN
192,BHARATHI KANNAMMA. S,New Generation People’s Party,140,63.8,New Generation People’s Party,Madurai South,Madurai,South,GEN
192,RAVICHANDRAN.V.C,IND,116,63.8,IND,Madurai South,Madurai,South,GEN
192,SADAM HUSSAIN.K,My India Party,104,63.8,My India Party,Madurai South,Madurai,South,GEN
192,UMESH.K.R,IND,81,63.8,IND,Madurai South,Madurai,South,GEN
193,PALANIVEL THIAGA RAJAN,DMK,73205,61.03,DMK,Madurai Central,Madurai,South,GEN
193,JOTHI MUTHURAMALINGAM N,AIADMK,39029,61.03,AIADMK,Madurai Central,Madurai,South,GEN
193,MANI B,MNM,14495,61.03,MNM,Madurai Central,Madurai,South,GEN
193,PANDIAMMAL J,NTK,11215,61.03,NTK,Madurai Central,Madurai,South,GEN
193,KREMMER SURESH,IND,4907,61.03,IND,Madurai Central,Madurai,South,GEN
193,SIKKANDAR BATCHA G S,SDPI,3347,61.03,SDPI,Madurai Central,Madurai,South,GEN
193,None Of The Above,NOTA,1441,61.03,NOTA,Madurai Central,Madurai,South,GEN
193,KRISHNAPRABBU M R,IND,440,61.03,IND,Madurai Central,Madurai,South,GEN
193,ESWARI M,My India Party,287,61.03,My India Party,Madurai Central,Madurai,South,GEN
193,THAVAMANI A,BSP,286,61.03,BSP,Madurai Central,Madurai,South,GEN
193,ELANGOVAN R,IND,264,61.03,IND,Madurai Central,Madurai,South,GEN
193,RAJASURIYAA K R,IND,193,61.03,IND,Madurai Central,Madurai,South,GEN
193,RAJAKUMAR NAIDU E V S,Tamil Telugu National Party,176,61.03,Tamil Telugu National Party,Madurai Central,Madurai,South,GEN
193,SIVASANKAR S,IND,94,61.03,IND,Madurai Central,Madurai,South,GEN
193,SATHIYENDRAN N,IND,51,61.03,IND,Madurai Central,Madurai,South,GEN
194,RAJU. K,AIADMK,83883,65.12,AIADMK,Madurai West,Madurai,South,GEN
194,CHINNAMMAL. C,DMK,74762,65.12,DMK,Madurai West,Madurai,South,GEN
194,VETRIKUMARAN. C,NTK,18224,65.12,NTK,Madurai West,Madurai,South,GEN
194,MUNIYASAMY. V,MNM,15849,65.12,MNM,Madurai West,Madurai,South,GEN
194,BALACHANDRAN. P,DMDK,3417,65.12,DMDK,Madurai West,Madurai,South,GEN
194,NAGAJOTHI. K,Tamil Nadu Ilangyar Katchi,2509,65.12,Tamil Nadu Ilangyar Katchi,Madurai West,Madurai,South,GEN
194,None Of The Above,NOTA,1774,65.12,NOTA,Madurai West,Madurai,South,GEN
194,RAMU. N,IND,368,65.12,IND,Madurai West,Madurai,South,GEN
194,KARTHIKEYAN. R,Akhil Bharat Hindu Mahasabha,318,65.12,Akhil Bharat Hindu Mahasabha,Madurai West,Madurai,South,GEN
194,VENKATESAN. M,IND,126,65.12,IND,Madurai West,Madurai,South,GEN
194,PREMKUMAR. M,IND,122,65.12,IND,Madurai West,Madurai,South,GEN
194,ARASU THIRUVALAVAN. K. K,IND,97,65.12,IND,Madurai West,Madurai,South,GEN
194,SULTHAN BADUSHA. J,Anna MGR Dravida Makkal Kalgam,79,65.12,Anna MGR Dravida Makkal Kalgam,Madurai West,Madurai,South,GEN
194,ANBUMANIKANDANTAMILSOORIYAN.K,IND,73,65.12,IND,Madurai West,Madurai,South,GEN
194,SEBASTHIYAN. B,IND,49,65.12,IND,Madurai West,Madurai,South,GEN
194,SULTHAN BASHA. K,IND,44,65.12,IND,Madurai West,Madurai,South,GEN
195,"RAJANCHELLAPPA, V.V.",AIADMK,103683,72.73,AIADMK,Thiruparankundram,Madurai,South,GEN
195,PONNUTHAI,CPI(M),74194,72.73,CPIM,Thiruparankundram,Madurai,South,GEN
195,"REVATHY, R.",NTK,22722,72.73,NTK,Thiruparankundram,Madurai,South,GEN
195,"BHARANIRAJAN, M.",MNM,16750,72.73,MNM,Thiruparankundram,Madurai,South,GEN
195,"DAVID ANNADURAI, K.",AMMK,10190,72.73,AMMK,Thiruparankundram,Madurai,South,GEN
195,None Of The Above,NOTA,2073,72.73,NOTA,Thiruparankundram,Madurai,South,GEN
195,"ARUMUGAM, V.",IND,2005,72.73,IND,Thiruparankundram,Madurai,South,GEN
195,"SAVITHA, R.",Anna MGR Dravida Makkal Kalgam,592,72.73,Anna MGR Dravida Makkal Kalgam,Thiruparankundram,Madurai,South,GEN
195,"MURUGAN, K.R.",IND,562,72.73,IND,Thiruparankundram,Madurai,South,GEN
195,"RAJAMANI, V.",Namadhu Makkal Katchi,538,72.73,Namadhu Makkal Katchi,Thiruparankundram,Madurai,South,GEN
195,"PACKIYASELVI, K.",IND,402,72.73,IND,Thiruparankundram,Madurai,South,GEN
195,"UKKRA PANDIYAN, S.",IND,302,72.73,IND,Thiruparankundram,Madurai,South,GEN
195,"PILLAI, M.M.",IND,284,72.73,IND,Thiruparankundram,Madurai,South,GEN
195,"BALAMURUGAN, R.",IND,257,72.73,IND,Thiruparankundram,Madurai,South,GEN
195,"KARUNAKARAN, M.",IND,246,72.73,IND,Thiruparankundram,Madurai,South,GEN
195,"SEKAR, S.",IND,200,72.73,IND,Thiruparankundram,Madurai,South,GEN
195,"PALANIKUMAR, M.",Ambedkar Political Party,177,72.73,Ambedkar Political Party,Thiruparankundram,Madurai,South,GEN
195,"MURUGESAN, A.",My India Party,131,72.73,My India Party,Thiruparankundram,Madurai,South,GEN
195,"ILANGOVAN, P.",IND,114,72.73,IND,Thiruparankundram,Madurai,South,GEN
195,"RADHA (A) GUNASEKARAN, M.",IND,114,72.73,IND,Thiruparankundram,Madurai,South,GEN
195,"MOHIDEEN ABDUL KADAR, M.K.",IND,98,72.73,IND,Thiruparankundram,Madurai,South,GEN
195,"MANIKANDAN, S.",IND,82,72.73,IND,Thiruparankundram,Madurai,South,GEN
195,"SANKAR THAYAL SHARMA, M.",IND,80,72.73,IND,Thiruparankundram,Madurai,South,GEN
195,"RAMACHANDRAN, K.",IND,53,72.73,IND,Thiruparankundram,Madurai,South,GEN
196,UDHAYAKUMAR R B,AIADMK,100338,78.13,AIADMK,Thirumangalam,Madurai,South,GEN
196,MANIMARAN M,DMK,86251,78.13,DMK,Thirumangalam,Madurai,South,GEN
196,ATHI NARAYANAN K,AMMK,13780,78.13,AMMK,Thirumangalam,Madurai,South,GEN
196,SARAL M,NTK,11593,78.13,NTK,Thirumangalam,Madurai,South,GEN
196,RAMKUMAR M,MNM,2775,78.13,MNM,Thirumangalam,Madurai,South,GEN
196,VEERANAN S,IND,1576,78.13,IND,Thirumangalam,Madurai,South,GEN
196,None Of The Above,NOTA,971,78.13,NOTA,Thirumangalam,Madurai,South,GEN
196,RAMANATHAN A,IND,684,78.13,IND,Thirumangalam,Madurai,South,GEN
196,MUTHUVELRAJ P,IND,503,78.13,IND,Thirumangalam,Madurai,South,GEN
196,RAMANATHAN M,IND,433,78.13,IND,Thirumangalam,Madurai,South,GEN
196,RAJANBABU P,IND,278,78.13,IND,Thirumangalam,Madurai,South,GEN
196,MUTHURAJA M,IND,190,78.13,IND,Thirumangalam,Madurai,South,GEN
196,RAMAMOORTHI R,IND,165,78.13,IND,Thirumangalam,Madurai,South,GEN
196,BALAMURUGAN N R,IND,131,78.13,IND,Thirumangalam,Madurai,South,GEN
196,ARUMUGAM K,LJP,122,78.13,LJP,Thirumangalam,Madurai,South,GEN
196,NIRMAL M,My India Party,122,78.13,My India Party,Thirumangalam,Madurai,South,GEN
196,MARIKANNAN A,National Democratic Party of South India,98,78.13,National Democratic Party of South India,Thirumangalam,Madurai,South,GEN
196,THIRALIPANDI N,IND,82,78.13,IND,Thirumangalam,Madurai,South,GEN
196,JEGADEESH KUMAR R,IND,75,78.13,IND,Thirumangalam,Madurai,South,GEN
196,ALAGARSAMY M,IND,71,78.13,IND,Thirumangalam,Madurai,South,GEN
196,VAIRASEEMAN G,IND,64,78.13,IND,Thirumangalam,Madurai,South,GEN
196,DURAIPANDI B,IND,62,78.13,IND,Thirumangalam,Madurai,South,GEN
196,KALI A,IND,45,78.13,IND,Thirumangalam,Madurai,South,GEN
196,CHANDRASEKARAN R,IND,44,78.13,IND,Thirumangalam,Madurai,South,GEN
196,VEERAMANI V,IND,42,78.13,IND,Thirumangalam,Madurai,South,GEN
197,AYYAPPAN P,AIADMK,71255,73.82,AIADMK,Usilampatti,Madurai,South,GEN
197,KATHIRAVAN P V,DMK,63778,73.82,DMK,Usilampatti,Madurai,South,GEN
197,MAHENDRAN I,AMMK,55491,73.82,AMMK,Usilampatti,Madurai,South,GEN
197,IYNDHUKOVILAN G,NTK,15357,73.82,NTK,Usilampatti,Madurai,South,GEN
197,ARUMUGAM K,IND,1247,73.82,IND,Usilampatti,Madurai,South,GEN
197,THIRUSELVAM C,Puthiya Tamilagam,1161,73.82,Puthiya Tamilagam,Usilampatti,Madurai,South,GEN
197,None Of The Above,NOTA,1032,73.82,NOTA,Usilampatti,Madurai,South,GEN
197,ARASUMAYAN M,All India Jananayaka Makkal Kazhagam,967,73.82,All India Jananayaka Makkal Kazhagam,Usilampatti,Madurai,South,GEN
197,KATHIRAVAN A,IND,528,73.82,IND,Usilampatti,Madurai,South,GEN
197,Dhanasekaran T,IND,478,73.82,IND,Usilampatti,Madurai,South,GEN
197,BHARATH V,My India Party,378,73.82,My India Party,Usilampatti,Madurai,South,GEN
197,ARUNKUMAR M,IND,362,73.82,IND,Usilampatti,Madurai,South,GEN
197,MAHENDRAN A,IND,247,73.82,IND,Usilampatti,Madurai,South,GEN
197,ALAGUMURUGESAN K,IND,158,73.82,IND,Usilampatti,Madurai,South,GEN
197,ANANTHA KUMAR N,IND,74,73.82,IND,Usilampatti,Madurai,South,GEN
198,A.MAHARAJAN,DMK,93541,74.85,DMK,Andipatti,Theni,South,GEN
198,A.LOGIRAJAN,AIADMK,85003,74.85,AIADMK,Andipatti,Theni,South,GEN
198,R.JEYAKUMAR,AMMK,11896,74.85,AMMK,Andipatti,Theni,South,GEN
198,JEYAKUMAR,NTK,11216,74.85,NTK,Andipatti,Theni,South,GEN
198,S.GUNASEKARAN,MNM,3010,74.85,MNM,Andipatti,Theni,South,GEN
198,None Of The Above,NOTA,1333,74.85,NOTA,Andipatti,Theni,South,GEN
198,C.KANIVEL,Anaithu Makkal Puratchi Katchi,650,74.85,Anaithu Makkal Puratchi Katchi,Andipatti,Theni,South,GEN
198,VELMANI,IND,572,74.85,IND,Andipatti,Theni,South,GEN
198,M.RAGHUNATHAN,IND,457,74.85,IND,Andipatti,Theni,South,GEN
198,S.KAMATCHI,BSP,392,74.85,BSP,Andipatti,Theni,South,GEN
198,P.PANDIDURAI,IND,227,74.85,IND,Andipatti,Theni,South,GEN
198,P.PANIVURAJA,IND,156,74.85,IND,Andipatti,Theni,South,GEN
198,MARIYAMMAL,IND,149,74.85,IND,Andipatti,Theni,South,GEN
198,V.JEYAKODI,IND,145,74.85,IND,Andipatti,Theni,South,GEN
198,BALAMURUGAN,National Democratic Party of South India,127,74.85,National Democratic Party of South India,Andipatti,Theni,South,GEN
198,M.EASWARAN,IND,127,74.85,IND,Andipatti,Theni,South,GEN
198,S.GOVINDHARAJ,All India MGR Makkal Munnetra Kazhagam,115,74.85,All India MGR Makkal Munnetra Kazhagam,Andipatti,Theni,South,GEN
198,A.VELUCHAMY,Anna Puratchi Thalaivar Amma Dravida Munnetra Kazhagam,115,74.85,Anna Puratchi Thalaivar Amma Dravida Munnetra Kazhagam,Andipatti,Theni,South,GEN
198,M.DIVAKAR,IND,115,74.85,IND,Andipatti,Theni,South,GEN
198,M.KUMARAN,My India Party,109,74.85,My India Party,Andipatti,Theni,South,GEN
198,K.KASENDRAN @ GAJENDRAN,IND,85,74.85,IND,Andipatti,Theni,South,GEN
199,K.S.SARAVANAKUMAAR,DMK,92251,69.94,DMK,Periyakulam,Theni,South,SC
199,M Murugan,AIADMK,70930,69.94,AIADMK,Periyakulam,Theni,South,SC
199,Dr.K.Kathirkamu,AMMK,16424,69.94,AMMK,Periyakulam,Theni,South,SC
199,Vimala,NTK,11794,69.94,NTK,Periyakulam,Theni,South,SC
199,S.PANDIYARAJAN,MNM,5680,69.94,MNM,Periyakulam,Theni,South,SC
199,None Of The Above,NOTA,2451,69.94,NOTA,Periyakulam,Theni,South,SC
199,MADHU BHARATHI,IND,628,69.94,IND,Periyakulam,Theni,South,SC
199,MURUGAN,IND,339,69.94,IND,Periyakulam,Theni,South,SC
199,S.Chinnamuthu,My India Party,301,69.94,My India Party,Periyakulam,Theni,South,SC
199,M.RAJENDRAN,IND,242,69.94,IND,Periyakulam,Theni,South,SC
199,A.Murugesan,SUCI,202,69.94,SUCI,Periyakulam,Theni,South,SC
199,"A.C.MOHAN RAJ B.P.T.,",IND,149,69.94,IND,Periyakulam,Theni,South,SC
199,M.Muneeswaran,IND,143,69.94,IND,Periyakulam,Theni,South,SC
199,P.RAMAIYA,IND,112,69.94,IND,Periyakulam,Theni,South,SC
199,M.Muniyappan,IND,94,69.94,IND,Periyakulam,Theni,South,SC
199,C.MAYAZHAKU,IND,57,69.94,IND,Periyakulam,Theni,South,SC
200,O.PANNEERSELVAM,AIADMK,100050,76.3,AIADMK,Bodinayakanur,Theni,South,GEN
200,THANGATAMILSELVAN,DMK,89029,76.3,DMK,Bodinayakanur,Theni,South,GEN
200,M.PREM CHANDAR,NTK,11114,76.3,NTK,Bodinayakanur,Theni,South,GEN
200,M.MUTHUSAMY,AMMK,5649,76.3,AMMK,Bodinayakanur,Theni,South,GEN
200,P.GANESH KUMAR,MNM,4128,76.3,MNM,Bodinayakanur,Theni,South,GEN
200,None Of The Above,NOTA,1403,76.3,NOTA,Bodinayakanur,Theni,South,GEN
200,K.I.M HAKKEEM,AITC,559,76.3,AITC,Bodinayakanur,Theni,South,GEN
200,TAMILSELVAN,IND,443,76.3,IND,Bodinayakanur,Theni,South,GEN
200,G.SENTHIL KUMAR,IND,402,76.3,IND,Bodinayakanur,Theni,South,GEN
200,N.SALEEM,IND,354,76.3,IND,Bodinayakanur,Theni,South,GEN
200,M.ANANTHARAJ,IND,270,76.3,IND,Bodinayakanur,Theni,South,GEN
200,P.KUMARAGURUBARAN,IND,219,76.3,IND,Bodinayakanur,Theni,South,GEN
200,ARUN KUMAR,My India Party,143,76.3,My India Party,Bodinayakanur,Theni,South,GEN
200,P.NAGENDHREN,IND,135,76.3,IND,Bodinayakanur,Theni,South,GEN
200,N.KRISHNAN,IND,126,76.3,IND,Bodinayakanur,Theni,South,GEN
200,P.MANIMARAN,IND,117,76.3,IND,Bodinayakanur,Theni,South,GEN
200,S.KRISHNAVENI,Anna Puratchi Thalaivar Amma Dravida Munnetra Kazhagam,100,76.3,Anna Puratchi Thalaivar Amma Dravida Munnetra Kazhagam,Bodinayakanur,Theni,South,GEN
200,C.ANBAZHAKAN,IND,94,76.3,IND,Bodinayakanur,Theni,South,GEN
200,THENI.T.KARNAN,Anna Dravidar Kazhagam,80,76.3,Anna Dravidar Kazhagam,Bodinayakanur,Theni,South,GEN
200,P.KARUPPIAH,Bahujan Dravida Party,77,76.3,Bahujan Dravida Party,Bodinayakanur,Theni,South,GEN
200,V.RAMPRAKAASH,IND,71,76.3,IND,Bodinayakanur,Theni,South,GEN
200,V.NANDHAGOPAL,IND,68,76.3,IND,Bodinayakanur,Theni,South,GEN
200,T.RAJA MOHAMED,IND,62,76.3,IND,Bodinayakanur,Theni,South,GEN
200,A.ABTHAHIR,IND,54,76.3,IND,Bodinayakanur,Theni,South,GEN
200,RAJA MOHAMED,IND,48,76.3,IND,Bodinayakanur,Theni,South,GEN
201,N.Ramakrishnan,DMK,104800,69.51,DMK,Cumbum,Theni,South,GEN
201,Syedukhan.S.P.M,AIADMK,62387,69.51,AIADMK,Cumbum,Theni,South,GEN
201,Suresh.P,AMMK,14536,69.51,AMMK,Cumbum,Theni,South,GEN
201,Anish Fathima. A,NTK,12347,69.51,NTK,Cumbum,Theni,South,GEN
201,Venkidesh.N,MNM,4647,69.51,MNM,Cumbum,Theni,South,GEN
201,None Of The Above,NOTA,1659,69.51,NOTA,Cumbum,Theni,South,GEN
201,MUTHU MUNEESWARAN.M,IND,451,69.51,IND,Cumbum,Theni,South,GEN
201,SARAVANAN.S.R,IND,321,69.51,IND,Cumbum,Theni,South,GEN
201,KATHIRAVAN.S,New Generation People’s Party,236,69.51,New Generation People’s Party,Cumbum,Theni,South,GEN
201,Prakash.P,IND,155,69.51,IND,Cumbum,Theni,South,GEN
201,Pandi Selvam.R,Anna Puratchi Thalaivar Amma Dravida Munnetra Kazhagam,151,69.51,Anna Puratchi Thalaivar Amma Dravida Munnetra Kazhagam,Cumbum,Theni,South,GEN
201,MUTHUSELVAM.G,IND,136,69.51,IND,Cumbum,Theni,South,GEN
201,RADHAKRISHNAN.K,Anaithu Makkal Puratchi Katchi,122,69.51,Anaithu Makkal Puratchi Katchi,Cumbum,Theni,South,GEN
201,Lal Bahdur Sasthri.V,My India Party,120,69.51,My India Party,Cumbum,Theni,South,GEN
201,MARIMUTHU.G,IND,106,69.51,IND,Cumbum,Theni,South,GEN
201,THAVIDHU RAJA. A,IND,101,69.51,IND,Cumbum,Theni,South,GEN
202,THANGAPANDIAN S.,DMK,74158,73.89,DMK,Rajapalayam,Virudhunagar,South,GEN
202,RAJENTHRABHALAJI K.T,AIADMK,70260,73.89,AIADMK,Rajapalayam,Virudhunagar,South,GEN
202,JEYARAJ V.,NTK,15593,73.89,NTK,Rajapalayam,Virudhunagar,South,GEN
202,KALIMUTHU K.,AMMK,7660,73.89,AMMK,Rajapalayam,Virudhunagar,South,GEN
202,VIVEKANANTHAN S.,MNM,4059,73.89,MNM,Rajapalayam,Virudhunagar,South,GEN
202,AYYAR V.K.,Puthiya Tamilagam,3388,73.89,Puthiya Tamilagam,Rajapalayam,Virudhunagar,South,GEN
202,None Of The Above,NOTA,1875,73.89,NOTA,Rajapalayam,Virudhunagar,South,GEN
202,MANIKUMAR M.,IND,548,73.89,IND,Rajapalayam,Virudhunagar,South,GEN
202,JEYAPRAKASH I.,IND,336,73.89,IND,Rajapalayam,Virudhunagar,South,GEN
202,THANGAPANDI S.,IND,264,73.89,IND,Rajapalayam,Virudhunagar,South,GEN
202,VIJAYAKUMAR E.,IND,140,73.89,IND,Rajapalayam,Virudhunagar,South,GEN
202,KALIMUTHU K.,IND,120,73.89,IND,Rajapalayam,Virudhunagar,South,GEN
202,THANGAPANDI B.,IND,112,73.89,IND,Rajapalayam,Virudhunagar,South,GEN
202,DHARMALINGAM K.,RPI(A),109,73.89,RPI(A),Rajapalayam,Virudhunagar,South,GEN
202,SELVARAJ G.,IND,86,73.89,IND,Rajapalayam,Virudhunagar,South,GEN
203,"MANRAJ, E.M.",AIADMK,70475,73.14,AIADMK,Srivilliputhur,Virudhunagar,South,SC
203,"MADHAVARAO, P.S.W.",INC,57737,73.14,INC,Srivilliputhur,Virudhunagar,South,SC
203,"SANGEETHAPRIYA, S.",AMMK,23682,73.14,AMMK,Srivilliputhur,Virudhunagar,South,SC
203,"ABINAYA, B.",NTK,20348,73.14,NTK,Srivilliputhur,Virudhunagar,South,SC
203,"SHANTHI, S.",Puthiya Tamilagam,4985,73.14,Puthiya Tamilagam,Srivilliputhur,Virudhunagar,South,SC
203,"GURUVAIYA, K.",MNM,3512,73.14,MNM,Srivilliputhur,Virudhunagar,South,SC
203,None Of The Above,NOTA,1666,73.14,NOTA,Srivilliputhur,Virudhunagar,South,SC
203,"IRULANDI, Dr. V.",Tamil Nadu Ilangyar Katchi,942,73.14,Tamil Nadu Ilangyar Katchi,Srivilliputhur,Virudhunagar,South,SC
203,"MUTHULAKSHMI,R.",IND,363,73.14,IND,Srivilliputhur,Virudhunagar,South,SC
203,"KANNAN, A.",IND,238,73.14,IND,Srivilliputhur,Virudhunagar,South,SC
203,"PANDIYARAJ, K.",Anaithu Makkal Puratchi Katchi,209,73.14,Anaithu Makkal Puratchi Katchi,Srivilliputhur,Virudhunagar,South,SC
203,"PRABHAKARAN, P.",IND,202,73.14,IND,Srivilliputhur,Virudhunagar,South,SC
203,"MAHALAKSHMI, M.",IND,191,73.14,IND,Srivilliputhur,Virudhunagar,South,SC
203,"VEERAPANDI, K.",My India Party,177,73.14,My India Party,Srivilliputhur,Virudhunagar,South,SC
203,"THAMARAISELVAM, K.",IND,164,73.14,IND,Srivilliputhur,Virudhunagar,South,SC
203,"GURUVAIYA, G.",IND,148,73.14,IND,Srivilliputhur,Virudhunagar,South,SC
204,"RAGHURAMAN,  A.R.R.",DMK,74174,75.17,DMK,Sattur,Virudhunagar,South,GEN
204,"RAVICHANDHRAN, R.K.",AIADMK,62995,75.17,AIADMK,Sattur,Virudhunagar,South,GEN
204,"RAJAVARMAN, M.S.R.",AMMK,32916,75.17,AMMK,Sattur,Virudhunagar,South,GEN
204,"PANDI, K.",NTK,12626,75.17,NTK,Sattur,Virudhunagar,South,GEN
204,"BHARATHI, M.",IJK,1751,75.17,IJK,Sattur,Virudhunagar,South,GEN
204,"MARIKANNAN, G.",Puthiya Tamilagam,1599,75.17,Puthiya Tamilagam,Sattur,Virudhunagar,South,GEN
204,None Of The Above,NOTA,1297,75.17,NOTA,Sattur,Virudhunagar,South,GEN
204,"SARAVANAKUMAR, M.",IND,635,75.17,IND,Sattur,Virudhunagar,South,GEN
204,"SUBRAMANIAN, S.",IND,551,75.17,IND,Sattur,Virudhunagar,South,GEN
204,"ANGUSAMY,  S.",Anaithu Makkal Puratchi Katchi,414,75.17,Anaithu Makkal Puratchi Katchi,Sattur,Virudhunagar,South,GEN
204,"SENTHUR PANDIAN, R.",IND,406,75.17,IND,Sattur,Virudhunagar,South,GEN
204,"CHELLAPANDIAN,  P.",IND,369,75.17,IND,Sattur,Virudhunagar,South,GEN
204,"RAGU, B.",IND,332,75.17,IND,Sattur,Virudhunagar,South,GEN
204,"RAMESH, A.",IND,210,75.17,IND,Sattur,Virudhunagar,South,GEN
204,"RAJKUMAR, R.",My India Party,188,75.17,My India Party,Sattur,Virudhunagar,South,GEN
204,"JEYAGANESH, K.",Veerath Thiyagi Viswanathadoss Thozhilalarkal Katchi,166,75.17,Veerath Thiyagi Viswanathadoss Thozhilalarkal Katchi,Sattur,Virudhunagar,South,GEN
204,"BALAMURUGAN, K.",IND,157,75.17,IND,Sattur,Virudhunagar,South,GEN
204,"SUBBURAMAN, P.",All India MGR Makkal Munnetra Kazhagam,156,75.17,All India MGR Makkal Munnetra Kazhagam,Sattur,Virudhunagar,South,GEN
204,"KARUTHAPANDIAN, S.",IND,136,75.17,IND,Sattur,Virudhunagar,South,GEN
204,"MARIAPPAN, M.",IND,124,75.17,IND,Sattur,Virudhunagar,South,GEN
204,"DHAMODHARAN,  S.",IND,119,75.17,IND,Sattur,Virudhunagar,South,GEN
204,"PALANICHAMY, P.",Bahujan Dravida Party,97,75.17,Bahujan Dravida Party,Sattur,Virudhunagar,South,GEN
204,"GURUSAMY, P.",IND,94,75.17,IND,Sattur,Virudhunagar,South,GEN
204,"BALA SUBRAMANIAN, R.",IND,62,75.17,IND,Sattur,Virudhunagar,South,GEN
204,"PRABAKARAN, J.",IND,60,75.17,IND,Sattur,Virudhunagar,South,GEN
204,"ANTHONYRAJ,  A.",IND,57,75.17,IND,Sattur,Virudhunagar,South,GEN
204,"MANOHARAN, V.",IND,51,75.17,IND,Sattur,Virudhunagar,South,GEN
204,"MAHESKUMAR, M",IND,41,75.17,IND,Sattur,Virudhunagar,South,GEN
205,Ashokan.G,INC,78947,70.16,INC,Sivakasi,Virudhunagar,South,GEN
205,Lakshmi Ganesan,AIADMK,61628,70.16,AIADMK,Sivakasi,Virudhunagar,South,GEN
205,Kanagapriya.R,NTK,20865,70.16,NTK,Sivakasi,Virudhunagar,South,GEN
205,Samikkalai.G,AMMK,9893,70.16,AMMK,Sivakasi,Virudhunagar,South,GEN
205,Mugunthan.S,MNM,6090,70.16,MNM,Sivakasi,Virudhunagar,South,GEN
205,None Of The Above,NOTA,1727,70.16,NOTA,Sivakasi,Virudhunagar,South,GEN
205,LAKSHMANAN.E,IND,1430,70.16,IND,Sivakasi,Virudhunagar,South,GEN
205,KESAVAKUMAR.D,IND,442,70.16,IND,Sivakasi,Virudhunagar,South,GEN
205,Ananthalakshmi,BSP,438,70.16,BSP,Sivakasi,Virudhunagar,South,GEN
205,KANNAN.K,Veerath Thiyagi Viswanathadoss Thozhilalarkal Katchi,426,70.16,Veerath Thiyagi Viswanathadoss Thozhilalarkal Katchi,Sivakasi,Virudhunagar,South,GEN
205,Balakrishnan.N,IND,414,70.16,IND,Sivakasi,Virudhunagar,South,GEN
205,DHARMALINGAM.M,IND,330,70.16,IND,Sivakasi,Virudhunagar,South,GEN
205,Karthik.N,IND,319,70.16,IND,Sivakasi,Virudhunagar,South,GEN
205,KARUPPASAMY.S,Anaithu Makkal Puratchi Katchi,316,70.16,Anaithu Makkal Puratchi Katchi,Sivakasi,Virudhunagar,South,GEN
205,VINOTHKUMAR.M,IND,245,70.16,IND,Sivakasi,Virudhunagar,South,GEN
205,Thangaraj.S,IND,234,70.16,IND,Sivakasi,Virudhunagar,South,GEN
205,MARIMUTHU.M,IND,221,70.16,IND,Sivakasi,Virudhunagar,South,GEN
205,KALYANASUNDARI.M,My India Party,191,70.16,My India Party,Sivakasi,Virudhunagar,South,GEN
205,GANESAN.R,IND,152,70.16,IND,Sivakasi,Virudhunagar,South,GEN
205,Anbalagan.P,IND,126,70.16,IND,Sivakasi,Virudhunagar,South,GEN
205,Pandiarajan.S,IND,114,70.16,IND,Sivakasi,Virudhunagar,South,GEN
205,MGR NAMBBI,All India MGR Makkal Munnetra Kazhagam,107,70.16,All India MGR Makkal Munnetra Kazhagam,Sivakasi,Virudhunagar,South,GEN
205,MAYILVAGANAN.G,IND,101,70.16,IND,Sivakasi,Virudhunagar,South,GEN
205,Ashokkumar.C,IND,88,70.16,IND,Sivakasi,Virudhunagar,South,GEN
205,JEEVANANTHAM.G,RPI(A),78,70.16,RPI(A),Sivakasi,Virudhunagar,South,GEN
205,JOYSMARY.T,IND,64,70.16,IND,Sivakasi,Virudhunagar,South,GEN
205,PALANICHAMY.P,Bahujan Dravida Party,61,70.16,Bahujan Dravida Party,Sivakasi,Virudhunagar,South,GEN
206,SEENIVASAN A.R.R,DMK,73297,71.27,DMK,Virudhunagar,Virudhunagar,South,GEN
206,PANDURANGAN G,BJP,51958,71.27,BJP,Virudhunagar,Virudhunagar,South,GEN
206,SELVAKUMAR V.R,NTK,14311,71.27,NTK,Virudhunagar,Virudhunagar,South,GEN
206,THANGARAJ M,AMMK,10783,71.27,AMMK,Virudhunagar,Virudhunagar,South,GEN
206,MANIMARAN N,AISMK,5054,71.27,AISMK,Virudhunagar,Virudhunagar,South,GEN
206,None Of The Above,NOTA,1570,71.27,NOTA,Virudhunagar,Virudhunagar,South,GEN
206,GUNASEKARAN G,IND,1406,71.27,IND,Virudhunagar,Virudhunagar,South,GEN
206,PUNGAN K,IND,759,71.27,IND,Virudhunagar,Virudhunagar,South,GEN
206,SUYAMBULINGAM L,Naam Indiar Party,590,71.27,Naam Indiar Party,Virudhunagar,Virudhunagar,South,GEN
206,RAMARAJ C,IND,465,71.27,IND,Virudhunagar,Virudhunagar,South,GEN
206,VELUCHAMY S,IND,328,71.27,IND,Virudhunagar,Virudhunagar,South,GEN
206,PANDURENGAN T,IND,282,71.27,IND,Virudhunagar,Virudhunagar,South,GEN
206,SHIBI B,IND,264,71.27,IND,Virudhunagar,Virudhunagar,South,GEN
206,VIKRAMAN N,Desa Makkal Munnetrak Kazhgam,200,71.27,Desa Makkal Munnetrak Kazhgam,Virudhunagar,Virudhunagar,South,GEN
206,DHAMOTHARAN R,IND,119,71.27,IND,Virudhunagar,Virudhunagar,South,GEN
206,THANGARAJ R,IND,93,71.27,IND,Virudhunagar,Virudhunagar,South,GEN
206,THANGAPANDI N,IND,89,71.27,IND,Virudhunagar,Virudhunagar,South,GEN
206,KARUPPIAH P,IND,85,71.27,IND,Virudhunagar,Virudhunagar,South,GEN
206,GURUNATHAN G,IND,64,71.27,IND,Virudhunagar,Virudhunagar,South,GEN
207,K.K.S.S.R.RAMACHANDRAN,DMK,91040,75.6,DMK,Aruppukottai,Virudhunagar,South,GEN
207,VAIGAICHELVAN,AIADMK,52006,75.6,AIADMK,Aruppukottai,Virudhunagar,South,GEN
207,UMA,NTK,12392,75.6,NTK,Aruppukottai,Virudhunagar,South,GEN
207,V.UMADEVI,MNM,7638,75.6,MNM,Aruppukottai,Virudhunagar,South,GEN
207,R.RAMESH,DMDK,2532,75.6,DMDK,Aruppukottai,Virudhunagar,South,GEN
207,None Of The Above,NOTA,1323,75.6,NOTA,Aruppukottai,Virudhunagar,South,GEN
207,K. BOOMINATHAN,IND,630,75.6,IND,Aruppukottai,Virudhunagar,South,GEN
207,M.KARUPPASAMY,Puthiya Tamilagam,478,75.6,Puthiya Tamilagam,Aruppukottai,Virudhunagar,South,GEN
207,P.PRASANTH,IND,436,75.6,IND,Aruppukottai,Virudhunagar,South,GEN
207,THANGAPANDIAN,IND,426,75.6,IND,Aruppukottai,Virudhunagar,South,GEN
207,LINGAPANDI,IND,419,75.6,IND,Aruppukottai,Virudhunagar,South,GEN
207,G.SUBBURAJ,BSP,272,75.6,BSP,Aruppukottai,Virudhunagar,South,GEN
207,V. POORNISHA,IND,219,75.6,IND,Aruppukottai,Virudhunagar,South,GEN
207,S.MANIVANNAN,IND,190,75.6,IND,Aruppukottai,Virudhunagar,South,GEN
207,S.RAMACHANDRAN,IND,189,75.6,IND,Aruppukottai,Virudhunagar,South,GEN
207,M MUTHUMARIAPPAN,IND,128,75.6,IND,Aruppukottai,Virudhunagar,South,GEN
207,Ponmuniasamy,IND,118,75.6,IND,Aruppukottai,Virudhunagar,South,GEN
207,DHANASEKARAPANDIAN,IND,76,75.6,IND,Aruppukottai,Virudhunagar,South,GEN
207,E.RAMACHANDRAN,IND,72,75.6,IND,Aruppukottai,Virudhunagar,South,GEN
207,R.RAMACHANDRAN,IND,71,75.6,IND,Aruppukottai,Virudhunagar,South,GEN
207,R.S.RAMACHANDRAN,IND,67,75.6,IND,Aruppukottai,Virudhunagar,South,GEN
207,THANGA VADIVEL.A.N,IND,62,75.6,IND,Aruppukottai,Virudhunagar,South,GEN
207,G.RAMACHANDRAN,IND,60,75.6,IND,Aruppukottai,Virudhunagar,South,GEN
207,VIJAYAKUMAR,IND,60,75.6,IND,Aruppukottai,Virudhunagar,South,GEN
207,S.DEENATHAYALAN,Anaithu Makkal Puratchi Katchi,58,75.6,Anaithu Makkal Puratchi Katchi,Aruppukottai,Virudhunagar,South,GEN
207,A.P.S.JOHNSON,My India Party,57,75.6,My India Party,Aruppukottai,Virudhunagar,South,GEN
207,G.RANJITH,IND,57,75.6,IND,Aruppukottai,Virudhunagar,South,GEN
207,S.PANDIYAN,Bahujan Dravida Party,48,75.6,Bahujan Dravida Party,Aruppukottai,Virudhunagar,South,GEN
207,T.RAMACHANDRAN,IND,39,75.6,IND,Aruppukottai,Virudhunagar,South,GEN
207,VENKATESAN,IND,38,75.6,IND,Aruppukottai,Virudhunagar,South,GEN
208,THANGAM THENARASU,DMK,102225,77.46,DMK,Tiruchuli,Virudhunagar,South,GEN
208,RAJASEKAR S,AIADMK,41233,77.46,AIADMK,Tiruchuli,Virudhunagar,South,GEN
208,ANANDHAJOTHI A,NTK,13787,77.46,NTK,Tiruchuli,Virudhunagar,South,GEN
208,SIVASAMY K K,AMMK,6441,77.46,AMMK,Tiruchuli,Virudhunagar,South,GEN
208,ARUNKUMAR V,IND,2492,77.46,IND,Tiruchuli,Virudhunagar,South,GEN
208,MURUGAN S,MNM,1356,77.46,MNM,Tiruchuli,Virudhunagar,South,GEN
208,ADAIKALAM R,IND,898,77.46,IND,Tiruchuli,Virudhunagar,South,GEN
208,None Of The Above,NOTA,740,77.46,NOTA,Tiruchuli,Virudhunagar,South,GEN
208,RAMATHILAGAM A,IND,684,77.46,IND,Tiruchuli,Virudhunagar,South,GEN
208,THIRUMURUGAN PALANISAMY K,Puthiya Tamilagam,593,77.46,Puthiya Tamilagam,Tiruchuli,Virudhunagar,South,GEN
208,MALAIALAGU M,IND,566,77.46,IND,Tiruchuli,Virudhunagar,South,GEN
208,THIRUMURUGAN G,IND,480,77.46,IND,Tiruchuli,Virudhunagar,South,GEN
208,ADVOCATE. THANGAPANDIAN M,IND,365,77.46,IND,Tiruchuli,Virudhunagar,South,GEN
208,RAJANGAM C,IND,349,77.46,IND,Tiruchuli,Virudhunagar,South,GEN
208,RAJENDRAN R,IND,137,77.46,IND,Tiruchuli,Virudhunagar,South,GEN
208,INDIRA B,IND,124,77.46,IND,Tiruchuli,Virudhunagar,South,GEN
208,HARIKRISHNAN K,IND,108,77.46,IND,Tiruchuli,Virudhunagar,South,GEN
208,MANIVASAGAM S,Bahujan Dravida Party,70,77.46,Bahujan Dravida Party,Tiruchuli,Virudhunagar,South,GEN
208,SETHURAMALINGAM S,IND,65,77.46,IND,Tiruchuli,Virudhunagar,South,GEN
208,CHENNAKESAVAN P,IND,52,77.46,IND,Tiruchuli,Virudhunagar,South,GEN
208,KALIMUTHU S,IND,46,77.46,IND,Tiruchuli,Virudhunagar,South,GEN
209,MURUGESAN S,DMK,84864,70.59,DMK,Paramakudi,Ramanathapuram,South,SC
209,SADHAN PRABHAKAR N,AIADMK,71579,70.59,AIADMK,Paramakudi,Ramanathapuram,South,SC
209,SASIKALA S,NTK,16430,70.59,NTK,Paramakudi,Ramanathapuram,South,SC
209,KARUPPU RAJA M,MNM,3488,70.59,MNM,Paramakudi,Ramanathapuram,South,SC
209,SELVI U,DMDK,2009,70.59,DMDK,Paramakudi,Ramanathapuram,South,SC
209,None Of The Above,NOTA,1258,70.59,NOTA,Paramakudi,Ramanathapuram,South,SC
209,MURUKESAN K,IND,687,70.59,IND,Paramakudi,Ramanathapuram,South,SC
209,GOVINDAN V,BSP,425,70.59,BSP,Paramakudi,Ramanathapuram,South,SC
209,RAJIV GANDHI K,IND,354,70.59,IND,Paramakudi,Ramanathapuram,South,SC
209,UDHAYAKUMAR M,IND,208,70.59,IND,Paramakudi,Ramanathapuram,South,SC
209,BALAMURUGAN S,IND,198,70.59,IND,Paramakudi,Ramanathapuram,South,SC
209,PARTHASARATHI M,My India Party,188,70.59,My India Party,Paramakudi,Ramanathapuram,South,SC
209,RAMAPANDI C,IND,186,70.59,IND,Paramakudi,Ramanathapuram,South,SC
209,RAVISANKAR V,IND,109,70.59,IND,Paramakudi,Ramanathapuram,South,SC
209,UDAYAKUMAR,IND,96,70.59,IND,Paramakudi,Ramanathapuram,South,SC
209,KUMAR S,IND,79,70.59,IND,Paramakudi,Ramanathapuram,South,SC
210,KARUMANICKAM,INC,79364,68.72,INC,Tiruvadanai,Ramanathapuram,South,GEN
210,K C ANIMUTHU,AIADMK,65512,68.72,AIADMK,Tiruvadanai,Ramanathapuram,South,GEN
210,ANANDH N,AMMK,33426,68.72,AMMK,Tiruvadanai,Ramanathapuram,South,GEN
210,JAWAHAR,NTK,16501,68.72,NTK,Tiruvadanai,Ramanathapuram,South,GEN
210,SATHYARAJ,MNM,2208,68.72,MNM,Tiruvadanai,Ramanathapuram,South,GEN
210,None Of The Above,NOTA,768,68.72,NOTA,Tiruvadanai,Ramanathapuram,South,GEN
210,ANBUBAGURUDEEN N,NCP,629,68.72,NCP,Tiruvadanai,Ramanathapuram,South,GEN
210,RAMALINGAM,BSP,610,68.72,BSP,Tiruvadanai,Ramanathapuram,South,GEN
210,PERUMAL,IND,522,68.72,IND,Tiruvadanai,Ramanathapuram,South,GEN
210,MANIKANDAN,IND,410,68.72,IND,Tiruvadanai,Ramanathapuram,South,GEN
210,ANANTHARAJ S,My India Party,399,68.72,My India Party,Tiruvadanai,Ramanathapuram,South,GEN
210,SURIYA PRAKASH,IND,385,68.72,IND,Tiruvadanai,Ramanathapuram,South,GEN
210,MANI,IND,382,68.72,IND,Tiruvadanai,Ramanathapuram,South,GEN
210,PRAVEEN,IND,274,68.72,IND,Tiruvadanai,Ramanathapuram,South,GEN
210,SIKKANDAR,IND,262,68.72,IND,Tiruvadanai,Ramanathapuram,South,GEN
210,PRADEEP,IND,163,68.72,IND,Tiruvadanai,Ramanathapuram,South,GEN
211,KATHARBATCHA MUTHURAMALINGAM,DMK,111082,68.81,DMK,Ramanathapuram,Ramanathapuram,South,GEN
211,D.KUPPURAMU,BJP,60603,68.81,BJP,Ramanathapuram,Ramanathapuram,South,GEN
211,K.ILANGO,NTK,17046,68.81,NTK,Ramanathapuram,Ramanathapuram,South,GEN
211,P.MALAICHAMY,IND,10822,68.81,IND,Ramanathapuram,Ramanathapuram,South,GEN
211,G.MUNIYASAMY,AMMK,6760,68.81,AMMK,Ramanathapuram,Ramanathapuram,South,GEN
211,K.P SARAVANAN,MNM,1985,68.81,MNM,Ramanathapuram,Ramanathapuram,South,GEN
211,E VINOTH,IND,1216,68.81,IND,Ramanathapuram,Ramanathapuram,South,GEN
211,SURYAPRAKASH,IND,1002,68.81,IND,Ramanathapuram,Ramanathapuram,South,GEN
211,None Of The Above,NOTA,753,68.81,NOTA,Ramanathapuram,Ramanathapuram,South,GEN
211,ALLAPICHAI,BSP,636,68.81,BSP,Ramanathapuram,Ramanathapuram,South,GEN
211,MISRA G,IND,495,68.81,IND,Ramanathapuram,Ramanathapuram,South,GEN
211,AMUTHAN,Namadhu Makkal Katchi,383,68.81,Namadhu Makkal Katchi,Ramanathapuram,Ramanathapuram,South,GEN
211,B VIJAYAPRAKASH,IND,343,68.81,IND,Ramanathapuram,Ramanathapuram,South,GEN
211,K.KURUNTHAPPAN,IND,246,68.81,IND,Ramanathapuram,Ramanathapuram,South,GEN
211,S.SURESH,IND,190,68.81,IND,Ramanathapuram,Ramanathapuram,South,GEN
211,V.JAYAPRAKASH,My India Party,133,68.81,My India Party,Ramanathapuram,Ramanathapuram,South,GEN
211,SALEEM,IND,128,68.81,IND,Ramanathapuram,Ramanathapuram,South,GEN
211,N MUNIYASAMI,IND,119,68.81,IND,Ramanathapuram,Ramanathapuram,South,GEN
211,R.S.WILHELM BENJAMIN ANAND,Bahujan Dravida Party,78,68.81,Bahujan Dravida Party,Ramanathapuram,Ramanathapuram,South,GEN
211,ASANALI,IND,78,68.81,IND,Ramanathapuram,Ramanathapuram,South,GEN
212,R.S.RAJAKANNAPPAN,DMK,101901,70.29,DMK,Mudukulathur,Ramanathapuram,South,GEN
212,KEERTHIKA,AIADMK,81180,70.29,AIADMK,Mudukulathur,Ramanathapuram,South,GEN
212,M.MURUGAN,AMMK,19669,70.29,AMMK,Mudukulathur,Ramanathapuram,South,GEN
212,R.RAHMADNISHA,NTK,11244,70.29,NTK,Mudukulathur,Ramanathapuram,South,GEN
212,C.NAVAPANNEERSELVAM,MNM,943,70.29,MNM,Mudukulathur,Ramanathapuram,South,GEN
212,K.SATHISH,IND,813,70.29,IND,Mudukulathur,Ramanathapuram,South,GEN
212,G.M.SENTHILMURUGAN,IND,713,70.29,IND,Mudukulathur,Ramanathapuram,South,GEN
212,A.SARAVANAKUMAR,Naam Indiar Party,614,70.29,Naam Indiar Party,Mudukulathur,Ramanathapuram,South,GEN
212,S.PRABAKARAN,IND,548,70.29,IND,Mudukulathur,Ramanathapuram,South,GEN
212,N.SIVANANDAM,BSP,535,70.29,BSP,Mudukulathur,Ramanathapuram,South,GEN
212,None Of The Above,NOTA,523,70.29,NOTA,Mudukulathur,Ramanathapuram,South,GEN
212,C.MALAISELVAM,Puthiya Tamilagam,393,70.29,Puthiya Tamilagam,Mudukulathur,Ramanathapuram,South,GEN
212,K.RAMACHANDRAN,IND,390,70.29,IND,Mudukulathur,Ramanathapuram,South,GEN
212,K.MURUGAN,IND,327,70.29,IND,Mudukulathur,Ramanathapuram,South,GEN
212,K.BOOMIRAJAN YADAV,Tamilaga Makkal Thannurimai Katchi,214,70.29,Tamilaga Makkal Thannurimai Katchi,Mudukulathur,Ramanathapuram,South,GEN
212,DEVA SITHAM.I,IND,204,70.29,IND,Mudukulathur,Ramanathapuram,South,GEN
212,S.IMMANUVEL SEKAR,IND,198,70.29,IND,Mudukulathur,Ramanathapuram,South,GEN
212,M.KARTHICK,IND,141,70.29,IND,Mudukulathur,Ramanathapuram,South,GEN
212,K.PANCHATCHARAM,My India Party,134,70.29,My India Party,Mudukulathur,Ramanathapuram,South,GEN
212,T.AZHAKUMALAI KUMARAN,IND,131,70.29,IND,Mudukulathur,Ramanathapuram,South,GEN
212,S.RAJA,People's Party of India(secular),114,70.29,People's Party of India(secular),Mudukulathur,Ramanathapuram,South,GEN
212,K.RAJAKUMAR,IND,109,70.29,IND,Mudukulathur,Ramanathapuram,South,GEN
212,P.MURUGAN,IND,93,70.29,IND,Mudukulathur,Ramanathapuram,South,GEN
212,E.MOHAN,IND,82,70.29,IND,Mudukulathur,Ramanathapuram,South,GEN
213,MARKANDAYAN V,DMK,90348,76.52,DMK,Vilathikulam,Thoothukudi,South,GEN
213,CHINNAPPAN P,AIADMK,51799,76.52,AIADMK,Vilathikulam,Thoothukudi,South,GEN
213,BALAJI R,NTK,11828,76.52,NTK,Vilathikulam,Thoothukudi,South,GEN
213,SEENI SELVI K,AMMK,6657,76.52,AMMK,Vilathikulam,Thoothukudi,South,GEN
213,WILSON X,MNM,1520,76.52,MNM,Vilathikulam,Thoothukudi,South,GEN
213,MUTHUKUMAR C,Puthiya Tamilagam,1055,76.52,Puthiya Tamilagam,Vilathikulam,Thoothukudi,South,GEN
213,None Of The Above,NOTA,1036,76.52,NOTA,Vilathikulam,Thoothukudi,South,GEN
213,KARUPPASAMY K,Naam Indiar Party,613,76.52,Naam Indiar Party,Vilathikulam,Thoothukudi,South,GEN
213,MANIKKARAJ A,BSP,487,76.52,BSP,Vilathikulam,Thoothukudi,South,GEN
213,MARIMUTHU S,South India Forward Bloc,404,76.52,South India Forward Bloc,Vilathikulam,Thoothukudi,South,GEN
213,MURUGANANTHAM M,IND,348,76.52,IND,Vilathikulam,Thoothukudi,South,GEN
213,CHELLADURAI S,IND,312,76.52,IND,Vilathikulam,Thoothukudi,South,GEN
213,ARUMUGAM S,IND,272,76.52,IND,Vilathikulam,Thoothukudi,South,GEN
213,ARUMUGAPERUMAL K,IND,268,76.52,IND,Vilathikulam,Thoothukudi,South,GEN
213,GANDHI M,Bahujan Dravida Party,121,76.52,Bahujan Dravida Party,Vilathikulam,Thoothukudi,South,GEN
213,RAJAMANI P,IND,101,76.52,IND,Vilathikulam,Thoothukudi,South,GEN
214,P.Geetha Jeevan,DMK,92314,65.07,DMK,Thoothukkudi,Thoothukudi,South,GEN
214,SDR Vijayaseelan,AIADMK,42004,65.07,AIADMK,Thoothukkudi,Thoothukudi,South,GEN
214,V.Velraj,NTK,30937,65.07,NTK,Thoothukkudi,Thoothukudi,South,GEN
214,N.Sundar,MNM,10534,65.07,MNM,Thoothukkudi,Thoothukudi,South,GEN
214,U.Chandran,DMDK,4040,65.07,DMDK,Thoothukkudi,Thoothukudi,South,GEN
214,J.Sivaneswaran,IND,2866,65.07,IND,Thoothukkudi,Thoothukudi,South,GEN
214,None Of The Above,NOTA,1569,65.07,NOTA,Thoothukkudi,Thoothukudi,South,GEN
214,S.V.Rajasekar,United States of India Party,915,65.07,United States of India Party,Thoothukkudi,Thoothukudi,South,GEN
214,L.Maria Deva Sahaya Johny,IND,446,65.07,IND,Thoothukkudi,Thoothukudi,South,GEN
214,A.Ashok Kumar,BSP,436,65.07,BSP,Thoothukkudi,Thoothukudi,South,GEN
214,A.Rajavel,IND,282,65.07,IND,Thoothukkudi,Thoothukudi,South,GEN
214,G.Selvavinayagam,Veerath Thiyagi Viswanathadoss Thozhilalarkal Katchi,269,65.07,Veerath Thiyagi Viswanathadoss Thozhilalarkal Katchi,Thoothukkudi,Thoothukudi,South,GEN
214,S.Krishnan,IND,182,65.07,IND,Thoothukkudi,Thoothukudi,South,GEN
214,J.Alldrin Airmarshal Thayaram,IND,167,65.07,IND,Thoothukkudi,Thoothukudi,South,GEN
214,A.Jeyalalitha,IND,163,65.07,IND,Thoothukkudi,Thoothukudi,South,GEN
214,S.Subash,RPI(A),161,65.07,RPI(A),Thoothukkudi,Thoothukudi,South,GEN
214,J.Arun Nehruraj,IND,142,65.07,IND,Thoothukkudi,Thoothukudi,South,GEN
214,J.samuvel,IND,138,65.07,IND,Thoothukkudi,Thoothukudi,South,GEN
214,N.Balasubramanian,Anna Puratchi Thalaivar Amma Dravida Munnetra Kazhagam,127,65.07,Anna Puratchi Thalaivar Amma Dravida Munnetra Kazhagam,Thoothukkudi,Thoothukudi,South,GEN
214,K.Subramani,SHS,124,65.07,SHS,Thoothukkudi,Thoothukudi,South,GEN
214,C.Ganesh Ayyadurai,IND,116,65.07,IND,Thoothukkudi,Thoothukudi,South,GEN
214,Mannar Maharajan,Bahujan Dravida Party,93,65.07,Bahujan Dravida Party,Thoothukkudi,Thoothukudi,South,GEN
214,Ramagunaseelan,IND,88,65.07,IND,Thoothukkudi,Thoothukudi,South,GEN
214,S.Balasundram,IND,87,65.07,IND,Thoothukkudi,Thoothukudi,South,GEN
214,G.Selvam,IND,75,65.07,IND,Thoothukkudi,Thoothukudi,South,GEN
214,M.Lingaraja,IND,70,65.07,IND,Thoothukkudi,Thoothukudi,South,GEN
214,A.Mohamed Imran Arabi,IND,62,65.07,IND,Thoothukkudi,Thoothukudi,South,GEN
215,Anitha R. Radhakrishnan,DMK,88274,70.04,DMK,Tiruchendur,Thoothukudi,South,GEN
215,Radhakrishnan M,AIADMK,63011,70.04,AIADMK,Tiruchendur,Thoothukudi,South,GEN
215,Gloriyan S,NTK,15063,70.04,NTK,Tiruchendur,Thoothukudi,South,GEN
215,Vadamalaipandian S,AMMK,3766,70.04,AMMK,Tiruchendur,Thoothukudi,South,GEN
215,Jayanthi M,MNM,1965,70.04,MNM,Tiruchendur,Thoothukudi,South,GEN
215,None Of The Above,NOTA,1051,70.04,NOTA,Tiruchendur,Thoothukudi,South,GEN
215,Rooswelt X,Naam Indiar Party,239,70.04,Naam Indiar Party,Tiruchendur,Thoothukudi,South,GEN
215,Baskar C,IND,196,70.04,IND,Tiruchendur,Thoothukudi,South,GEN
215,Pon Rathna Selvan S,IND,196,70.04,IND,Tiruchendur,Thoothukudi,South,GEN
215,Senthilkumar S,IND,177,70.04,IND,Tiruchendur,Thoothukudi,South,GEN
215,Shaik Abdul Kader P.S.J,IND,136,70.04,IND,Tiruchendur,Thoothukudi,South,GEN
215,Kennady Babu K,Veerath Thiyagi Viswanathadoss Thozhilalarkal Katchi,129,70.04,Veerath Thiyagi Viswanathadoss Thozhilalarkal Katchi,Tiruchendur,Thoothukudi,South,GEN
215,Arumugam S,IND,108,70.04,IND,Tiruchendur,Thoothukudi,South,GEN
215,Kalyanasundaram R,IND,92,70.04,IND,Tiruchendur,Thoothukudi,South,GEN
215,Perumal K,IND,73,70.04,IND,Tiruchendur,Thoothukudi,South,GEN
215,Essakki Muthu,IND,60,70.04,IND,Tiruchendur,Thoothukudi,South,GEN
216,Amirtharaj .S,INC,76843,72.34,INC,Srivaikuntam,Thoothukudi,South,GEN
216,S.P.SHUNMUGANATHAN,AIADMK,59471,72.34,AIADMK,Srivaikuntam,Thoothukudi,South,GEN
216,P.Subbiah Pandian,NTK,12706,72.34,NTK,Srivaikuntam,Thoothukudi,South,GEN
216,ERAL S. RAMESH,AMMK,10203,72.34,AMMK,Srivaikuntam,Thoothukudi,South,GEN
216,R.Chandra Sekar,MNM,1355,72.34,MNM,Srivaikuntam,Thoothukudi,South,GEN
216,None Of The Above,NOTA,756,72.34,NOTA,Srivaikuntam,Thoothukudi,South,GEN
216,Durai Singh J,IND,494,72.34,IND,Srivaikuntam,Thoothukudi,South,GEN
216,Arun B,Puthiya Tamilagam,444,72.34,Puthiya Tamilagam,Srivaikuntam,Thoothukudi,South,GEN
216,Esakki Raja K,IND,341,72.34,IND,Srivaikuntam,Thoothukudi,South,GEN
216,Sethuramalingam S,IND,312,72.34,IND,Srivaikuntam,Thoothukudi,South,GEN
216,Ponnudurai I,IND,297,72.34,IND,Srivaikuntam,Thoothukudi,South,GEN
216,SURESH PERUMAL S,Naam Indiar Party,233,72.34,Naam Indiar Party,Srivaikuntam,Thoothukudi,South,GEN
216,Sudalaimuthu Perumal,IND,140,72.34,IND,Srivaikuntam,Thoothukudi,South,GEN
216,Joseph Leon,IND,131,72.34,IND,Srivaikuntam,Thoothukudi,South,GEN
216,Sankara Subramanian M,IND,129,72.34,IND,Srivaikuntam,Thoothukudi,South,GEN
216,Jegan,Anna Dravidar Kazhagam,106,72.34,Anna Dravidar Kazhagam,Srivaikuntam,Thoothukudi,South,GEN
216,Kirushnavel R,IND,103,72.34,IND,Srivaikuntam,Thoothukudi,South,GEN
216,Arulmathi Yesuvadiyal,Aanaithinthiya Jananayaka Pathukappu Kazhagam,96,72.34,Aanaithinthiya Jananayaka Pathukappu Kazhagam,Srivaikuntam,Thoothukudi,South,GEN
216,SARAVANAN G,IND,80,72.34,IND,Srivaikuntam,Thoothukudi,South,GEN
216,Malaiandi R,IND,56,72.34,IND,Srivaikuntam,Thoothukudi,South,GEN
216,ALLWIN DURAISINGH P,IND,52,72.34,IND,Srivaikuntam,Thoothukudi,South,GEN
216,VINSTON ANTO S,IND,38,72.34,IND,Srivaikuntam,Thoothukudi,South,GEN
217,SHUNMUGAIAH C,DMK,73110,69.82,DMK,Ottapidaram,Thoothukudi,South,SC
217,MOHAN P,AIADMK,64600,69.82,AIADMK,Ottapidaram,Thoothukudi,South,SC
217,VAIKUNDAMARI M,NTK,22413,69.82,NTK,Ottapidaram,Thoothukudi,South,SC
217,Dr.K.KRISHNASAMY,Puthiya Tamilagam,6544,69.82,Puthiya Tamilagam,Ottapidaram,Thoothukudi,South,SC
217,ARUMUGANAINAR S,DMDK,5327,69.82,DMDK,Ottapidaram,Thoothukudi,South,SC
217,ARUNADEVI R,IJK,1913,69.82,IJK,Ottapidaram,Thoothukudi,South,SC
217,None Of The Above,NOTA,1568,69.82,NOTA,Ottapidaram,Thoothukudi,South,SC
217,MURUGAN P,Naam Indiar Party,520,69.82,Naam Indiar Party,Ottapidaram,Thoothukudi,South,SC
217,SAMUTHIRAM P,IND,399,69.82,IND,Ottapidaram,Thoothukudi,South,SC
217,M.A.DHARMAR,IND,320,69.82,IND,Ottapidaram,Thoothukudi,South,SC
217,RAJ V,IND,316,69.82,IND,Ottapidaram,Thoothukudi,South,SC
217,MAHARAJAN A,Bahujan Dravida Party,157,69.82,Bahujan Dravida Party,Ottapidaram,Thoothukudi,South,SC
217,ELAMBIRAI MANIMARAN P,IND,152,69.82,IND,Ottapidaram,Thoothukudi,South,SC
217,SASI MURUGAN C,IND,133,69.82,IND,Ottapidaram,Thoothukudi,South,SC
217,GUNASEKARAN,IND,100,69.82,IND,Ottapidaram,Thoothukudi,South,SC
217,VELMURUGAN,IND,98,69.82,IND,Ottapidaram,Thoothukudi,South,SC
217,KARUPPARAJA,IND,86,69.82,IND,Ottapidaram,Thoothukudi,South,SC
217,GANESHKUMAR M,IND,84,69.82,IND,Ottapidaram,Thoothukudi,South,SC
218,KADAMBUR RAJU,AIADMK,68556,67.43,AIADMK,Kovilpatti,Thoothukudi,South,GEN
218,TTV DHINAKARAN,AMMK,56153,67.43,AMMK,Kovilpatti,Thoothukudi,South,GEN
218,K.Srinivasan,CPI(M),37380,67.43,CPIM,Kovilpatti,Thoothukudi,South,GEN
218,M.Gomathi,NTK,9213,67.43,NTK,Kovilpatti,Thoothukudi,South,GEN
218,K.Kathiravan,MNM,3667,67.43,MNM,Kovilpatti,Thoothukudi,South,GEN
218,None Of The Above,NOTA,1124,67.43,NOTA,Kovilpatti,Thoothukudi,South,GEN
218,Athikaran @ Athikumar,IND,644,67.43,IND,Kovilpatti,Thoothukudi,South,GEN
218,Rameshkannan,IND,498,67.43,IND,Kovilpatti,Thoothukudi,South,GEN
218,Subash,IND,443,67.43,IND,Kovilpatti,Thoothukudi,South,GEN
218,Sivasubramanian,IND,420,67.43,IND,Kovilpatti,Thoothukudi,South,GEN
218,P.Gunasekaran,IND,412,67.43,IND,Kovilpatti,Thoothukudi,South,GEN
218,A.Kaliraj,IND,315,67.43,IND,Kovilpatti,Thoothukudi,South,GEN
218,K.Shanmugasundaram,Bahujan Dravida Party,246,67.43,Bahujan Dravida Party,Kovilpatti,Thoothukudi,South,GEN
218,M.G.R.Nambbi,All India MGR Makkal Munnetra Kazhagam,244,67.43,All India MGR Makkal Munnetra Kazhagam,Kovilpatti,Thoothukudi,South,GEN
218,J.Ravisankar Jayachanthiran,IND,205,67.43,IND,Kovilpatti,Thoothukudi,South,GEN
218,Ramachandiran.R,BSP,203,67.43,BSP,Kovilpatti,Thoothukudi,South,GEN
218,S.Udaiyar,Naam Indiar Party,175,67.43,Naam Indiar Party,Kovilpatti,Thoothukudi,South,GEN
218,A.PattuRani,IND,136,67.43,IND,Kovilpatti,Thoothukudi,South,GEN
218,M.Marimuthu,IND,133,67.43,IND,Kovilpatti,Thoothukudi,South,GEN
218,Kannan,IND,121,67.43,IND,Kovilpatti,Thoothukudi,South,GEN
218,M.Ponnusamy,IND,120,67.43,IND,Kovilpatti,Thoothukudi,South,GEN
218,Manthirasudamani,IND,104,67.43,IND,Kovilpatti,Thoothukudi,South,GEN
218,RAJKUMAR POLIAH,Universal Brotherhood Movement,99,67.43,Universal Brotherhood Movement,Kovilpatti,Thoothukudi,South,GEN
218,Renganayagalu,IND,90,67.43,IND,Kovilpatti,Thoothukudi,South,GEN
218,K.Pandimuneeswari,IND,81,67.43,IND,Kovilpatti,Thoothukudi,South,GEN
218,Raja,IND,80,67.43,IND,Kovilpatti,Thoothukudi,South,GEN
218,P.Ramasamy,IND,66,67.43,IND,Kovilpatti,Thoothukudi,South,GEN
219,RAJA E,DMK,71347,71.48,DMK,Sankarankovil,Tirunelveli,South,SC
219,RAJALAKSHMI V M,AIADMK,66050,71.48,AIADMK,Sankarankovil,Tirunelveli,South,SC
219,ANNADURAI R,AMMK,22682,71.48,AMMK,Sankarankovil,Tirunelveli,South,SC
219,MAHENDRAKUMARI P,NTK,13851,71.48,NTK,Sankarankovil,Tirunelveli,South,SC
219,PRABHU K,MNM,2338,71.48,MNM,Sankarankovil,Tirunelveli,South,SC
219,None Of The Above,NOTA,1957,71.48,NOTA,Sankarankovil,Tirunelveli,South,SC
219,SUBRAMANIAM V,Puthiya Tamilagam,1941,71.48,Puthiya Tamilagam,Sankarankovil,Tirunelveli,South,SC
219,VALLIAMMAL M,IND,890,71.48,IND,Sankarankovil,Tirunelveli,South,SC
219,VETRIMARAN A,IND,620,71.48,IND,Sankarankovil,Tirunelveli,South,SC
219,KARUTHAPANDIYAN R,IND,408,71.48,IND,Sankarankovil,Tirunelveli,South,SC
219,MUTHUKKUTTI S,IND,389,71.48,IND,Sankarankovil,Tirunelveli,South,SC
219,GURURAJ P,IND,303,71.48,IND,Sankarankovil,Tirunelveli,South,SC
219,PANEERSELVAM U,Tamizhaga Murpokku Makkal Katchi,187,71.48,Tamizhaga Murpokku Makkal Katchi,Sankarankovil,Tirunelveli,South,SC
219,MATHANKUMAR K,My India Party,171,71.48,My India Party,Sankarankovil,Tirunelveli,South,SC
219,GANESAN A,IND,107,71.48,IND,Sankarankovil,Tirunelveli,South,SC
219,BALAMURUGESAN M,Bahujan Dravida Party,97,71.48,Bahujan Dravida Party,Sankarankovil,Tirunelveli,South,SC
220,"SADHAN THIRUMALAIKUMAR, DOCTOR.T",DMK,68730,71.87,DMK,Vasudevanallur,Tirunelveli,South,SC
220,MANOHARAN A,AIADMK,66363,71.87,AIADMK,Vasudevanallur,Tirunelveli,South,SC
220,MATHIVANAN S S,NTK,16731,71.87,NTK,Vasudevanallur,Tirunelveli,South,SC
220,THANGARAJ S,AMMK,13376,71.87,AMMK,Vasudevanallur,Tirunelveli,South,SC
220,PETCHIAMMAL V,Puthiya Tamilagam,3651,71.87,Puthiya Tamilagam,Vasudevanallur,Tirunelveli,South,SC
220,None Of The Above,NOTA,2171,71.87,NOTA,Vasudevanallur,Tirunelveli,South,SC
220,CHINNASAMY M,MNM,2139,71.87,MNM,Vasudevanallur,Tirunelveli,South,SC
220,ESWARAN M,New Generation People’s Party,795,71.87,New Generation People’s Party,Vasudevanallur,Tirunelveli,South,SC
220,RAMAMOORTHY P,IND,716,71.87,IND,Vasudevanallur,Tirunelveli,South,SC
220,JAYAKUMAR P L A,Tamil Nadu Ilangyar Katchi,544,71.87,Tamil Nadu Ilangyar Katchi,Vasudevanallur,Tirunelveli,South,SC
220,KARUPPASAMY K,My India Party,342,71.87,My India Party,Vasudevanallur,Tirunelveli,South,SC
220,MUTHUPANDI G,IND,323,71.87,IND,Vasudevanallur,Tirunelveli,South,SC
221,C.KRISHNAMURALI,AIADMK,88474,70.35,AIADMK,Kadayanallur,Tirunelveli,South,GEN
221,K.A.M.MUHAMMED ABUBACKER,IUML,64125,70.35,IUML,Kadayanallur,Tirunelveli,South,GEN
221,S.AYYADURAIPANDIAN,AMMK,34216,70.35,AMMK,Kadayanallur,Tirunelveli,South,GEN
221,M.MUTHULAKSHMI,NTK,10136,70.35,NTK,Kadayanallur,Tirunelveli,South,GEN
221,M.AMBIKADEVI,MNM,1778,70.35,MNM,Kadayanallur,Tirunelveli,South,GEN
221,None Of The Above,NOTA,1056,70.35,NOTA,Kadayanallur,Tirunelveli,South,GEN
221,S.SEENIVASAN,IND,938,70.35,IND,Kadayanallur,Tirunelveli,South,GEN
221,SIVASUBRAMANIYAN R,IND,672,70.35,IND,Kadayanallur,Tirunelveli,South,GEN
221,VELAMMAL,IND,672,70.35,IND,Kadayanallur,Tirunelveli,South,GEN
221,POOLOGARAJ R,IND,658,70.35,IND,Kadayanallur,Tirunelveli,South,GEN
221,S.MURUGANANTHAM,IND,532,70.35,IND,Kadayanallur,Tirunelveli,South,GEN
221,A.SANKAR,IND,413,70.35,IND,Kadayanallur,Tirunelveli,South,GEN
221,S.RAJA RAM,New Generation People’s Party,318,70.35,New Generation People’s Party,Kadayanallur,Tirunelveli,South,GEN
221,M.AYYADURAI,IND,284,70.35,IND,Kadayanallur,Tirunelveli,South,GEN
221,RAJA PONNUSAMY,IND,259,70.35,IND,Kadayanallur,Tirunelveli,South,GEN
221,P.RAJI,IND,247,70.35,IND,Kadayanallur,Tirunelveli,South,GEN
221,R.KRISHNAN,IND,126,70.35,IND,Kadayanallur,Tirunelveli,South,GEN
221,A.GANESAN,IND,122,70.35,IND,Kadayanallur,Tirunelveli,South,GEN
221,MARIDURAIPANDIAN,IND,96,70.35,IND,Kadayanallur,Tirunelveli,South,GEN
221,AYYADURAI  R,IND,87,70.35,IND,Kadayanallur,Tirunelveli,South,GEN
221,K.RADHA KRISHNAN,IND,85,70.35,IND,Kadayanallur,Tirunelveli,South,GEN
221,AVANI RAJA.T,IND,80,70.35,IND,Kadayanallur,Tirunelveli,South,GEN
222,PALANI NADAR.S,INC,89315,72.4,INC,Tenkasi,Tirunelveli,South,GEN
222,SELVA MOHANDAS PANDIAN.S,AIADMK,88945,72.4,AIADMK,Tenkasi,Tirunelveli,South,GEN
222,VINCENTRAJ.R,NTK,15336,72.4,NTK,Tenkasi,Tirunelveli,South,GEN
222,MOHAMED.S,AMMK,9944,72.4,AMMK,Tenkasi,Tirunelveli,South,GEN
222,THIRUMALAIMUTHU.R,MNM,2188,72.4,MNM,Tenkasi,Tirunelveli,South,GEN
222,MADASAMY.A,IND,1978,72.4,IND,Tenkasi,Tirunelveli,South,GEN
222,None Of The Above,NOTA,1159,72.4,NOTA,Tenkasi,Tirunelveli,South,GEN
222,CHANDRASEGAR.S,Puthiya Tamilagam,878,72.4,Puthiya Tamilagam,Tenkasi,Tirunelveli,South,GEN
222,UDHAYAKUMAR.K.M,Anna Dravidar Kazhagam,690,72.4,Anna Dravidar Kazhagam,Tenkasi,Tirunelveli,South,GEN
222,RAMESH.R,IND,684,72.4,IND,Tenkasi,Tirunelveli,South,GEN
222,PALANIMURUGAN.P,IND,628,72.4,IND,Tenkasi,Tirunelveli,South,GEN
222,REEGANKUMAR. M,IND,495,72.4,IND,Tenkasi,Tirunelveli,South,GEN
222,AROKKIYA PRABHU.J,IND,428,72.4,IND,Tenkasi,Tirunelveli,South,GEN
222,JEGANATHAN.M,Anaithu Makkal Puratchi Katchi,416,72.4,Anaithu Makkal Puratchi Katchi,Tenkasi,Tirunelveli,South,GEN
222,SELVAKUMAR.R,Naam Indiar Party,319,72.4,Naam Indiar Party,Tenkasi,Tirunelveli,South,GEN
222,DOCTOR. KARUPPASAMY.S,IND,216,72.4,IND,Tenkasi,Tirunelveli,South,GEN
222,MUGUNDHAN.K,My India Party,195,72.4,My India Party,Tenkasi,Tirunelveli,South,GEN
222,PALANIKUMAR.A,IND,175,72.4,IND,Tenkasi,Tirunelveli,South,GEN
222,SURESHKUMAR.S,Anna Puratchi Thalaivar Amma Dravida Munnetra Kazhagam,119,72.4,Anna Puratchi Thalaivar Amma Dravida Munnetra Kazhagam,Tenkasi,Tirunelveli,South,GEN
223,PAUL MANOJ PANDIAN,AIADMK,74153,77.4,AIADMK,Alangulam,Tirunelveli,South,GEN
223,DR.POONGOTHAI ALADI ARUNA,DMK,70614,77.4,DMK,Alangulam,Tirunelveli,South,GEN
223,HARI NADAR.A,IND,37727,77.4,IND,Alangulam,Tirunelveli,South,GEN
223,M.SANGEETHA ESAK,NTK,12519,77.4,NTK,Alangulam,Tirunelveli,South,GEN
223,RAJENDRANATHAN,DMDK,2816,77.4,DMDK,Alangulam,Tirunelveli,South,GEN
223,None Of The Above,NOTA,1786,77.4,NOTA,Alangulam,Tirunelveli,South,GEN
223,S.SELVAKUMAR,MNM,1454,77.4,MNM,Alangulam,Tirunelveli,South,GEN
223,A.UDHAYAKUMAR,Puthiya Tamilagam,1105,77.4,Puthiya Tamilagam,Alangulam,Tirunelveli,South,GEN
223,ARUNKUMAR.K,IND,492,77.4,IND,Alangulam,Tirunelveli,South,GEN
223,K.SIVARAM,IND,436,77.4,IND,Alangulam,Tirunelveli,South,GEN
223,S.SANKAR GANESH YADAV,IND,376,77.4,IND,Alangulam,Tirunelveli,South,GEN
224,Nainar Nagenthran,BJP,92282,66.91,BJP,Tirunelveli,Tirunelveli,South,GEN
224,"Lakshmanan,A.L.S.",DMK,69175,66.91,DMK,Tirunelveli,Tirunelveli,South,GEN
224,"Sathya,B.",NTK,19162,66.91,NTK,Tirunelveli,Tirunelveli,South,GEN
224,"Mahesh Kannan,A.P.",AMMK,8911,66.91,AMMK,Tirunelveli,Tirunelveli,South,GEN
224,None Of The Above,NOTA,2091,66.91,NOTA,Tirunelveli,Tirunelveli,South,GEN
224,"Sivakumar,M.",IND,1412,66.91,IND,Tirunelveli,Tirunelveli,South,GEN
224,Srithar Rajan,IND,1342,66.91,IND,Tirunelveli,Tirunelveli,South,GEN
224,Kalanithy,BSP,654,66.91,BSP,Tirunelveli,Tirunelveli,South,GEN
224,"Sankarasubramanian,M.",IND,582,66.91,IND,Tirunelveli,Tirunelveli,South,GEN
224,"Esakkimuthu,P.",IND,437,66.91,IND,Tirunelveli,Tirunelveli,South,GEN
224,"Sundarraj,M.",CPI(ML)(L),415,66.91,CPI(ML)(L),Tirunelveli,Tirunelveli,South,GEN
224,"Murugan,V.",IND,342,66.91,IND,Tirunelveli,Tirunelveli,South,GEN
224,"Raghavan,C.M.",IND,319,66.91,IND,Tirunelveli,Tirunelveli,South,GEN
224,Sankar @ Sankaranarayanan,IND,264,66.91,IND,Tirunelveli,Tirunelveli,South,GEN
224,"Murugan,R.",IND,199,66.91,IND,Tirunelveli,Tirunelveli,South,GEN
225,E.SUBAYA,AIADMK,85211,72.03,AIADMK,Ambasamudram,Tirunelveli,South,GEN
225,R.AVUDAIAPPAN,DMK,68296,72.03,DMK,Ambasamudram,Tirunelveli,South,GEN
225,SHENBAGA VALLI,NTK,13735,72.03,NTK,Ambasamudram,Tirunelveli,South,GEN
225,C.RANI RANJITHAM,AMMK,4194,72.03,AMMK,Ambasamudram,Tirunelveli,South,GEN
225,C.GANESAN,MNM,2807,72.03,MNM,Ambasamudram,Tirunelveli,South,GEN
225,None Of The Above,NOTA,1673,72.03,NOTA,Ambasamudram,Tirunelveli,South,GEN
225,MANIMARAN,BSP,509,72.03,BSP,Ambasamudram,Tirunelveli,South,GEN
225,J.RAJESH DHARMASINGH PANDIAN,IND,390,72.03,IND,Ambasamudram,Tirunelveli,South,GEN
225,M.GAVASKAR,IND,315,72.03,IND,Ambasamudram,Tirunelveli,South,GEN
225,S. LAKSHMANAN,Veerath Thiyagi Viswanathadoss Thozhilalarkal Katchi,178,72.03,Veerath Thiyagi Viswanathadoss Thozhilalarkal Katchi,Ambasamudram,Tirunelveli,South,GEN
225,S.GANESAN,IND,166,72.03,IND,Ambasamudram,Tirunelveli,South,GEN
225,ARUNACHALAM,IND,119,72.03,IND,Ambasamudram,Tirunelveli,South,GEN
225,ABDUL MAJEETH,IND,88,72.03,IND,Ambasamudram,Tirunelveli,South,GEN
226,ABDUL WAHAB .M,DMK,89117,57.76,DMK,Palayamcottai,Tirunelveli,South,GEN
226,GERALD .G,AIADMK,36976,57.76,AIADMK,Palayamcottai,Tirunelveli,South,GEN
226,MOHAMED MUBARAK .V.M.S.,SDPI,12241,57.76,SDPI,Palayamcottai,Tirunelveli,South,GEN
226,FATHIMA .A,NTK,11665,57.76,NTK,Palayamcottai,Tirunelveli,South,GEN
226,PREMNATH. D,MNM,8107,57.76,MNM,Palayamcottai,Tirunelveli,South,GEN
226,None Of The Above,NOTA,1647,57.76,NOTA,Palayamcottai,Tirunelveli,South,GEN
226,SADAGOPAN .K,IND,395,57.76,IND,Palayamcottai,Tirunelveli,South,GEN
226,RAJA .S,Veerath Thiyagi Viswanathadoss Thozhilalarkal Katchi,298,57.76,Veerath Thiyagi Viswanathadoss Thozhilalarkal Katchi,Palayamcottai,Tirunelveli,South,GEN
226,VEERASUBRAMANIYAN .S,Aanaithinthiya Jananayaka Pathukappu Kazhagam,231,57.76,Aanaithinthiya Jananayaka Pathukappu Kazhagam,Palayamcottai,Tirunelveli,South,GEN
226,JOHN SAMUVEL JESUPATHAM .D,IND,212,57.76,IND,Palayamcottai,Tirunelveli,South,GEN
226,LEO INFANT RAJ .M,IND,202,57.76,IND,Palayamcottai,Tirunelveli,South,GEN
227,RUBY R MANOHARAN,INC,75902,68.59,INC,Nanguneri,Tirunelveli,South,GEN
227,GANESARAJA,AIADMK,59416,68.59,AIADMK,Nanguneri,Tirunelveli,South,GEN
227,PARAMASIVA IYYAPPAN,AMMK,31870,68.59,AMMK,Nanguneri,Tirunelveli,South,GEN
227,VEERAPANDI,NTK,17654,68.59,NTK,Nanguneri,Tirunelveli,South,GEN
227,None Of The Above,NOTA,1537,68.59,NOTA,Nanguneri,Tirunelveli,South,GEN
227,KATHIRAVAN,IND,1154,68.59,IND,Nanguneri,Tirunelveli,South,GEN
227,GNANA BALAJI,IND,813,68.59,IND,Nanguneri,Tirunelveli,South,GEN
227,SUBBULAKSHMI,BSP,700,68.59,BSP,Nanguneri,Tirunelveli,South,GEN
227,ASHOK KUMAR,IND,625,68.59,IND,Nanguneri,Tirunelveli,South,GEN
227,KANDHAN,Anaithu Ulaga Tamilargal Munnetra Kalagam,497,68.59,Anaithu Ulaga Tamilargal Munnetra Kalagam,Nanguneri,Tirunelveli,South,GEN
227,LENIN,IND,454,68.59,IND,Nanguneri,Tirunelveli,South,GEN
227,SHUNMUGA SUNDARAM,Naam Indiar Party,441,68.59,Naam Indiar Party,Nanguneri,Tirunelveli,South,GEN
227,MUTHURAJ,IND,436,68.59,IND,Nanguneri,Tirunelveli,South,GEN
227,KANDASAMY,IND,432,68.59,IND,Nanguneri,Tirunelveli,South,GEN
227,PRABAKARAN,Veerath Thiyagi Viswanathadoss Thozhilalarkal Katchi,430,68.59,Veerath Thiyagi Viswanathadoss Thozhilalarkal Katchi,Nanguneri,Tirunelveli,South,GEN
227,MUTHUDURAI,IND,161,68.59,IND,Nanguneri,Tirunelveli,South,GEN
228,M.Appavu,DMK,82331,68.08,DMK,Radhapuram,Tirunelveli,South,GEN
228,I.S.Inbadurai,AIADMK,76406,68.08,AIADMK,Radhapuram,Tirunelveli,South,GEN
228,R.Jesu Dhasan,NTK,19371,68.08,NTK,Radhapuram,Tirunelveli,South,GEN
228,K.Jeyabalan,DMDK,2432,68.08,DMDK,Radhapuram,Tirunelveli,South,GEN
228,G.Deva Peran,IND,1224,68.08,IND,Radhapuram,Tirunelveli,South,GEN
228,None Of The Above,NOTA,903,68.08,NOTA,Radhapuram,Tirunelveli,South,GEN
228,K.Subburaj,IND,518,68.08,IND,Radhapuram,Tirunelveli,South,GEN
228,R.Sudalaimani,IND,470,68.08,IND,Radhapuram,Tirunelveli,South,GEN
228,E.Esakkiammal,BSP,464,68.08,BSP,Radhapuram,Tirunelveli,South,GEN
228,T.Sermadurai,IND,456,68.08,IND,Radhapuram,Tirunelveli,South,GEN
228,J.Jesu Rajendran,Naam Indiar Party,329,68.08,Naam Indiar Party,Radhapuram,Tirunelveli,South,GEN
228,A.Kumar,IND,318,68.08,IND,Radhapuram,Tirunelveli,South,GEN
228,T.Muthu Selvi,IND,310,68.08,IND,Radhapuram,Tirunelveli,South,GEN
228,M.Chandran,Veerath Thiyagi Viswanathadoss Thozhilalarkal Katchi,295,68.08,Veerath Thiyagi Viswanathadoss Thozhilalarkal Katchi,Radhapuram,Tirunelveli,South,GEN
228,N.Godfrey Washington Noble,Aanaithinthiya Jananayaka Pathukappu Kazhagam,235,68.08,Aanaithinthiya Jananayaka Pathukappu Kazhagam,Radhapuram,Tirunelveli,South,GEN
228,T.Venus Veera Arasu,IND,224,68.08,IND,Radhapuram,Tirunelveli,South,GEN
228,N.Kannan,IND,193,68.08,IND,Radhapuram,Tirunelveli,South,GEN
228,M.Vijayakumar,IND,143,68.08,IND,Radhapuram,Tirunelveli,South,GEN
228,D.Arunraj,IND,139,68.08,IND,Radhapuram,Tirunelveli,South,GEN
228,M.Saswathan,IND,117,68.08,IND,Radhapuram,Tirunelveli,South,GEN
228,M.Antony Rossary,IND,98,68.08,IND,Radhapuram,Tirunelveli,South,GEN
228,D.Sheik Syed Ali,IND,95,68.08,IND,Radhapuram,Tirunelveli,South,GEN
228,S.Abinanth Ram,IND,69,68.08,IND,Radhapuram,Tirunelveli,South,GEN
228,S.Katteri Perumal,IND,59,68.08,IND,Radhapuram,Tirunelveli,South,GEN
228,T.Rethina Pandi,IND,59,68.08,IND,Radhapuram,Tirunelveli,South,GEN
228,S.Manikandan,IND,52,68.08,IND,Radhapuram,Tirunelveli,South,GEN
229,THALAVAI SUNDARAM N.,AIADMK,109745,75.19,AIADMK,Kanniyakumari,Kanniyakumari,South,GEN
229,AUSTIN S.,DMK,93532,75.19,DMK,Kanniyakumari,Kanniyakumari,South,GEN
229,SASIKALA  R.,NTK,14140,75.19,NTK,Kanniyakumari,Kanniyakumari,South,GEN
229,SELVAKUMAR  P.T.,MNM,3106,75.19,MNM,Kanniyakumari,Kanniyakumari,South,GEN
229,SENTHIL MURUGAN  P.,AMMK,1589,75.19,AMMK,Kanniyakumari,Kanniyakumari,South,GEN
229,None Of The Above,NOTA,1096,75.19,NOTA,Kanniyakumari,Kanniyakumari,South,GEN
229,SUTHARMAN C.J.,BSP,681,75.19,BSP,Kanniyakumari,Kanniyakumari,South,GEN
229,AUGUSTIN A.,IND,446,75.19,IND,Kanniyakumari,Kanniyakumari,South,GEN
229,MANICKAVASAGAM PILLAI NA.,IND,142,75.19,IND,Kanniyakumari,Kanniyakumari,South,GEN
229,MAKESH N.,IND,119,75.19,IND,Kanniyakumari,Kanniyakumari,South,GEN
229,THANU NEELAN S.,IND,95,75.19,IND,Kanniyakumari,Kanniyakumari,South,GEN
229,SUBASH S.,IND,78,75.19,IND,Kanniyakumari,Kanniyakumari,South,GEN
229,CHELLIAH PILLAI I.,IND,55,75.19,IND,Kanniyakumari,Kanniyakumari,South,GEN
229,SUNDARA NATHAN Y.,IND,50,75.19,IND,Kanniyakumari,Kanniyakumari,South,GEN
230,Gandhi M.R.,BJP,88804,67.06,BJP,Nagercoil,Kanniyakumari,South,GEN
230,Suresh Rajan N.,DMK,77135,67.06,DMK,Nagercoil,Kanniyakumari,South,GEN
230,Vijayaragavan,NTK,10753,67.06,NTK,Nagercoil,Kanniyakumari,South,GEN
230,Maria Jacob Stani Raja S.,MNM,4037,67.06,MNM,Nagercoil,Kanniyakumari,South,GEN
230,Ammu Anto I.,AMMK,1094,67.06,AMMK,Nagercoil,Kanniyakumari,South,GEN
230,None Of The Above,NOTA,930,67.06,NOTA,Nagercoil,Kanniyakumari,South,GEN
230,Sunil Kumar S.,Anaithu Makkal Puratchi Katchi,315,67.06,Anaithu Makkal Puratchi Katchi,Nagercoil,Kanniyakumari,South,GEN
230,Bala Sivanesan J.,IND,242,67.06,IND,Nagercoil,Kanniyakumari,South,GEN
230,Gandhi Raj C.,IND,183,67.06,IND,Nagercoil,Kanniyakumari,South,GEN
230,Usha P.,IND,134,67.06,IND,Nagercoil,Kanniyakumari,South,GEN
230,Rathinam A.T.,IND,134,67.06,IND,Nagercoil,Kanniyakumari,South,GEN
230,Kannan M.,IND,103,67.06,IND,Nagercoil,Kanniyakumari,South,GEN
230,Pravin Raj P.,IND,97,67.06,IND,Nagercoil,Kanniyakumari,South,GEN
230,Mahizhchi P.,IND,81,67.06,IND,Nagercoil,Kanniyakumari,South,GEN
230,Gandhi L.,IND,73,67.06,IND,Nagercoil,Kanniyakumari,South,GEN
230,Satheesh Kumar D.,Anaithu Makkal Arasiyal Katchi,70,67.06,Anaithu Makkal Arasiyal Katchi,Nagercoil,Kanniyakumari,South,GEN
231,Prince J.G.,INC,90681,67.27,INC,Colachel,Kanniyakumari,South,GEN
231,Ramesh P.,BJP,65849,67.27,BJP,Colachel,Kanniyakumari,South,GEN
231,Antony Aslin J.,NTK,18202,67.27,NTK,Colachel,Kanniyakumari,South,GEN
231,Lathis Mary S.,MNM,2127,67.27,MNM,Colachel,Kanniyakumari,South,GEN
231,Sivakumar M.,DMDK,1332,67.27,DMDK,Colachel,Kanniyakumari,South,GEN
231,Anthony Muthu S.M.,CPI(ML)(L),1218,67.27,CPI(ML)(L),Colachel,Kanniyakumari,South,GEN
231,Krishna Kumar A.,Anaithu Makkal Puratchi Katchi,1145,67.27,Anaithu Makkal Puratchi Katchi,Colachel,Kanniyakumari,South,GEN
231,None Of The Above,NOTA,878,67.27,NOTA,Colachel,Kanniyakumari,South,GEN
231,Anish K.M.,BSP,831,67.27,BSP,Colachel,Kanniyakumari,South,GEN
231,Vijayakumar R.,IND,272,67.27,IND,Colachel,Kanniyakumari,South,GEN
231,Marystella R.,IND,201,67.27,IND,Colachel,Kanniyakumari,South,GEN
231,"Mohammed Ali, Professor, S.",IND,130,67.27,IND,Colachel,Kanniyakumari,South,GEN
231,Raja C.,SHS,103,67.27,SHS,Colachel,Kanniyakumari,South,GEN
232,"Mano Thangaraj, T.",DMK,87744,70.08,DMK,Padmanabhapuram,Kanniyakumari,South,GEN
232,"John Thankam, D.",AIADMK,60859,70.08,AIADMK,Padmanabhapuram,Kanniyakumari,South,GEN
232,Seelan,NTK,13899,70.08,NTK,Padmanabhapuram,Kanniyakumari,South,GEN
232,"Jenkins, D.",AMMK,3234,70.08,AMMK,Padmanabhapuram,Kanniyakumari,South,GEN
232,"Latha, P.",BSP,1272,70.08,BSP,Padmanabhapuram,Kanniyakumari,South,GEN
232,None Of The Above,NOTA,1036,70.08,NOTA,Padmanabhapuram,Kanniyakumari,South,GEN
232,"Jeyaraj, M.",MNM,981,70.08,MNM,Padmanabhapuram,Kanniyakumari,South,GEN
232,"SyedAli, A.",IND,324,70.08,IND,Padmanabhapuram,Kanniyakumari,South,GEN
232,"Glory Selvi, T.",IND,271,70.08,IND,Padmanabhapuram,Kanniyakumari,South,GEN
232,"Mathan, F.",IND,177,70.08,IND,Padmanabhapuram,Kanniyakumari,South,GEN
232,"Robert Singh, I.",IND,175,70.08,IND,Padmanabhapuram,Kanniyakumari,South,GEN
232,"Nagarajan, M.",IND,129,70.08,IND,Padmanabhapuram,Kanniyakumari,South,GEN
232,"Anchalose, Y.",IND,55,70.08,IND,Padmanabhapuram,Kanniyakumari,South,GEN
233,VIJAYADHARANI S,INC,87473,66.83,INC,Vilavancode,Kanniyakumari,South,GEN
233,JAYASEELAN R,BJP,58804,66.83,BJP,Vilavancode,Kanniyakumari,South,GEN
233,MARY ADLIN,NTK,12292,66.83,NTK,Vilavancode,Kanniyakumari,South,GEN
233,SAMUEL GEORGE KALAI ARASAR,IND,3541,66.83,IND,Vilavancode,Kanniyakumari,South,GEN
233,IDEN SONI L,DMDK,2447,66.83,DMDK,Vilavancode,Kanniyakumari,South,GEN
233,None Of The Above,NOTA,782,66.83,NOTA,Vilavancode,Kanniyakumari,South,GEN
233,RAJAKUMAR R,MNM,637,66.83,MNM,Vilavancode,Kanniyakumari,South,GEN
233,AMOSE S,IND,436,66.83,IND,Vilavancode,Kanniyakumari,South,GEN
233,VIJAYAKUMAR P,IND,294,66.83,IND,Vilavancode,Kanniyakumari,South,GEN
233,VASANTHEESWARAN E,Ulaga Makkal Katchi,235,66.83,Ulaga Makkal Katchi,Vilavancode,Kanniyakumari,South,GEN
233,MOHAN KUMAR M,IND,198,66.83,IND,Vilavancode,Kanniyakumari,South,GEN
233,SATHEESH S,IND,185,66.83,IND,Vilavancode,Kanniyakumari,South,GEN
233,WILSON G,SHS,161,66.83,SHS,Vilavancode,Kanniyakumari,South,GEN
233,RAJA MURRUGAN K H,IND,150,66.83,IND,Vilavancode,Kanniyakumari,South,GEN
233,MARIASELVAN Y,IND,122,66.83,IND,Vilavancode,Kanniyakumari,South,GEN
233,RAJESH KUMAR S,National Democratic Party of South India,79,66.83,National Democratic Party of South India,Vilavancode,Kanniyakumari,South,GEN
234,RAJESH KUMAR  S,INC,101541,65.87,INC,Killiyoor,Kanniyakumari,South,GEN
234,JUDE DEV   K.V,AIADMK,46141,65.87,AIADMK,Killiyoor,Kanniyakumari,South,GEN
234,PETER H,NTK,14517,65.87,NTK,Killiyoor,Kanniyakumari,South,GEN
234,SIVAKUMAR  V,BSP,1596,65.87,BSP,Killiyoor,Kanniyakumari,South,GEN
234,JAYARAJ E,Tamil Nadu Ilangyar Katchi,1443,65.87,Tamil Nadu Ilangyar Katchi,Killiyoor,Kanniyakumari,South,GEN
234,ANTONY  A,AISMK,1214,65.87,AISMK,Killiyoor,Kanniyakumari,South,GEN
234,SEEMA  A,AMMK,1102,65.87,AMMK,Killiyoor,Kanniyakumari,South,GEN
234,None Of The Above,NOTA,754,65.87,NOTA,Killiyoor,Kanniyakumari,South,GEN
234,SIVAN RAJ  K,IND,323,65.87,IND,Killiyoor,Kanniyakumari,South,GEN
234,RAMESH RAJA KUMAR C,IND,278,65.87,IND,Killiyoor,Kanniyakumari,South,GEN
234,JOHN BENADICT G,IND,235,65.87,IND,Killiyoor,Kanniyakumari,South,GEN
234,ANCHALOSE R,IND,213,65.87,IND,Killiyoor,Kanniyakumari,South,GEN
234,SHAJU SINGH M R,IND,213,65.87,IND,Killiyoor,Kanniyakumari,South,GEN
234,VIJIKUMAR K,National Democratic Party of South India,186,65.87,National Democratic Party of South India,Killiyoor,Kanniyakumari,South,GEN
234,THANKAPPAN C,Tamilnadu Mahatma Gandhi Makkal Katchi,162,65.87,Tamilnadu Mahatma Gandhi Makkal Katchi,Killiyoor,Kanniyakumari,South,GEN
